/miniconda3/lib/python3.12/site-packages/requests/__init__.py:113: RequestsDependencyWarning: urllib3 (2.5.0) or chardet (6.0.0.post1)/charset_normalizer (3.4.4) doesn't match a supported version!
  warnings.warn(
/data/venvs/llada/lib/python3.12/site-packages/transformers/utils/hub.py:110: FutureWarning: Using `TRANSFORMERS_CACHE` is deprecated and will be removed in v5 of Transformers. Use `HF_HOME` instead.
  warnings.warn(
`torch_dtype` is deprecated! Use `dtype` instead!
Loading checkpoint shards:   0%|          | 0/6 [00:00<?, ?it/s]Loading checkpoint shards: 100%|██████████| 6/6 [00:00<00:00, 244.74it/s]
{"task": "winogrande", "id": "593", "gold": "A", "pred": "B", "correct": false, "route": "32", "forward_calls": 33}
{"task": "winogrande", "id": "171", "gold": "A", "pred": "A", "correct": true, "route": "32", "forward_calls": 33}
{"task": "winogrande", "id": "34", "gold": "B", "pred": "B", "correct": true, "route": "32", "forward_calls": 33}
{"task": "winogrande", "id": "1212", "gold": "B", "pred": "B", "correct": true, "route": "32", "forward_calls": 33}
{"task": "winogrande", "id": "628", "gold": "A", "pred": "B", "correct": false, "route": "8", "forward_calls": 9}
{"task": "winogrande", "id": "867", "gold": "A", "pred": "A", "correct": true, "route": "32", "forward_calls": 33}
{"task": "winogrande", "id": "776", "gold": "A", "pred": "A", "correct": true, "route": "8", "forward_calls": 9}
{"task": "winogrande", "id": "1085", "gold": "A", "pred": "B", "correct": false, "route": "32", "forward_calls": 33}
{"task": "winogrande", "id": "733", "gold": "A", "pred": "A", "correct": true, "route": "8", "forward_calls": 9}
{"task": "winogrande", "id": "266", "gold": "B", "pred": "B", "correct": true, "route": "32", "forward_calls": 33}
{"task": "winogrande", "id": "393", "gold": "B", "pred": "B", "correct": true, "route": "32", "forward_calls": 33}
{"task": "winogrande", "id": "547", "gold": "A", "pred": "A", "correct": true, "route": "32", "forward_calls": 33}
{"task": "winogrande", "id": "910", "gold": "A", "pred": "B", "correct": false, "route": "8", "forward_calls": 9}
{"task": "winogrande", "id": "28", "gold": "A", "pred": "A", "correct": true, "route": "8", "forward_calls": 9}
{"task": "winogrande", "id": "452", "gold": "A", "pred": "A", "correct": true, "route": "8", "forward_calls": 9}
{"task": "winogrande", "id": "931", "gold": "B", "pred": "A", "correct": false, "route": "32", "forward_calls": 33}
{"task": "winogrande", "id": "50", "gold": "A", "pred": "A", "correct": true, "route": "32", "forward_calls": 33}
{"task": "winogrande", "id": "216", "gold": "A", "pred": "A", "correct": true, "route": "32", "forward_calls": 33}
{"task": "winogrande", "id": "175", "gold": "B", "pred": "B", "correct": true, "route": "8", "forward_calls": 9}
{"task": "winogrande", "id": "1020", "gold": "B", "pred": "B", "correct": true, "route": "32", "forward_calls": 33}
{"task": "winogrande", "id": "862", "gold": "A", "pred": "A", "correct": true, "route": "32", "forward_calls": 33}
{"task": "winogrande", "id": "40", "gold": "A", "pred": "A", "correct": true, "route": "8", "forward_calls": 9}
{"task": "winogrande", "id": "1049", "gold": "A", "pred": "B", "correct": false, "route": "8", "forward_calls": 9}
{"task": "winogrande", "id": "883", "gold": "B", "pred": "B", "correct": true, "route": "32", "forward_calls": 33}
{"task": "winogrande", "id": "735", "gold": "B", "pred": "B", "correct": true, "route": "32", "forward_calls": 33}
{"task": "winogrande", "id": "117", "gold": "B", "pred": "B", "correct": true, "route": "8", "forward_calls": 9}
{"task": "winogrande", "id": "421", "gold": "B", "pred": "A", "correct": false, "route": "8", "forward_calls": 9}
{"task": "winogrande", "id": "72", "gold": "A", "pred": "A", "correct": true, "route": "32", "forward_calls": 33}
{"task": "winogrande", "id": "1206", "gold": "A", "pred": "A", "correct": true, "route": "8", "forward_calls": 9}
{"task": "winogrande", "id": "755", "gold": "A", "pred": "A", "correct": true, "route": "8", "forward_calls": 9}
{"task": "winogrande", "id": "352", "gold": "B", "pred": "B", "correct": true, "route": "32", "forward_calls": 33}
{"task": "winogrande", "id": "442", "gold": "B", "pred": "A", "correct": false, "route": "32", "forward_calls": 33}
{"task": "winogrande", "id": "742", "gold": "A", "pred": "B", "correct": false, "route": "8", "forward_calls": 9}
{"task": "winogrande", "id": "1158", "gold": "B", "pred": "B", "correct": true, "route": "32", "forward_calls": 33}
{"task": "winogrande", "id": "1237", "gold": "B", "pred": "B", "correct": true, "route": "8", "forward_calls": 9}
{"task": "winogrande", "id": "1171", "gold": "B", "pred": "B", "correct": true, "route": "8", "forward_calls": 9}
{"task": "winogrande", "id": "576", "gold": "A", "pred": "A", "correct": true, "route": "8", "forward_calls": 9}
{"task": "winogrande", "id": "643", "gold": "A", "pred": "B", "correct": false, "route": "8", "forward_calls": 9}
{"task": "winogrande", "id": "1173", "gold": "B", "pred": "B", "correct": true, "route": "8", "forward_calls": 9}
{"task": "winogrande", "id": "1248", "gold": "A", "pred": "B", "correct": false, "route": "32", "forward_calls": 33}
{"task": "winogrande", "id": "970", "gold": "A", "pred": "A", "correct": true, "route": "32", "forward_calls": 33}
{"task": "winogrande", "id": "363", "gold": "A", "pred": "A", "correct": true, "route": "32", "forward_calls": 33}
{"task": "winogrande", "id": "989", "gold": "A", "pred": "A", "correct": true, "route": "32", "forward_calls": 33}
{"task": "winogrande", "id": "1209", "gold": "B", "pred": "B", "correct": true, "route": "8", "forward_calls": 9}
{"task": "winogrande", "id": "916", "gold": "A", "pred": "A", "correct": true, "route": "8", "forward_calls": 9}
{"task": "winogrande", "id": "335", "gold": "A", "pred": "A", "correct": true, "route": "8", "forward_calls": 9}
{"task": "winogrande", "id": "372", "gold": "B", "pred": "B", "correct": true, "route": "8", "forward_calls": 9}
{"task": "winogrande", "id": "365", "gold": "B", "pred": "B", "correct": true, "route": "8", "forward_calls": 9}
{"task": "winogrande", "id": "1092", "gold": "B", "pred": "A", "correct": false, "route": "32", "forward_calls": 33}
{"task": "winogrande", "id": "662", "gold": "A", "pred": "B", "correct": false, "route": "32", "forward_calls": 33}
{"task": "winogrande", "id": "1065", "gold": "B", "pred": "B", "correct": true, "route": "8", "forward_calls": 9}
{"task": "winogrande", "id": "400", "gold": "B", "pred": "B", "correct": true, "route": "32", "forward_calls": 33}
{"task": "winogrande", "id": "1192", "gold": "B", "pred": "B", "correct": true, "route": "8", "forward_calls": 9}
{"task": "winogrande", "id": "234", "gold": "B", "pred": "B", "correct": true, "route": "8", "forward_calls": 9}
{"task": "winogrande", "id": "168", "gold": "B", "pred": "B", "correct": true, "route": "8", "forward_calls": 9}
{"task": "winogrande", "id": "201", "gold": "B", "pred": "B", "correct": true, "route": "8", "forward_calls": 9}
{"task": "winogrande", "id": "872", "gold": "A", "pred": "B", "correct": false, "route": "32", "forward_calls": 33}
{"task": "winogrande", "id": "79", "gold": "A", "pred": "A", "correct": true, "route": "32", "forward_calls": 33}
{"task": "winogrande", "id": "1163", "gold": "A", "pred": "B", "correct": false, "route": "32", "forward_calls": 33}
{"task": "winogrande", "id": "564", "gold": "A", "pred": "B", "correct": false, "route": "8", "forward_calls": 9}
{"task": "winogrande", "id": "1228", "gold": "A", "pred": "A", "correct": true, "route": "8", "forward_calls": 9}
{"task": "winogrande", "id": "574", "gold": "A", "pred": "B", "correct": false, "route": "32", "forward_calls": 33}
{"task": "winogrande", "id": "677", "gold": "A", "pred": "A", "correct": true, "route": "32", "forward_calls": 33}
{"task": "winogrande", "id": "223", "gold": "A", "pred": "A", "correct": true, "route": "8", "forward_calls": 9}
{"task": "winogrande", "id": "757", "gold": "B", "pred": "A", "correct": false, "route": "32", "forward_calls": 33}
{"task": "winogrande", "id": "590", "gold": "B", "pred": "B", "correct": true, "route": "8", "forward_calls": 9}
{"task": "winogrande", "id": "1110", "gold": "A", "pred": "A", "correct": true, "route": "8", "forward_calls": 9}
{"task": "winogrande", "id": "624", "gold": "A", "pred": "A", "correct": true, "route": "32", "forward_calls": 33}
{"task": "winogrande", "id": "1251", "gold": "B", "pred": "A", "correct": false, "route": "32", "forward_calls": 33}
{"task": "winogrande", "id": "1124", "gold": "A", "pred": "B", "correct": false, "route": "8", "forward_calls": 9}
{"task": "winogrande", "id": "447", "gold": "B", "pred": "B", "correct": true, "route": "32", "forward_calls": 33}
{"task": "winogrande", "id": "529", "gold": "B", "pred": "B", "correct": true, "route": "8->32", "forward_calls": 41}
{"task": "winogrande", "id": "306", "gold": "A", "pred": "A", "correct": true, "route": "32", "forward_calls": 33}
{"task": "winogrande", "id": "219", "gold": "B", "pred": "B", "correct": true, "route": "32", "forward_calls": 33}
{"task": "winogrande", "id": "244", "gold": "A", "pred": "B", "correct": false, "route": "32", "forward_calls": 33}
{"task": "winogrande", "id": "1009", "gold": "B", "pred": "B", "correct": true, "route": "32", "forward_calls": 33}
{"task": "winogrande", "id": "487", "gold": "B", "pred": "B", "correct": true, "route": "32", "forward_calls": 33}
{"task": "winogrande", "id": "672", "gold": "A", "pred": "A", "correct": true, "route": "8", "forward_calls": 9}
{"task": "winogrande", "id": "1117", "gold": "A", "pred": "B", "correct": false, "route": "8", "forward_calls": 9}
{"task": "winogrande", "id": "291", "gold": "A", "pred": "A", "correct": true, "route": "8", "forward_calls": 9}
{"task": "winogrande", "id": "205", "gold": "B", "pred": "A", "correct": false, "route": "8", "forward_calls": 9}
{"task": "winogrande", "id": "784", "gold": "A", "pred": "A", "correct": true, "route": "8", "forward_calls": 9}
{"task": "winogrande", "id": "342", "gold": "A", "pred": "A", "correct": true, "route": "8", "forward_calls": 9}
{"task": "winogrande", "id": "920", "gold": "A", "pred": "A", "correct": true, "route": "8", "forward_calls": 9}
{"task": "winogrande", "id": "69", "gold": "A", "pred": "A", "correct": true, "route": "8", "forward_calls": 9}
{"task": "winogrande", "id": "114", "gold": "B", "pred": "B", "correct": true, "route": "8", "forward_calls": 9}
{"task": "winogrande", "id": "852", "gold": "A", "pred": "A", "correct": true, "route": "8", "forward_calls": 9}
{"task": "winogrande", "id": "805", "gold": "A", "pred": "A", "correct": true, "route": "8", "forward_calls": 9}
{"task": "winogrande", "id": "47", "gold": "B", "pred": "B", "correct": true, "route": "8", "forward_calls": 9}
{"task": "winogrande", "id": "332", "gold": "B", "pred": "A", "correct": false, "route": "32", "forward_calls": 33}
{"task": "winogrande", "id": "462", "gold": "B", "pred": "B", "correct": true, "route": "8", "forward_calls": 9}
{"task": "winogrande", "id": "26", "gold": "A", "pred": "B", "correct": false, "route": "32", "forward_calls": 33}
{"task": "winogrande", "id": "455", "gold": "B", "pred": "A", "correct": false, "route": "32", "forward_calls": 33}
{"task": "winogrande", "id": "116", "gold": "B", "pred": "B", "correct": true, "route": "8", "forward_calls": 9}
{"task": "winogrande", "id": "1103", "gold": "A", "pred": "A", "correct": true, "route": "32", "forward_calls": 33}
{"task": "winogrande", "id": "911", "gold": "B", "pred": "B", "correct": true, "route": "8", "forward_calls": 9}
{"task": "winogrande", "id": "190", "gold": "A", "pred": "A", "correct": true, "route": "32", "forward_calls": 33}
{"task": "winogrande", "id": "708", "gold": "A", "pred": "A", "correct": true, "route": "32", "forward_calls": 33}
{"task": "winogrande", "id": "32", "gold": "B", "pred": "B", "correct": true, "route": "8", "forward_calls": 9}
{"task": "winogrande", "id": "772", "gold": "A", "pred": "A", "correct": true, "route": "32", "forward_calls": 33}
{"task": "winogrande", "id": "1004", "gold": "A", "pred": "B", "correct": false, "route": "8", "forward_calls": 9}
{"task": "winogrande", "id": "395", "gold": "B", "pred": "B", "correct": true, "route": "8", "forward_calls": 9}
{"task": "winogrande", "id": "75", "gold": "B", "pred": "B", "correct": true, "route": "32", "forward_calls": 33}
{"task": "winogrande", "id": "155", "gold": "B", "pred": "B", "correct": true, "route": "8", "forward_calls": 9}
{"task": "winogrande", "id": "541", "gold": "B", "pred": "B", "correct": true, "route": "32", "forward_calls": 33}
{"task": "winogrande", "id": "954", "gold": "A", "pred": "B", "correct": false, "route": "8", "forward_calls": 9}
{"task": "winogrande", "id": "1122", "gold": "A", "pred": "A", "correct": true, "route": "8", "forward_calls": 9}
{"task": "winogrande", "id": "402", "gold": "A", "pred": "A", "correct": true, "route": "32", "forward_calls": 33}
{"task": "winogrande", "id": "940", "gold": "B", "pred": "B", "correct": true, "route": "8", "forward_calls": 9}
{"task": "winogrande", "id": "605", "gold": "A", "pred": "A", "correct": true, "route": "8", "forward_calls": 9}
{"task": "winogrande", "id": "1235", "gold": "B", "pred": "A", "correct": false, "route": "32", "forward_calls": 33}
{"task": "winogrande", "id": "187", "gold": "B", "pred": "B", "correct": true, "route": "8", "forward_calls": 9}
{"task": "winogrande", "id": "211", "gold": "B", "pred": "A", "correct": false, "route": "32", "forward_calls": 33}
{"task": "winogrande", "id": "1139", "gold": "B", "pred": "B", "correct": true, "route": "8", "forward_calls": 9}
{"task": "winogrande", "id": "1083", "gold": "A", "pred": "A", "correct": true, "route": "8", "forward_calls": 9}
{"task": "winogrande", "id": "347", "gold": "B", "pred": "B", "correct": true, "route": "8", "forward_calls": 9}
{"task": "winogrande", "id": "1113", "gold": "B", "pred": "B", "correct": true, "route": "32", "forward_calls": 33}
{"task": "winogrande", "id": "1142", "gold": "A", "pred": "A", "correct": true, "route": "8", "forward_calls": 9}
{"task": "winogrande", "id": "488", "gold": "A", "pred": "A", "correct": true, "route": "32", "forward_calls": 33}
{"task": "winogrande", "id": "518", "gold": "A", "pred": "A", "correct": true, "route": "8", "forward_calls": 9}
{"task": "winogrande", "id": "204", "gold": "B", "pred": "B", "correct": true, "route": "8", "forward_calls": 9}
{"task": "winogrande", "id": "863", "gold": "A", "pred": "A", "correct": true, "route": "32", "forward_calls": 33}
{"task": "winogrande", "id": "337", "gold": "A", "pred": "B", "correct": false, "route": "32", "forward_calls": 33}
{"task": "winogrande", "id": "24", "gold": "B", "pred": "B", "correct": true, "route": "8", "forward_calls": 9}
{"task": "winogrande", "id": "1254", "gold": "B", "pred": "B", "correct": true, "route": "8", "forward_calls": 9}
{"task": "winogrande", "id": "702", "gold": "A", "pred": "A", "correct": true, "route": "8", "forward_calls": 9}
{"task": "winogrande", "id": "848", "gold": "A", "pred": "A", "correct": true, "route": "32", "forward_calls": 33}
{"task": "winogrande", "id": "338", "gold": "A", "pred": "A", "correct": true, "route": "32", "forward_calls": 33}
{"task": "winogrande", "id": "845", "gold": "B", "pred": "B", "correct": true, "route": "8", "forward_calls": 9}
{"task": "winogrande", "id": "142", "gold": "B", "pred": "B", "correct": true, "route": "8", "forward_calls": 9}
{"task": "winogrande", "id": "1148", "gold": "B", "pred": "B", "correct": true, "route": "8", "forward_calls": 9}
{"task": "winogrande", "id": "1188", "gold": "A", "pred": "A", "correct": true, "route": "8", "forward_calls": 9}
{"task": "winogrande", "id": "604", "gold": "B", "pred": "A", "correct": false, "route": "8", "forward_calls": 9}
{"task": "winogrande", "id": "870", "gold": "B", "pred": "B", "correct": true, "route": "32", "forward_calls": 33}
{"task": "winogrande", "id": "838", "gold": "B", "pred": "B", "correct": true, "route": "32", "forward_calls": 33}
{"task": "winogrande", "id": "612", "gold": "B", "pred": "B", "correct": true, "route": "8", "forward_calls": 9}
{"task": "winogrande", "id": "1126", "gold": "B", "pred": "B", "correct": true, "route": "8", "forward_calls": 9}
{"task": "winogrande", "id": "105", "gold": "A", "pred": "A", "correct": true, "route": "8", "forward_calls": 9}
{"task": "winogrande", "id": "583", "gold": "A", "pred": "A", "correct": true, "route": "32", "forward_calls": 33}
{"task": "winogrande", "id": "222", "gold": "A", "pred": "A", "correct": true, "route": "32", "forward_calls": 33}
{"task": "winogrande", "id": "51", "gold": "B", "pred": "A", "correct": false, "route": "32", "forward_calls": 33}
{"task": "winogrande", "id": "285", "gold": "A", "pred": "A", "correct": true, "route": "32", "forward_calls": 33}
{"task": "winogrande", "id": "680", "gold": "A", "pred": "A", "correct": true, "route": "8", "forward_calls": 9}
{"task": "winogrande", "id": "881", "gold": "A", "pred": "B", "correct": false, "route": "32", "forward_calls": 33}
{"task": "winogrande", "id": "508", "gold": "A", "pred": "B", "correct": false, "route": "8", "forward_calls": 9}
{"task": "winogrande", "id": "1153", "gold": "A", "pred": "A", "correct": true, "route": "32", "forward_calls": 33}
{"task": "winogrande", "id": "160", "gold": "B", "pred": "B", "correct": true, "route": "8", "forward_calls": 9}
{"task": "winogrande", "id": "691", "gold": "B", "pred": "B", "correct": true, "route": "8", "forward_calls": 9}
{"task": "winogrande", "id": "1109", "gold": "A", "pred": "B", "correct": false, "route": "8", "forward_calls": 9}
{"task": "winogrande", "id": "232", "gold": "B", "pred": "B", "correct": true, "route": "32", "forward_calls": 33}
{"task": "winogrande", "id": "481", "gold": "B", "pred": "B", "correct": true, "route": "8", "forward_calls": 9}
{"task": "winogrande", "id": "964", "gold": "B", "pred": "B", "correct": true, "route": "8", "forward_calls": 9}
{"task": "winogrande", "id": "1183", "gold": "B", "pred": "B", "correct": true, "route": "32", "forward_calls": 33}
{"task": "winogrande", "id": "557", "gold": "A", "pred": "A", "correct": true, "route": "8", "forward_calls": 9}
{"task": "winogrande", "id": "8", "gold": "B", "pred": "B", "correct": true, "route": "8", "forward_calls": 9}
{"task": "winogrande", "id": "692", "gold": "A", "pred": "A", "correct": true, "route": "8", "forward_calls": 9}
{"task": "winogrande", "id": "1167", "gold": "A", "pred": "A", "correct": true, "route": "8", "forward_calls": 9}
{"task": "winogrande", "id": "48", "gold": "B", "pred": "B", "correct": true, "route": "8", "forward_calls": 9}
{"task": "winogrande", "id": "290", "gold": "A", "pred": "A", "correct": true, "route": "8", "forward_calls": 9}
{"task": "winogrande", "id": "822", "gold": "B", "pred": "A", "correct": false, "route": "8", "forward_calls": 9}
{"task": "winogrande", "id": "416", "gold": "A", "pred": "A", "correct": true, "route": "8", "forward_calls": 9}
{"task": "winogrande", "id": "61", "gold": "B", "pred": "B", "correct": true, "route": "8", "forward_calls": 9}
{"task": "winogrande", "id": "354", "gold": "A", "pred": "A", "correct": true, "route": "8", "forward_calls": 9}
{"task": "winogrande", "id": "1114", "gold": "A", "pred": "A", "correct": true, "route": "8", "forward_calls": 9}
{"task": "winogrande", "id": "865", "gold": "B", "pred": "B", "correct": true, "route": "32", "forward_calls": 33}
{"task": "winogrande", "id": "167", "gold": "B", "pred": "B", "correct": true, "route": "32", "forward_calls": 33}
{"task": "winogrande", "id": "860", "gold": "B", "pred": "B", "correct": true, "route": "32", "forward_calls": 33}
{"task": "winogrande", "id": "567", "gold": "A", "pred": "B", "correct": false, "route": "8", "forward_calls": 9}
{"task": "winogrande", "id": "983", "gold": "A", "pred": "A", "correct": true, "route": "8", "forward_calls": 9}
{"task": "winogrande", "id": "1225", "gold": "A", "pred": "A", "correct": true, "route": "8", "forward_calls": 9}
{"task": "winogrande", "id": "1077", "gold": "B", "pred": "B", "correct": true, "route": "8", "forward_calls": 9}
{"task": "winogrande", "id": "1090", "gold": "B", "pred": "B", "correct": true, "route": "32", "forward_calls": 33}
{"task": "winogrande", "id": "609", "gold": "B", "pred": "B", "correct": true, "route": "32", "forward_calls": 33}
{"task": "winogrande", "id": "543", "gold": "B", "pred": "B", "correct": true, "route": "8", "forward_calls": 9}
{"task": "winogrande", "id": "176", "gold": "A", "pred": "B", "correct": false, "route": "8", "forward_calls": 9}
{"task": "winogrande", "id": "463", "gold": "B", "pred": "B", "correct": true, "route": "8", "forward_calls": 9}
{"task": "winogrande", "id": "127", "gold": "B", "pred": "B", "correct": true, "route": "32", "forward_calls": 33}
{"task": "winogrande", "id": "1019", "gold": "A", "pred": "A", "correct": true, "route": "32", "forward_calls": 33}
{"task": "winogrande", "id": "1200", "gold": "A", "pred": "B", "correct": false, "route": "8", "forward_calls": 9}
{"task": "winogrande", "id": "36", "gold": "B", "pred": "A", "correct": false, "route": "32", "forward_calls": 33}
{"task": "winogrande", "id": "935", "gold": "A", "pred": "B", "correct": false, "route": "8", "forward_calls": 9}
{"task": "winogrande", "id": "843", "gold": "A", "pred": "B", "correct": false, "route": "32", "forward_calls": 33}
{"task": "winogrande", "id": "597", "gold": "A", "pred": "B", "correct": false, "route": "32", "forward_calls": 33}
{"task": "winogrande", "id": "654", "gold": "A", "pred": "B", "correct": false, "route": "32", "forward_calls": 33}
{"task": "winogrande", "id": "834", "gold": "A", "pred": "A", "correct": true, "route": "8", "forward_calls": 9}
{"task": "winogrande", "id": "715", "gold": "A", "pred": "A", "correct": true, "route": "32", "forward_calls": 33}
{"task": "winogrande", "id": "618", "gold": "B", "pred": "A", "correct": false, "route": "8", "forward_calls": 9}
{"task": "winogrande", "id": "560", "gold": "A", "pred": "B", "correct": false, "route": "32", "forward_calls": 33}
{"task": "winogrande", "id": "698", "gold": "B", "pred": "B", "correct": true, "route": "8", "forward_calls": 9}
{"task": "winogrande", "id": "328", "gold": "A", "pred": "A", "correct": true, "route": "32", "forward_calls": 33}
{"task": "winogrande", "id": "793", "gold": "B", "pred": "B", "correct": true, "route": "8", "forward_calls": 9}
{"task": "winogrande", "id": "87", "gold": "A", "pred": "B", "correct": false, "route": "32", "forward_calls": 33}
{"task": "winogrande", "id": "859", "gold": "B", "pred": "B", "correct": true, "route": "8", "forward_calls": 9}
{"task": "winogrande", "id": "978", "gold": "B", "pred": "B", "correct": true, "route": "32", "forward_calls": 33}
{"task": "winogrande", "id": "523", "gold": "A", "pred": "A", "correct": true, "route": "32", "forward_calls": 33}
{"task": "winogrande", "id": "569", "gold": "B", "pred": "B", "correct": true, "route": "8", "forward_calls": 9}
{"task": "winogrande", "id": "182", "gold": "A", "pred": "A", "correct": true, "route": "8", "forward_calls": 9}
{"task": "winogrande", "id": "786", "gold": "A", "pred": "A", "correct": true, "route": "32", "forward_calls": 33}
{"task": "winogrande", "id": "444", "gold": "A", "pred": "A", "correct": true, "route": "8", "forward_calls": 9}
{"task": "winogrande", "id": "540", "gold": "B", "pred": "B", "correct": true, "route": "8", "forward_calls": 9}
{"task": "winogrande", "id": "299", "gold": "B", "pred": "B", "correct": true, "route": "8", "forward_calls": 9}
{"task": "winogrande", "id": "1029", "gold": "A", "pred": "A", "correct": true, "route": "8", "forward_calls": 9}
{"task": "winogrande", "id": "759", "gold": "A", "pred": "A", "correct": true, "route": "8", "forward_calls": 9}
{"task": "winogrande", "id": "226", "gold": "B", "pred": "B", "correct": true, "route": "32", "forward_calls": 33}
{"task": "winogrande", "id": "947", "gold": "B", "pred": "B", "correct": true, "route": "32", "forward_calls": 33}
{"task": "winogrande", "id": "247", "gold": "A", "pred": "A", "correct": true, "route": "32", "forward_calls": 33}
{"task": "winogrande", "id": "568", "gold": "A", "pred": "A", "correct": true, "route": "8", "forward_calls": 9}
{"task": "winogrande", "id": "905", "gold": "B", "pred": "B", "correct": true, "route": "8", "forward_calls": 9}
{"task": "winogrande", "id": "15", "gold": "A", "pred": "A", "correct": true, "route": "8", "forward_calls": 9}
{"task": "winogrande", "id": "1164", "gold": "A", "pred": "A", "correct": true, "route": "8", "forward_calls": 9}
{"task": "winogrande", "id": "530", "gold": "B", "pred": "B", "correct": true, "route": "32", "forward_calls": 33}
{"task": "winogrande", "id": "227", "gold": "B", "pred": "B", "correct": true, "route": "32", "forward_calls": 33}
{"task": "winogrande", "id": "507", "gold": "B", "pred": "A", "correct": false, "route": "8", "forward_calls": 9}
{"task": "winogrande", "id": "961", "gold": "A", "pred": "A", "correct": true, "route": "32", "forward_calls": 33}
{"task": "winogrande", "id": "1075", "gold": "A", "pred": "A", "correct": true, "route": "8", "forward_calls": 9}
{"task": "winogrande", "id": "833", "gold": "A", "pred": "B", "correct": false, "route": "32", "forward_calls": 33}
{"task": "winogrande", "id": "163", "gold": "B", "pred": "B", "correct": true, "route": "8", "forward_calls": 9}
{"task": "winogrande", "id": "1207", "gold": "A", "pred": "A", "correct": true, "route": "32", "forward_calls": 33}
{"task": "winogrande", "id": "410", "gold": "A", "pred": "A", "correct": true, "route": "32", "forward_calls": 33}
{"task": "winogrande", "id": "741", "gold": "A", "pred": "A", "correct": true, "route": "32", "forward_calls": 33}
{"task": "winogrande", "id": "300", "gold": "A", "pred": "A", "correct": true, "route": "8", "forward_calls": 9}
{"task": "winogrande", "id": "185", "gold": "B", "pred": "B", "correct": true, "route": "8", "forward_calls": 9}
{"task": "winogrande", "id": "369", "gold": "B", "pred": "B", "correct": true, "route": "8", "forward_calls": 9}
{"task": "winogrande", "id": "1042", "gold": "B", "pred": "A", "correct": false, "route": "32", "forward_calls": 33}
{"task": "winogrande", "id": "810", "gold": "B", "pred": "B", "correct": true, "route": "32", "forward_calls": 33}
{"task": "winogrande", "id": "739", "gold": "B", "pred": "A", "correct": false, "route": "8", "forward_calls": 9}
{"task": "winogrande", "id": "600", "gold": "A", "pred": "B", "correct": false, "route": "8", "forward_calls": 9}
{"task": "winogrande", "id": "1120", "gold": "A", "pred": "A", "correct": true, "route": "8", "forward_calls": 9}
{"task": "winogrande", "id": "1151", "gold": "A", "pred": "A", "correct": true, "route": "8", "forward_calls": 9}
{"task": "winogrande", "id": "83", "gold": "A", "pred": "A", "correct": true, "route": "8", "forward_calls": 9}
{"task": "winogrande", "id": "246", "gold": "A", "pred": "A", "correct": true, "route": "32", "forward_calls": 33}
{"task": "winogrande", "id": "373", "gold": "A", "pred": "B", "correct": false, "route": "32", "forward_calls": 33}
{"task": "winogrande", "id": "39", "gold": "B", "pred": "B", "correct": true, "route": "8", "forward_calls": 9}
{"task": "winogrande", "id": "278", "gold": "A", "pred": "A", "correct": true, "route": "32", "forward_calls": 33}
{"task": "winogrande", "id": "284", "gold": "A", "pred": "A", "correct": true, "route": "32", "forward_calls": 33}
{"task": "winogrande", "id": "603", "gold": "A", "pred": "A", "correct": true, "route": "8", "forward_calls": 9}
{"task": "winogrande", "id": "960", "gold": "B", "pred": "B", "correct": true, "route": "32", "forward_calls": 33}
{"task": "winogrande", "id": "1134", "gold": "B", "pred": "B", "correct": true, "route": "8", "forward_calls": 9}
{"task": "winogrande", "id": "97", "gold": "A", "pred": "A", "correct": true, "route": "32", "forward_calls": 33}
{"task": "winogrande", "id": "88", "gold": "B", "pred": "B", "correct": true, "route": "32", "forward_calls": 33}
{"task": "winogrande", "id": "209", "gold": "B", "pred": "B", "correct": true, "route": "8", "forward_calls": 9}
{"task": "winogrande", "id": "669", "gold": "A", "pred": "A", "correct": true, "route": "8", "forward_calls": 9}
{"task": "winogrande", "id": "60", "gold": "B", "pred": "B", "correct": true, "route": "32", "forward_calls": 33}
{"task": "winogrande", "id": "274", "gold": "A", "pred": "A", "correct": true, "route": "32", "forward_calls": 33}
{"task": "winogrande", "id": "358", "gold": "A", "pred": "A", "correct": true, "route": "8", "forward_calls": 9}
{"task": "winogrande", "id": "94", "gold": "A", "pred": "B", "correct": false, "route": "8", "forward_calls": 9}
{"task": "winogrande", "id": "1050", "gold": "A", "pred": "A", "correct": true, "route": "32", "forward_calls": 33}
{"task": "winogrande", "id": "877", "gold": "A", "pred": "A", "correct": true, "route": "8", "forward_calls": 9}
{"task": "winogrande", "id": "1193", "gold": "B", "pred": "B", "correct": true, "route": "8", "forward_calls": 9}
{"task": "winogrande", "id": "1154", "gold": "A", "pred": "A", "correct": true, "route": "32", "forward_calls": 33}
{"task": "winogrande", "id": "990", "gold": "B", "pred": "B", "correct": true, "route": "32", "forward_calls": 33}
{"task": "winogrande", "id": "436", "gold": "A", "pred": "B", "correct": false, "route": "32", "forward_calls": 33}
{"task": "winogrande", "id": "324", "gold": "A", "pred": "A", "correct": true, "route": "32", "forward_calls": 33}
{"task": "winogrande", "id": "775", "gold": "B", "pred": "B", "correct": true, "route": "8", "forward_calls": 9}
{"task": "winogrande", "id": "634", "gold": "A", "pred": "B", "correct": false, "route": "8", "forward_calls": 9}
{"task": "winogrande", "id": "1055", "gold": "B", "pred": "B", "correct": true, "route": "8", "forward_calls": 9}
{"task": "winogrande", "id": "546", "gold": "B", "pred": "B", "correct": true, "route": "8", "forward_calls": 9}
{"task": "winogrande", "id": "601", "gold": "B", "pred": "B", "correct": true, "route": "8", "forward_calls": 9}
{"task": "winogrande", "id": "879", "gold": "B", "pred": "B", "correct": true, "route": "8", "forward_calls": 9}
{"task": "winogrande", "id": "1053", "gold": "B", "pred": "B", "correct": true, "route": "8", "forward_calls": 9}
{"task": "winogrande", "id": "446", "gold": "A", "pred": "B", "correct": false, "route": "8", "forward_calls": 9}
{"task": "winogrande", "id": "679", "gold": "A", "pred": "B", "correct": false, "route": "32", "forward_calls": 33}
{"task": "winogrande", "id": "370", "gold": "A", "pred": "A", "correct": true, "route": "32", "forward_calls": 33}
{"task": "winogrande", "id": "544", "gold": "A", "pred": "A", "correct": true, "route": "32", "forward_calls": 33}
{"task": "winogrande", "id": "666", "gold": "B", "pred": "B", "correct": true, "route": "8", "forward_calls": 9}
{"task": "winogrande", "id": "224", "gold": "B", "pred": "B", "correct": true, "route": "8", "forward_calls": 9}
{"task": "winogrande", "id": "762", "gold": "A", "pred": "A", "correct": true, "route": "32", "forward_calls": 33}
{"task": "winogrande", "id": "1205", "gold": "B", "pred": "B", "correct": true, "route": "8", "forward_calls": 9}
{"task": "winogrande", "id": "1062", "gold": "A", "pred": "A", "correct": true, "route": "32", "forward_calls": 33}
{"task": "winogrande", "id": "1064", "gold": "A", "pred": "B", "correct": false, "route": "32", "forward_calls": 33}
{"task": "winogrande", "id": "319", "gold": "A", "pred": "B", "correct": false, "route": "32", "forward_calls": 33}
{"task": "winogrande", "id": "467", "gold": "B", "pred": "B", "correct": true, "route": "32", "forward_calls": 33}
{"task": "winogrande", "id": "907", "gold": "A", "pred": "A", "correct": true, "route": "8", "forward_calls": 9}
{"task": "winogrande", "id": "675", "gold": "A", "pred": "A", "correct": true, "route": "32", "forward_calls": 33}
{"task": "winogrande", "id": "1073", "gold": "B", "pred": "B", "correct": true, "route": "8", "forward_calls": 9}
{"task": "winogrande", "id": "653", "gold": "B", "pred": "B", "correct": true, "route": "8", "forward_calls": 9}
{"task": "winogrande", "id": "132", "gold": "B", "pred": "B", "correct": true, "route": "32", "forward_calls": 33}
{"task": "winogrande", "id": "1219", "gold": "A", "pred": "B", "correct": false, "route": "32", "forward_calls": 33}
{"task": "winogrande", "id": "389", "gold": "A", "pred": "A", "correct": true, "route": "8", "forward_calls": 9}
{"task": "winogrande", "id": "792", "gold": "A", "pred": "B", "correct": false, "route": "32", "forward_calls": 33}
{"task": "winogrande", "id": "317", "gold": "A", "pred": "A", "correct": true, "route": "32", "forward_calls": 33}
{"task": "winogrande", "id": "850", "gold": "B", "pred": "A", "correct": false, "route": "8->32", "forward_calls": 41}
{"task": "winogrande", "id": "944", "gold": "B", "pred": "B", "correct": true, "route": "8", "forward_calls": 9}
{"task": "winogrande", "id": "1245", "gold": "B", "pred": "B", "correct": true, "route": "8", "forward_calls": 9}
{"task": "winogrande", "id": "503", "gold": "A", "pred": "B", "correct": false, "route": "32", "forward_calls": 33}
{"task": "winogrande", "id": "404", "gold": "A", "pred": "A", "correct": true, "route": "32", "forward_calls": 33}
{"task": "winogrande", "id": "1022", "gold": "A", "pred": "A", "correct": true, "route": "8", "forward_calls": 9}
{"task": "winogrande", "id": "1047", "gold": "B", "pred": "B", "correct": true, "route": "8", "forward_calls": 9}
{"task": "winogrande", "id": "215", "gold": "B", "pred": "B", "correct": true, "route": "8", "forward_calls": 9}
{"task": "winogrande", "id": "1260", "gold": "B", "pred": "B", "correct": true, "route": "8", "forward_calls": 9}
{"task": "winogrande", "id": "1002", "gold": "A", "pred": "A", "correct": true, "route": "32", "forward_calls": 33}
{"task": "winogrande", "id": "1255", "gold": "B", "pred": "A", "correct": false, "route": "32", "forward_calls": 33}
{"task": "winogrande", "id": "165", "gold": "A", "pred": "A", "correct": true, "route": "8", "forward_calls": 9}
{"task": "winogrande", "id": "992", "gold": "B", "pred": "B", "correct": true, "route": "32", "forward_calls": 33}
{"task": "winogrande", "id": "323", "gold": "B", "pred": "B", "correct": true, "route": "8", "forward_calls": 9}
{"task": "winogrande", "id": "1106", "gold": "A", "pred": "A", "correct": true, "route": "32", "forward_calls": 33}
{"task": "winogrande", "id": "432", "gold": "B", "pred": "A", "correct": false, "route": "32", "forward_calls": 33}
{"task": "winogrande", "id": "59", "gold": "A", "pred": "A", "correct": true, "route": "32", "forward_calls": 33}
{"task": "winogrande", "id": "41", "gold": "A", "pred": "A", "correct": true, "route": "8", "forward_calls": 9}
{"task": "winogrande", "id": "972", "gold": "B", "pred": "B", "correct": true, "route": "8", "forward_calls": 9}
{"task": "winogrande", "id": "753", "gold": "A", "pred": "A", "correct": true, "route": "8", "forward_calls": 9}
{"task": "winogrande", "id": "437", "gold": "B", "pred": "B", "correct": true, "route": "8", "forward_calls": 9}
{"task": "winogrande", "id": "483", "gold": "B", "pred": "B", "correct": true, "route": "32", "forward_calls": 33}
{"task": "winogrande", "id": "842", "gold": "B", "pred": "A", "correct": false, "route": "8", "forward_calls": 9}
{"task": "winogrande", "id": "164", "gold": "B", "pred": "B", "correct": true, "route": "32", "forward_calls": 33}
{"task": "winogrande", "id": "1031", "gold": "B", "pred": "B", "correct": true, "route": "8", "forward_calls": 9}
{"task": "winogrande", "id": "953", "gold": "B", "pred": "A", "correct": false, "route": "32", "forward_calls": 33}
{"task": "winogrande", "id": "424", "gold": "A", "pred": "A", "correct": true, "route": "8", "forward_calls": 9}
{"task": "winogrande", "id": "375", "gold": "A", "pred": "B", "correct": false, "route": "32", "forward_calls": 33}
{"task": "winogrande", "id": "251", "gold": "B", "pred": "B", "correct": true, "route": "8", "forward_calls": 9}
{"task": "winogrande", "id": "322", "gold": "B", "pred": "B", "correct": true, "route": "8", "forward_calls": 9}
{"task": "winogrande", "id": "35", "gold": "B", "pred": "B", "correct": true, "route": "32", "forward_calls": 33}
{"task": "winogrande", "id": "686", "gold": "A", "pred": "A", "correct": true, "route": "8", "forward_calls": 9}
{"task": "winogrande", "id": "303", "gold": "A", "pred": "A", "correct": true, "route": "8", "forward_calls": 9}
{"task": "winogrande", "id": "456", "gold": "A", "pred": "B", "correct": false, "route": "32", "forward_calls": 33}
{"task": "winogrande", "id": "1132", "gold": "A", "pred": "B", "correct": false, "route": "8", "forward_calls": 9}
{"task": "winogrande", "id": "177", "gold": "B", "pred": "B", "correct": true, "route": "8", "forward_calls": 9}
{"task": "winogrande", "id": "408", "gold": "B", "pred": "B", "correct": true, "route": "8", "forward_calls": 9}
{"task": "winogrande", "id": "841", "gold": "A", "pred": "A", "correct": true, "route": "32", "forward_calls": 33}
{"task": "winogrande", "id": "376", "gold": "B", "pred": "B", "correct": true, "route": "8", "forward_calls": 9}
{"task": "winogrande", "id": "589", "gold": "B", "pred": "A", "correct": false, "route": "32", "forward_calls": 33}
{"task": "winogrande", "id": "510", "gold": "A", "pred": "B", "correct": false, "route": "32", "forward_calls": 33}
{"task": "winogrande", "id": "16", "gold": "B", "pred": "A", "correct": false, "route": "8", "forward_calls": 9}
{"task": "winogrande", "id": "549", "gold": "B", "pred": "B", "correct": true, "route": "8", "forward_calls": 9}
{"task": "winogrande", "id": "1172", "gold": "B", "pred": "B", "correct": true, "route": "8", "forward_calls": 9}
{"task": "winogrande", "id": "638", "gold": "A", "pred": "A", "correct": true, "route": "8", "forward_calls": 9}
{"task": "winogrande", "id": "646", "gold": "B", "pred": "A", "correct": false, "route": "32", "forward_calls": 33}
{"task": "winogrande", "id": "965", "gold": "B", "pred": "B", "correct": true, "route": "8", "forward_calls": 9}
{"task": "winogrande", "id": "1051", "gold": "A", "pred": "A", "correct": true, "route": "32", "forward_calls": 33}
{"task": "winogrande", "id": "622", "gold": "A", "pred": "A", "correct": true, "route": "32", "forward_calls": 33}
{"task": "winogrande", "id": "186", "gold": "B", "pred": "A", "correct": false, "route": "32", "forward_calls": 33}
{"task": "winogrande", "id": "450", "gold": "B", "pred": "B", "correct": true, "route": "8", "forward_calls": 9}
{"task": "winogrande", "id": "194", "gold": "A", "pred": "A", "correct": true, "route": "32", "forward_calls": 33}
{"task": "winogrande", "id": "676", "gold": "B", "pred": "B", "correct": true, "route": "32", "forward_calls": 33}
{"task": "winogrande", "id": "791", "gold": "B", "pred": "B", "correct": true, "route": "8->32", "forward_calls": 41}
{"task": "winogrande", "id": "440", "gold": "B", "pred": "B", "correct": true, "route": "8", "forward_calls": 9}
{"task": "winogrande", "id": "64", "gold": "B", "pred": "A", "correct": false, "route": "8", "forward_calls": 9}
{"task": "winogrande", "id": "995", "gold": "A", "pred": "B", "correct": false, "route": "8", "forward_calls": 9}
{"task": "winogrande", "id": "1100", "gold": "A", "pred": "A", "correct": true, "route": "32", "forward_calls": 33}
{"task": "winogrande", "id": "3", "gold": "A", "pred": "A", "correct": true, "route": "32", "forward_calls": 33}
{"task": "winogrande", "id": "1215", "gold": "A", "pred": "A", "correct": true, "route": "8", "forward_calls": 9}
{"task": "winogrande", "id": "652", "gold": "A", "pred": "B", "correct": false, "route": "32", "forward_calls": 33}
{"task": "winogrande", "id": "391", "gold": "A", "pred": "A", "correct": true, "route": "32", "forward_calls": 33}
{"task": "winogrande", "id": "260", "gold": "A", "pred": "A", "correct": true, "route": "8", "forward_calls": 9}
{"task": "winogrande", "id": "58", "gold": "A", "pred": "A", "correct": true, "route": "32", "forward_calls": 33}
{"task": "winogrande", "id": "754", "gold": "B", "pred": "B", "correct": true, "route": "32", "forward_calls": 33}
{"task": "winogrande", "id": "1264", "gold": "A", "pred": "B", "correct": false, "route": "8", "forward_calls": 9}
{"task": "winogrande", "id": "431", "gold": "B", "pred": "B", "correct": true, "route": "8", "forward_calls": 9}
{"task": "winogrande", "id": "399", "gold": "B", "pred": "B", "correct": true, "route": "32", "forward_calls": 33}
{"task": "winogrande", "id": "980", "gold": "A", "pred": "A", "correct": true, "route": "32", "forward_calls": 33}
{"task": "winogrande", "id": "758", "gold": "B", "pred": "A", "correct": false, "route": "32", "forward_calls": 33}
{"task": "winogrande", "id": "687", "gold": "A", "pred": "A", "correct": true, "route": "32", "forward_calls": 33}
{"task": "winogrande", "id": "725", "gold": "A", "pred": "B", "correct": false, "route": "8", "forward_calls": 9}
{"task": "winogrande", "id": "684", "gold": "A", "pred": "B", "correct": false, "route": "32", "forward_calls": 33}
{"task": "winogrande", "id": "894", "gold": "A", "pred": "A", "correct": true, "route": "32", "forward_calls": 33}
{"task": "winogrande", "id": "279", "gold": "A", "pred": "B", "correct": false, "route": "32", "forward_calls": 33}
{"task": "winogrande", "id": "736", "gold": "A", "pred": "B", "correct": false, "route": "8", "forward_calls": 9}
{"task": "winogrande", "id": "172", "gold": "A", "pred": "A", "correct": true, "route": "8", "forward_calls": 9}
{"task": "winogrande", "id": "147", "gold": "A", "pred": "B", "correct": false, "route": "32", "forward_calls": 33}
{"task": "winogrande", "id": "616", "gold": "A", "pred": "A", "correct": true, "route": "8", "forward_calls": 9}
{"task": "winogrande", "id": "65", "gold": "B", "pred": "B", "correct": true, "route": "8", "forward_calls": 9}
{"task": "winogrande", "id": "769", "gold": "B", "pred": "B", "correct": true, "route": "8", "forward_calls": 9}
{"task": "winogrande", "id": "602", "gold": "B", "pred": "A", "correct": false, "route": "32", "forward_calls": 33}
{"task": "winogrande", "id": "831", "gold": "A", "pred": "A", "correct": true, "route": "32", "forward_calls": 33}
{"task": "winogrande", "id": "526", "gold": "B", "pred": "B", "correct": true, "route": "32", "forward_calls": 33}
{"task": "winogrande", "id": "475", "gold": "B", "pred": "B", "correct": true, "route": "8", "forward_calls": 9}
{"task": "winogrande", "id": "555", "gold": "B", "pred": "A", "correct": false, "route": "32", "forward_calls": 33}
{"task": "winogrande", "id": "768", "gold": "B", "pred": "B", "correct": true, "route": "8", "forward_calls": 9}
{"task": "winogrande", "id": "124", "gold": "B", "pred": "A", "correct": false, "route": "32", "forward_calls": 33}
{"task": "winogrande", "id": "1182", "gold": "A", "pred": "A", "correct": true, "route": "32", "forward_calls": 33}
{"task": "winogrande", "id": "433", "gold": "B", "pred": "A", "correct": false, "route": "32", "forward_calls": 33}
{"task": "winogrande", "id": "484", "gold": "A", "pred": "B", "correct": false, "route": "32", "forward_calls": 33}
{"task": "winogrande", "id": "1141", "gold": "A", "pred": "A", "correct": true, "route": "32", "forward_calls": 33}
{"task": "winogrande", "id": "149", "gold": "B", "pred": "B", "correct": true, "route": "8", "forward_calls": 9}
{"task": "winogrande", "id": "656", "gold": "A", "pred": "B", "correct": false, "route": "32", "forward_calls": 33}
{"task": "winogrande", "id": "817", "gold": "B", "pred": "B", "correct": true, "route": "32", "forward_calls": 33}
{"task": "winogrande", "id": "316", "gold": "B", "pred": "B", "correct": true, "route": "8", "forward_calls": 9}
{"task": "winogrande", "id": "120", "gold": "B", "pred": "B", "correct": true, "route": "32", "forward_calls": 33}
{"task": "winogrande", "id": "635", "gold": "A", "pred": "A", "correct": true, "route": "32", "forward_calls": 33}
{"task": "winogrande", "id": "18", "gold": "A", "pred": "A", "correct": true, "route": "8", "forward_calls": 9}
{"task": "winogrande", "id": "899", "gold": "B", "pred": "B", "correct": true, "route": "8", "forward_calls": 9}
{"task": "winogrande", "id": "532", "gold": "A", "pred": "A", "correct": true, "route": "8->32", "forward_calls": 41}
{"task": "winogrande", "id": "620", "gold": "A", "pred": "A", "correct": true, "route": "8", "forward_calls": 9}
{"task": "winogrande", "id": "213", "gold": "B", "pred": "B", "correct": true, "route": "8", "forward_calls": 9}
{"task": "winogrande", "id": "1003", "gold": "B", "pred": "A", "correct": false, "route": "32", "forward_calls": 33}
{"task": "winogrande", "id": "661", "gold": "B", "pred": "A", "correct": false, "route": "32", "forward_calls": 33}
{"task": "winogrande", "id": "202", "gold": "B", "pred": "B", "correct": true, "route": "8", "forward_calls": 9}
{"task": "winogrande", "id": "1210", "gold": "A", "pred": "A", "correct": true, "route": "8", "forward_calls": 9}
{"task": "winogrande", "id": "355", "gold": "A", "pred": "A", "correct": true, "route": "8", "forward_calls": 9}
{"task": "winogrande", "id": "801", "gold": "B", "pred": "A", "correct": false, "route": "8", "forward_calls": 9}
{"task": "winogrande", "id": "996", "gold": "B", "pred": "B", "correct": true, "route": "8", "forward_calls": 9}
{"task": "winogrande", "id": "275", "gold": "A", "pred": "A", "correct": true, "route": "8", "forward_calls": 9}
{"task": "winogrande", "id": "720", "gold": "B", "pred": "A", "correct": false, "route": "32", "forward_calls": 33}
{"task": "winogrande", "id": "1187", "gold": "A", "pred": "A", "correct": true, "route": "32", "forward_calls": 33}
{"task": "winogrande", "id": "1198", "gold": "B", "pred": "A", "correct": false, "route": "32", "forward_calls": 33}
{"task": "winogrande", "id": "505", "gold": "B", "pred": "B", "correct": true, "route": "32", "forward_calls": 33}
{"task": "winogrande", "id": "559", "gold": "B", "pred": "B", "correct": true, "route": "8", "forward_calls": 9}
{"task": "winogrande", "id": "809", "gold": "B", "pred": "B", "correct": true, "route": "32", "forward_calls": 33}
{"task": "winogrande", "id": "554", "gold": "A", "pred": "A", "correct": true, "route": "8", "forward_calls": 9}
{"task": "winogrande", "id": "302", "gold": "B", "pred": "A", "correct": false, "route": "32", "forward_calls": 33}
{"task": "winogrande", "id": "346", "gold": "B", "pred": "B", "correct": true, "route": "8", "forward_calls": 9}
{"task": "winogrande", "id": "756", "gold": "A", "pred": "A", "correct": true, "route": "8", "forward_calls": 9}
{"task": "winogrande", "id": "22", "gold": "B", "pred": "B", "correct": true, "route": "32", "forward_calls": 33}
{"task": "winogrande", "id": "225", "gold": "A", "pred": "B", "correct": false, "route": "32", "forward_calls": 33}
{"task": "winogrande", "id": "869", "gold": "A", "pred": "A", "correct": true, "route": "8", "forward_calls": 9}
{"task": "winogrande", "id": "913", "gold": "A", "pred": "A", "correct": true, "route": "8", "forward_calls": 9}
{"task": "winogrande", "id": "1128", "gold": "A", "pred": "A", "correct": true, "route": "8", "forward_calls": 9}
{"task": "winogrande", "id": "806", "gold": "B", "pred": "B", "correct": true, "route": "8", "forward_calls": 9}
{"task": "winogrande", "id": "575", "gold": "B", "pred": "B", "correct": true, "route": "32", "forward_calls": 33}
{"task": "winogrande", "id": "156", "gold": "B", "pred": "B", "correct": true, "route": "32", "forward_calls": 33}
{"task": "winogrande", "id": "930", "gold": "B", "pred": "A", "correct": false, "route": "32", "forward_calls": 33}
{"task": "winogrande", "id": "705", "gold": "B", "pred": "A", "correct": false, "route": "32", "forward_calls": 33}
{"task": "winogrande", "id": "799", "gold": "B", "pred": "B", "correct": true, "route": "8", "forward_calls": 9}
{"task": "winogrande", "id": "143", "gold": "B", "pred": "B", "correct": true, "route": "32", "forward_calls": 33}
{"task": "winogrande", "id": "683", "gold": "A", "pred": "A", "correct": true, "route": "8", "forward_calls": 9}
{"task": "winogrande", "id": "115", "gold": "A", "pred": "A", "correct": true, "route": "8", "forward_calls": 9}
{"task": "winogrande", "id": "713", "gold": "B", "pred": "B", "correct": true, "route": "8", "forward_calls": 9}
{"task": "winogrande", "id": "986", "gold": "A", "pred": "A", "correct": true, "route": "32", "forward_calls": 33}
{"task": "winogrande", "id": "256", "gold": "B", "pred": "A", "correct": false, "route": "32", "forward_calls": 33}
{"task": "winogrande", "id": "113", "gold": "A", "pred": "B", "correct": false, "route": "32", "forward_calls": 33}
{"task": "winogrande", "id": "596", "gold": "B", "pred": "B", "correct": true, "route": "8", "forward_calls": 9}
{"task": "winogrande", "id": "81", "gold": "A", "pred": "A", "correct": true, "route": "32", "forward_calls": 33}
{"task": "winogrande", "id": "1037", "gold": "A", "pred": "B", "correct": false, "route": "8", "forward_calls": 9}
{"task": "winogrande", "id": "814", "gold": "B", "pred": "B", "correct": true, "route": "8", "forward_calls": 9}
{"task": "winogrande", "id": "942", "gold": "A", "pred": "A", "correct": true, "route": "32", "forward_calls": 33}
{"task": "winogrande", "id": "737", "gold": "B", "pred": "B", "correct": true, "route": "32", "forward_calls": 33}
{"task": "winogrande", "id": "1136", "gold": "B", "pred": "B", "correct": true, "route": "8", "forward_calls": 9}
{"task": "winogrande", "id": "647", "gold": "A", "pred": "B", "correct": false, "route": "32", "forward_calls": 33}
{"task": "winogrande", "id": "1087", "gold": "B", "pred": "B", "correct": true, "route": "8", "forward_calls": 9}
{"task": "winogrande", "id": "1072", "gold": "B", "pred": "B", "correct": true, "route": "8", "forward_calls": 9}
{"task": "winogrande", "id": "270", "gold": "A", "pred": "A", "correct": true, "route": "8", "forward_calls": 9}
{"task": "winogrande", "id": "1033", "gold": "A", "pred": "A", "correct": true, "route": "32", "forward_calls": 33}
{"task": "winogrande", "id": "1150", "gold": "A", "pred": "A", "correct": true, "route": "8", "forward_calls": 9}
{"task": "winogrande", "id": "586", "gold": "A", "pred": "A", "correct": true, "route": "32", "forward_calls": 33}
{"task": "winogrande", "id": "919", "gold": "B", "pred": "B", "correct": true, "route": "8->32", "forward_calls": 41}
{"task": "winogrande", "id": "650", "gold": "B", "pred": "B", "correct": true, "route": "32", "forward_calls": 33}
{"task": "winogrande", "id": "1217", "gold": "A", "pred": "A", "correct": true, "route": "8", "forward_calls": 9}
{"task": "winogrande", "id": "7", "gold": "B", "pred": "B", "correct": true, "route": "8", "forward_calls": 9}
{"task": "winogrande", "id": "880", "gold": "B", "pred": "B", "correct": true, "route": "32", "forward_calls": 33}
{"task": "winogrande", "id": "752", "gold": "A", "pred": "B", "correct": false, "route": "8", "forward_calls": 9}
{"task": "winogrande", "id": "993", "gold": "A", "pred": "A", "correct": true, "route": "8", "forward_calls": 9}
{"task": "winogrande", "id": "749", "gold": "B", "pred": "B", "correct": true, "route": "32", "forward_calls": 33}
{"task": "winogrande", "id": "693", "gold": "A", "pred": "A", "correct": true, "route": "32", "forward_calls": 33}
{"task": "winogrande", "id": "1239", "gold": "B", "pred": "B", "correct": true, "route": "8", "forward_calls": 9}
{"task": "winogrande", "id": "1189", "gold": "B", "pred": "B", "correct": true, "route": "32", "forward_calls": 33}
{"task": "winogrande", "id": "134", "gold": "B", "pred": "B", "correct": true, "route": "32", "forward_calls": 33}
{"task": "winogrande", "id": "180", "gold": "A", "pred": "B", "correct": false, "route": "32", "forward_calls": 33}
{"task": "winogrande", "id": "1127", "gold": "B", "pred": "B", "correct": true, "route": "8", "forward_calls": 9}
{"task": "winogrande", "id": "500", "gold": "B", "pred": "B", "correct": true, "route": "32", "forward_calls": 33}
{"task": "winogrande", "id": "62", "gold": "B", "pred": "B", "correct": true, "route": "32", "forward_calls": 33}
{"task": "winogrande", "id": "921", "gold": "B", "pred": "B", "correct": true, "route": "8->32", "forward_calls": 41}
{"task": "winogrande", "id": "678", "gold": "B", "pred": "A", "correct": false, "route": "32", "forward_calls": 33}
{"task": "winogrande", "id": "145", "gold": "B", "pred": "B", "correct": true, "route": "8", "forward_calls": 9}
{"task": "winogrande", "id": "1257", "gold": "B", "pred": "A", "correct": false, "route": "32", "forward_calls": 33}
{"task": "winogrande", "id": "0", "gold": "B", "pred": "B", "correct": true, "route": "8", "forward_calls": 9}
{"task": "winogrande", "id": "614", "gold": "B", "pred": "A", "correct": false, "route": "32", "forward_calls": 33}
{"task": "winogrande", "id": "1165", "gold": "B", "pred": "B", "correct": true, "route": "8", "forward_calls": 9}
{"task": "winogrande", "id": "777", "gold": "A", "pred": "B", "correct": false, "route": "32", "forward_calls": 33}
{"task": "winogrande", "id": "46", "gold": "B", "pred": "B", "correct": true, "route": "8", "forward_calls": 9}
{"task": "winogrande", "id": "582", "gold": "B", "pred": "B", "correct": true, "route": "8", "forward_calls": 9}
{"task": "winogrande", "id": "977", "gold": "A", "pred": "A", "correct": true, "route": "32", "forward_calls": 33}
{"task": "winogrande", "id": "585", "gold": "A", "pred": "A", "correct": true, "route": "8", "forward_calls": 9}
{"task": "winogrande", "id": "832", "gold": "A", "pred": "A", "correct": true, "route": "8", "forward_calls": 9}
{"task": "winogrande", "id": "808", "gold": "A", "pred": "A", "correct": true, "route": "32", "forward_calls": 33}
{"task": "winogrande", "id": "651", "gold": "B", "pred": "B", "correct": true, "route": "32", "forward_calls": 33}
{"task": "winogrande", "id": "887", "gold": "B", "pred": "B", "correct": true, "route": "8", "forward_calls": 9}
{"task": "winogrande", "id": "1137", "gold": "B", "pred": "B", "correct": true, "route": "32", "forward_calls": 33}
{"task": "winogrande", "id": "893", "gold": "B", "pred": "B", "correct": true, "route": "8", "forward_calls": 9}
{"task": "winogrande", "id": "14", "gold": "B", "pred": "B", "correct": true, "route": "8", "forward_calls": 9}
{"task": "winogrande", "id": "362", "gold": "B", "pred": "B", "correct": true, "route": "32", "forward_calls": 33}
{"task": "winogrande", "id": "1123", "gold": "B", "pred": "B", "correct": true, "route": "32", "forward_calls": 33}
{"task": "winogrande", "id": "1084", "gold": "A", "pred": "B", "correct": false, "route": "8", "forward_calls": 9}
{"task": "winogrande", "id": "524", "gold": "B", "pred": "B", "correct": true, "route": "8", "forward_calls": 9}
{"task": "winogrande", "id": "571", "gold": "B", "pred": "A", "correct": false, "route": "32", "forward_calls": 33}
{"task": "winogrande", "id": "959", "gold": "A", "pred": "A", "correct": true, "route": "8", "forward_calls": 9}
{"task": "winogrande", "id": "1112", "gold": "A", "pred": "B", "correct": false, "route": "32", "forward_calls": 33}
{"task": "winogrande", "id": "1160", "gold": "B", "pred": "B", "correct": true, "route": "8", "forward_calls": 9}
{"task": "winogrande", "id": "844", "gold": "B", "pred": "B", "correct": true, "route": "32", "forward_calls": 33}
{"task": "winogrande", "id": "929", "gold": "A", "pred": "A", "correct": true, "route": "8", "forward_calls": 9}
{"task": "winogrande", "id": "333", "gold": "B", "pred": "B", "correct": true, "route": "8", "forward_calls": 9}
{"task": "winogrande", "id": "292", "gold": "B", "pred": "B", "correct": true, "route": "8", "forward_calls": 9}
{"task": "winogrande", "id": "1161", "gold": "A", "pred": "B", "correct": false, "route": "32", "forward_calls": 33}
{"task": "winogrande", "id": "1242", "gold": "B", "pred": "B", "correct": true, "route": "8", "forward_calls": 9}
{"task": "winogrande", "id": "626", "gold": "B", "pred": "A", "correct": false, "route": "32", "forward_calls": 33}
{"task": "winogrande", "id": "955", "gold": "B", "pred": "B", "correct": true, "route": "32", "forward_calls": 33}
{"task": "winogrande", "id": "170", "gold": "B", "pred": "B", "correct": true, "route": "8", "forward_calls": 9}
{"task": "winogrande", "id": "212", "gold": "A", "pred": "B", "correct": false, "route": "8", "forward_calls": 9}
{"task": "winogrande", "id": "314", "gold": "A", "pred": "A", "correct": true, "route": "32", "forward_calls": 33}
{"task": "winogrande", "id": "1241", "gold": "A", "pred": "A", "correct": true, "route": "8", "forward_calls": 9}
{"task": "winogrande", "id": "146", "gold": "B", "pred": "B", "correct": true, "route": "32", "forward_calls": 33}
{"task": "winogrande", "id": "161", "gold": "A", "pred": "A", "correct": true, "route": "8", "forward_calls": 9}
{"task": "winogrande", "id": "853", "gold": "A", "pred": "B", "correct": false, "route": "32", "forward_calls": 33}
{"task": "winogrande", "id": "795", "gold": "A", "pred": "B", "correct": false, "route": "32", "forward_calls": 33}
{"task": "winogrande", "id": "685", "gold": "A", "pred": "A", "correct": true, "route": "8", "forward_calls": 9}
{"task": "winogrande", "id": "847", "gold": "B", "pred": "A", "correct": false, "route": "32", "forward_calls": 33}
{"task": "winogrande", "id": "1262", "gold": "A", "pred": "A", "correct": true, "route": "8", "forward_calls": 9}
{"task": "winogrande", "id": "438", "gold": "B", "pred": "B", "correct": true, "route": "32", "forward_calls": 33}
{"task": "winogrande", "id": "519", "gold": "A", "pred": "A", "correct": true, "route": "32", "forward_calls": 33}
{"task": "winogrande", "id": "1211", "gold": "B", "pred": "B", "correct": true, "route": "8", "forward_calls": 9}
{"task": "winogrande", "id": "1227", "gold": "A", "pred": "B", "correct": false, "route": "32", "forward_calls": 33}
{"task": "commonsenseqa", "id": "8b25332de2894ab38784235838d38cec", "gold": "E", "pred": "E", "correct": true, "route": "8", "forward_calls": 9}
{"task": "commonsenseqa", "id": "8ea5720718c0e122efa6277edb511569", "gold": "D", "pred": "D", "correct": true, "route": "8", "forward_calls": 9}
{"task": "commonsenseqa", "id": "4acd496cc78d96c2431279a5fd87de7c", "gold": "E", "pred": "E", "correct": true, "route": "8", "forward_calls": 9}
{"task": "commonsenseqa", "id": "01794dde3ca2991615f1aa2f63fb22e3", "gold": "E", "pred": "E", "correct": true, "route": "8", "forward_calls": 9}
{"task": "commonsenseqa", "id": "41bab71fea3fa04e5a4e10a2f86996df", "gold": "E", "pred": "E", "correct": true, "route": "8", "forward_calls": 9}
{"task": "commonsenseqa", "id": "c7ce02d9365fe9275f88338ad51cbde6", "gold": "A", "pred": "A", "correct": true, "route": "8", "forward_calls": 9}
{"task": "commonsenseqa", "id": "c9f7d07e6d363a99f5fadd68a4dfa35a", "gold": "B", "pred": "B", "correct": true, "route": "8", "forward_calls": 9}
{"task": "commonsenseqa", "id": "29c194d032a266a7160bff6f546a4d9d", "gold": "D", "pred": "D", "correct": true, "route": "8", "forward_calls": 9}
{"task": "commonsenseqa", "id": "32d5b7fcae24f0d4871cfb219c5a4b47", "gold": "C", "pred": "E", "correct": false, "route": "8", "forward_calls": 9}
{"task": "commonsenseqa", "id": "46351b3a6beb694c5f623583a3b1473d", "gold": "B", "pred": "B", "correct": true, "route": "8", "forward_calls": 9}
{"task": "commonsenseqa", "id": "5a50ea4bb2d13dc4f620ebd45025d445", "gold": "E", "pred": "E", "correct": true, "route": "8", "forward_calls": 9}
{"task": "commonsenseqa", "id": "5c2bc4335c8860342ec2d568ceb6ac6b", "gold": "C", "pred": "E", "correct": false, "route": "8", "forward_calls": 9}
{"task": "commonsenseqa", "id": "b3dc6d6a5e2f9d7da8eb72816c80b3f8_1", "gold": "A", "pred": "A", "correct": true, "route": "8", "forward_calls": 9}
{"task": "commonsenseqa", "id": "9889e5389917d812c09d6e5d382d333d", "gold": "B", "pred": "B", "correct": true, "route": "8", "forward_calls": 9}
{"task": "commonsenseqa", "id": "4ef3d70648ee3cea028bc5ed0fdfda28", "gold": "C", "pred": "C", "correct": true, "route": "8", "forward_calls": 9}
{"task": "commonsenseqa", "id": "359aed918343d228e67cef329b693904", "gold": "C", "pred": "C", "correct": true, "route": "8", "forward_calls": 9}
{"task": "commonsenseqa", "id": "011096bcfff30fd38046cf9db3a411c5", "gold": "C", "pred": "C", "correct": true, "route": "8", "forward_calls": 9}
{"task": "commonsenseqa", "id": "0f2377604e628c55ba588366139396b9", "gold": "E", "pred": "D", "correct": false, "route": "8", "forward_calls": 9}
{"task": "commonsenseqa", "id": "900492bd731f8f615ed7c08155737d44", "gold": "E", "pred": "E", "correct": true, "route": "8", "forward_calls": 9}
{"task": "commonsenseqa", "id": "0b52cc905fff0ca69a45e6353d10e401", "gold": "D", "pred": "D", "correct": true, "route": "8", "forward_calls": 9}
{"task": "commonsenseqa", "id": "6f48ee564a48293eb501cc0d8197bdd9", "gold": "C", "pred": "B", "correct": false, "route": "8", "forward_calls": 9}
{"task": "commonsenseqa", "id": "ba640b9634ad6b4ad98b17b4f152e562", "gold": "B", "pred": "B", "correct": true, "route": "8", "forward_calls": 9}
{"task": "commonsenseqa", "id": "5d4233146435ab0ca211e8ac9bfce76f", "gold": "A", "pred": "A", "correct": true, "route": "8", "forward_calls": 9}
{"task": "commonsenseqa", "id": "bd773d64f4e22db2358c6e00cbdf2d83", "gold": "A", "pred": "A", "correct": true, "route": "8", "forward_calls": 9}
{"task": "commonsenseqa", "id": "ef3d5d35128678937c36438466e0fc93", "gold": "E", "pred": "E", "correct": true, "route": "8", "forward_calls": 9}
{"task": "commonsenseqa", "id": "9dffd2021771e0ecddb19031acf3701b", "gold": "C", "pred": "B", "correct": false, "route": "8", "forward_calls": 9}
{"task": "commonsenseqa", "id": "8b3b598a647dfd2d63fcedce5f461040", "gold": "A", "pred": "A", "correct": true, "route": "8", "forward_calls": 9}
{"task": "commonsenseqa", "id": "821b32d39f57396979069b948030afe9", "gold": "D", "pred": "D", "correct": true, "route": "8", "forward_calls": 9}
{"task": "commonsenseqa", "id": "66bfb6e209c94e6be5b0d04b0c7e2064", "gold": "C", "pred": "C", "correct": true, "route": "8", "forward_calls": 9}
{"task": "commonsenseqa", "id": "0bf4d64ad0eee7224acb3a4eb85accb2", "gold": "B", "pred": "B", "correct": true, "route": "8", "forward_calls": 9}
{"task": "commonsenseqa", "id": "ec86900559a0faf2aef066e511a4cfa6", "gold": "B", "pred": "B", "correct": true, "route": "8", "forward_calls": 9}
{"task": "commonsenseqa", "id": "7c45033e9fd9f1a759923971b14390ed", "gold": "E", "pred": "E", "correct": true, "route": "8", "forward_calls": 9}
{"task": "commonsenseqa", "id": "0f7425ecbe369bf41a230aab92d84132", "gold": "B", "pred": "E", "correct": false, "route": "8", "forward_calls": 9}
{"task": "commonsenseqa", "id": "2987db72e66f5fa0015ac64f9b3614ec", "gold": "A", "pred": "A", "correct": true, "route": "8", "forward_calls": 9}
{"task": "commonsenseqa", "id": "42520bf3f93f8de23670044e019001a3", "gold": "E", "pred": "E", "correct": true, "route": "8", "forward_calls": 9}
{"task": "commonsenseqa", "id": "07fd8b0aed06406fedb137d11b07a890", "gold": "D", "pred": "C", "correct": false, "route": "8", "forward_calls": 9}
{"task": "commonsenseqa", "id": "3eb397b96b6c3a245c81ab30205943f1", "gold": "C", "pred": "C", "correct": true, "route": "8", "forward_calls": 9}
{"task": "commonsenseqa", "id": "ed50555f8db2b8f66caf9868dcd7e13b", "gold": "A", "pred": "A", "correct": true, "route": "8", "forward_calls": 9}
{"task": "commonsenseqa", "id": "2521b3fe6bfd6aeb91f9107dc7c4fbee", "gold": "C", "pred": "C", "correct": true, "route": "8", "forward_calls": 9}
{"task": "commonsenseqa", "id": "ec224c1dbfb569cce7ec317fe987ae68", "gold": "B", "pred": "B", "correct": true, "route": "8", "forward_calls": 9}
{"task": "commonsenseqa", "id": "42c46e28baf0fc617a07419286178c0a", "gold": "E", "pred": "E", "correct": true, "route": "8", "forward_calls": 9}
{"task": "commonsenseqa", "id": "cf8e30dd6956d03e3f0f0397112a8696", "gold": "A", "pred": "D", "correct": false, "route": "8", "forward_calls": 9}
{"task": "commonsenseqa", "id": "5c171b9837af49211891ce40e4a10204", "gold": "D", "pred": "D", "correct": true, "route": "8", "forward_calls": 9}
{"task": "commonsenseqa", "id": "303aedda3a5ab8d853cbe4edc4b914c6", "gold": "C", "pred": "C", "correct": true, "route": "8", "forward_calls": 9}
{"task": "commonsenseqa", "id": "1d8d9e3504c8c58a3b923ddc155c19b0", "gold": "B", "pred": "B", "correct": true, "route": "8", "forward_calls": 9}
{"task": "commonsenseqa", "id": "8b23cd355ffc8b6e7aa5459ffb21b4e0", "gold": "B", "pred": "E", "correct": false, "route": "8", "forward_calls": 9}
{"task": "commonsenseqa", "id": "d78baca23e0a636a8961e17119047e63", "gold": "C", "pred": "E", "correct": false, "route": "8", "forward_calls": 9}
{"task": "commonsenseqa", "id": "a5dcac512870e79f5aa2b22dbd662404", "gold": "B", "pred": "B", "correct": true, "route": "8", "forward_calls": 9}
{"task": "commonsenseqa", "id": "c7526b682e64f355384631b35cd78fc9", "gold": "B", "pred": "B", "correct": true, "route": "8", "forward_calls": 9}
{"task": "commonsenseqa", "id": "1ef68db97654f30cd3701b942fadc934", "gold": "B", "pred": "B", "correct": true, "route": "8", "forward_calls": 9}
{"task": "commonsenseqa", "id": "6b9221c1af583ffb43580857d6fde38a", "gold": "B", "pred": "B", "correct": true, "route": "8", "forward_calls": 9}
{"task": "commonsenseqa", "id": "21763a65765b5405c9a54484c2e54a72", "gold": "A", "pred": "A", "correct": true, "route": "8", "forward_calls": 9}
{"task": "commonsenseqa", "id": "11c4c78d61e8212f0984fd07eb22b669", "gold": "A", "pred": "A", "correct": true, "route": "8", "forward_calls": 9}
{"task": "commonsenseqa", "id": "81cc0d320488c7bacafb285cf7db5fbd", "gold": "B", "pred": "B", "correct": true, "route": "8", "forward_calls": 9}
{"task": "commonsenseqa", "id": "a64d45cecde84fdcf5f0a79805a0c6fe", "gold": "C", "pred": "D", "correct": false, "route": "8", "forward_calls": 9}
{"task": "commonsenseqa", "id": "0a2195ae8d4706abc5721578c9991466", "gold": "B", "pred": "B", "correct": true, "route": "8", "forward_calls": 9}
{"task": "commonsenseqa", "id": "2f97a77d155cb99092e8a7c055737b03_1", "gold": "D", "pred": "D", "correct": true, "route": "8", "forward_calls": 9}
{"task": "commonsenseqa", "id": "5d687fe9c95436ce84230c996d34382d", "gold": "C", "pred": "E", "correct": false, "route": "8", "forward_calls": 9}
{"task": "commonsenseqa", "id": "c7327a1a7d12b6cc0740fc9446270e02", "gold": "E", "pred": "E", "correct": true, "route": "8", "forward_calls": 9}
{"task": "commonsenseqa", "id": "9310c39a0752f28640c3a05cba1d5ca7", "gold": "E", "pred": "E", "correct": true, "route": "8", "forward_calls": 9}
{"task": "commonsenseqa", "id": "0e52659484f2f6d763cf0d38d4c5999d", "gold": "A", "pred": "A", "correct": true, "route": "8", "forward_calls": 9}
{"task": "commonsenseqa", "id": "cebc07bd5080cc72862cb333b10d782d", "gold": "C", "pred": "C", "correct": true, "route": "8", "forward_calls": 9}
{"task": "commonsenseqa", "id": "a85441d6a0e3f871d81a9f19b31360b7", "gold": "D", "pred": "D", "correct": true, "route": "8", "forward_calls": 9}
{"task": "commonsenseqa", "id": "a328285c6212c899e335c45db3c49ffd", "gold": "D", "pred": "D", "correct": true, "route": "8", "forward_calls": 9}
{"task": "commonsenseqa", "id": "d6900a01a9dd6627b4bb22b0f6d191a5", "gold": "E", "pred": "E", "correct": true, "route": "8", "forward_calls": 9}
{"task": "commonsenseqa", "id": "a7f29f4aebe0e3bcb77038fea71bf28c", "gold": "C", "pred": "C", "correct": true, "route": "8", "forward_calls": 9}
{"task": "commonsenseqa", "id": "f13efb91090dd28fd2b3c1f4dde680fd", "gold": "A", "pred": "A", "correct": true, "route": "8", "forward_calls": 9}
{"task": "commonsenseqa", "id": "4536489e5d8e02aadc3fcc7a55effe20", "gold": "D", "pred": "A", "correct": false, "route": "8", "forward_calls": 9}
{"task": "commonsenseqa", "id": "59eb56f366407ac7db72996be265883b", "gold": "E", "pred": "E", "correct": true, "route": "8", "forward_calls": 9}
{"task": "commonsenseqa", "id": "ba9a05bd2086c0d37733e26479d6630f", "gold": "E", "pred": "E", "correct": true, "route": "8", "forward_calls": 9}
{"task": "commonsenseqa", "id": "163d83851ecd4a4144b31b8738e4c335", "gold": "B", "pred": "B", "correct": true, "route": "8", "forward_calls": 9}
{"task": "commonsenseqa", "id": "3ed6391c539e6daa5b5fdb1b6d5d8ace", "gold": "A", "pred": "D", "correct": false, "route": "8", "forward_calls": 9}
{"task": "commonsenseqa", "id": "91756d8e475d8d59fa0a4e35f408e366", "gold": "D", "pred": "D", "correct": true, "route": "8", "forward_calls": 9}
{"task": "commonsenseqa", "id": "60848ce50295fc745756fbe960e78b88", "gold": "A", "pred": "D", "correct": false, "route": "8", "forward_calls": 9}
{"task": "commonsenseqa", "id": "dc2fa76467ff342abdb4cf142f92dddd", "gold": "B", "pred": "B", "correct": true, "route": "8", "forward_calls": 9}
{"task": "commonsenseqa", "id": "99789083502af9bf111876a00fae44ac", "gold": "C", "pred": "E", "correct": false, "route": "8", "forward_calls": 9}
{"task": "commonsenseqa", "id": "18844d3aa4e52b331b5382c8244cf4db", "gold": "A", "pred": "A", "correct": true, "route": "8", "forward_calls": 9}
{"task": "commonsenseqa", "id": "be2cb9c96069ac355a7ccef262743d14", "gold": "B", "pred": "B", "correct": true, "route": "8", "forward_calls": 9}
{"task": "commonsenseqa", "id": "64931f9097155672bfe3e16f03b2c195", "gold": "B", "pred": "E", "correct": false, "route": "8", "forward_calls": 9}
{"task": "commonsenseqa", "id": "84a736d4b702a6869d8fa8523aee6f1b", "gold": "A", "pred": "A", "correct": true, "route": "8", "forward_calls": 9}
{"task": "commonsenseqa", "id": "a287575d3ba4b9f958536fc14a1f5b5a", "gold": "D", "pred": "D", "correct": true, "route": "8", "forward_calls": 9}
{"task": "commonsenseqa", "id": "4da33e6f4b789776acb1bc10195baa83", "gold": "B", "pred": "B", "correct": true, "route": "8", "forward_calls": 9}
{"task": "commonsenseqa", "id": "f36027954e43cfd926451bdf7cb0c3ac", "gold": "B", "pred": "B", "correct": true, "route": "8", "forward_calls": 9}
{"task": "commonsenseqa", "id": "e408a5a031caec33782cb3b3a005eecc", "gold": "E", "pred": "E", "correct": true, "route": "8", "forward_calls": 9}
{"task": "commonsenseqa", "id": "91f512273a2da7ae796919069b20d6cf", "gold": "E", "pred": "E", "correct": true, "route": "8", "forward_calls": 9}
{"task": "commonsenseqa", "id": "2ec7f8fe7948f9997e73f9bff7ba6e05", "gold": "A", "pred": "A", "correct": true, "route": "8", "forward_calls": 9}
{"task": "commonsenseqa", "id": "79c3378b7660d328902d7c0ad442a37f", "gold": "E", "pred": "E", "correct": true, "route": "8", "forward_calls": 9}
{"task": "commonsenseqa", "id": "54075de8b8b89ecef2e4eb4eaee2713d", "gold": "B", "pred": "B", "correct": true, "route": "8", "forward_calls": 9}
{"task": "commonsenseqa", "id": "63f7ad481a63fc8c6dffe00519d4a167", "gold": "A", "pred": "A", "correct": true, "route": "8", "forward_calls": 9}
{"task": "commonsenseqa", "id": "a400b9fd1e319f901471c4b42d401c52", "gold": "E", "pred": "E", "correct": true, "route": "8", "forward_calls": 9}
{"task": "commonsenseqa", "id": "f61d83f90b92a8d537989e55ee70542d", "gold": "D", "pred": "D", "correct": true, "route": "8", "forward_calls": 9}
{"task": "commonsenseqa", "id": "63bb6128026ce24209583d0eea75fc27", "gold": "D", "pred": "D", "correct": true, "route": "8", "forward_calls": 9}
{"task": "commonsenseqa", "id": "fee5ff19811750ad019665af7b36b3c4", "gold": "A", "pred": "A", "correct": true, "route": "8", "forward_calls": 9}
{"task": "commonsenseqa", "id": "bdf92566f14599f1606109677206001f", "gold": "A", "pred": "A", "correct": true, "route": "8", "forward_calls": 9}
{"task": "commonsenseqa", "id": "a80ee7775e934c423012fe98e20ba28b", "gold": "E", "pred": "E", "correct": true, "route": "8", "forward_calls": 9}
{"task": "commonsenseqa", "id": "846bc47ced7119ad2ee19a8780d7fe18", "gold": "D", "pred": "E", "correct": false, "route": "8", "forward_calls": 9}
{"task": "commonsenseqa", "id": "17d9bfaee1efac51b1ca240125bc5977", "gold": "D", "pred": "E", "correct": false, "route": "8", "forward_calls": 9}
{"task": "commonsenseqa", "id": "2a21820a135e1a49883525c055c74a0b", "gold": "E", "pred": "E", "correct": true, "route": "8", "forward_calls": 9}
{"task": "commonsenseqa", "id": "7792b2c6518ecf9775efba6d41253312", "gold": "B", "pred": "B", "correct": true, "route": "8", "forward_calls": 9}
{"task": "commonsenseqa", "id": "54231f875bb7fe4d3e4afb6eae64387c", "gold": "D", "pred": "D", "correct": true, "route": "8", "forward_calls": 9}
{"task": "commonsenseqa", "id": "fce1c5d069758aea57a787fc98dcf7a9", "gold": "E", "pred": "E", "correct": true, "route": "8", "forward_calls": 9}
{"task": "commonsenseqa", "id": "7ce1f99e8185489a7113e6d18c71abb0", "gold": "D", "pred": "D", "correct": true, "route": "8", "forward_calls": 9}
{"task": "commonsenseqa", "id": "91f2532a832a35cba1b08a3c767be6da", "gold": "E", "pred": "E", "correct": true, "route": "8", "forward_calls": 9}
{"task": "commonsenseqa", "id": "3f4b48708d08f8bf7bec796531023f9c", "gold": "A", "pred": "A", "correct": true, "route": "8", "forward_calls": 9}
{"task": "commonsenseqa", "id": "597d2a1c9df7962218d8b807df1f8212", "gold": "E", "pred": "E", "correct": true, "route": "8", "forward_calls": 9}
{"task": "commonsenseqa", "id": "f60641f550d5ee44ac1bedcaf6ad6357", "gold": "B", "pred": "B", "correct": true, "route": "8", "forward_calls": 9}
{"task": "commonsenseqa", "id": "895aa97bb84d874d71b2aed572cebfdd", "gold": "E", "pred": "E", "correct": true, "route": "8", "forward_calls": 9}
{"task": "commonsenseqa", "id": "9a23a7f04e63bf9f4c7dfe50c58abfd2", "gold": "C", "pred": "E", "correct": false, "route": "8", "forward_calls": 9}
{"task": "commonsenseqa", "id": "75cb55aec7e64f592c01eee5d4578dcd", "gold": "A", "pred": "A", "correct": true, "route": "8", "forward_calls": 9}
{"task": "commonsenseqa", "id": "aaf4fa38433c84b3bd0a86551259ce62", "gold": "D", "pred": "D", "correct": true, "route": "8", "forward_calls": 9}
{"task": "commonsenseqa", "id": "866ea9c668c0b42df19fa20865e31f77", "gold": "D", "pred": "D", "correct": true, "route": "8", "forward_calls": 9}
{"task": "commonsenseqa", "id": "5d1df1daa886efb78db2103ddc1398eb", "gold": "A", "pred": "A", "correct": true, "route": "8", "forward_calls": 9}
{"task": "commonsenseqa", "id": "46241bc83e8d81196ae5783b2b9854a4", "gold": "E", "pred": "E", "correct": true, "route": "8", "forward_calls": 9}
{"task": "commonsenseqa", "id": "13d2a103abbed930cabc9567a1ba12f2", "gold": "E", "pred": "E", "correct": true, "route": "8", "forward_calls": 9}
{"task": "commonsenseqa", "id": "c611875b43b67b91030b889b267bbcb3", "gold": "B", "pred": "B", "correct": true, "route": "8", "forward_calls": 9}
{"task": "commonsenseqa", "id": "f646f3e064f06423fc25b98500796cf0", "gold": "E", "pred": "E", "correct": true, "route": "8", "forward_calls": 9}
{"task": "commonsenseqa", "id": "08d3175de59a639be02f2ebc032d56bd", "gold": "E", "pred": "A", "correct": false, "route": "8", "forward_calls": 9}
{"task": "commonsenseqa", "id": "69335eb9bc5b7b5df840c38a086bf8b2", "gold": "D", "pred": "D", "correct": true, "route": "8", "forward_calls": 9}
{"task": "commonsenseqa", "id": "3938d6e50d38b1f8774b4f00a89bdb39", "gold": "C", "pred": "C", "correct": true, "route": "8", "forward_calls": 9}
{"task": "commonsenseqa", "id": "0547da29ffab9b441bae8870cd0f9dab", "gold": "A", "pred": "A", "correct": true, "route": "8", "forward_calls": 9}
{"task": "commonsenseqa", "id": "5bba03b425f5abc6e017f194cf074b06", "gold": "B", "pred": "B", "correct": true, "route": "8", "forward_calls": 9}
{"task": "commonsenseqa", "id": "e476e2c8c278eaecfe1a8b884b6aeb8e", "gold": "B", "pred": "A", "correct": false, "route": "8", "forward_calls": 9}
{"task": "commonsenseqa", "id": "acb3147d946db3b06a596d48e0be56cf", "gold": "A", "pred": "A", "correct": true, "route": "8", "forward_calls": 9}
{"task": "commonsenseqa", "id": "e58eb0ec4197c29e961a7bdd4d67de4e", "gold": "D", "pred": "D", "correct": true, "route": "8", "forward_calls": 9}
{"task": "commonsenseqa", "id": "350292ae429060a00ff2cf64d71558e4", "gold": "E", "pred": "E", "correct": true, "route": "8", "forward_calls": 9}
{"task": "commonsenseqa", "id": "e99d4cb2e69d3e020ee9e4e9a84ac45b", "gold": "B", "pred": "B", "correct": true, "route": "8", "forward_calls": 9}
{"task": "commonsenseqa", "id": "06be29539ad3e1fbd7b53b05243f4bd7", "gold": "B", "pred": "B", "correct": true, "route": "8", "forward_calls": 9}
{"task": "commonsenseqa", "id": "bc38ad28e99cff7a65771233f734a007", "gold": "D", "pred": "D", "correct": true, "route": "8", "forward_calls": 9}
{"task": "commonsenseqa", "id": "26c854d933d2115e7636fdcde57eb463", "gold": "E", "pred": "E", "correct": true, "route": "8", "forward_calls": 9}
{"task": "commonsenseqa", "id": "faa0aa438b94c19be8ff52ee80d9e298", "gold": "A", "pred": "E", "correct": false, "route": "8", "forward_calls": 9}
{"task": "commonsenseqa", "id": "435a728f45d32faa4b3c4553c966fd6b", "gold": "B", "pred": "B", "correct": true, "route": "8", "forward_calls": 9}
{"task": "commonsenseqa", "id": "93b52e7ea1acf10db891e9355e234123", "gold": "A", "pred": "A", "correct": true, "route": "8", "forward_calls": 9}
{"task": "commonsenseqa", "id": "65432eb6e617514d863a465f38865fde", "gold": "A", "pred": "A", "correct": true, "route": "8", "forward_calls": 9}
{"task": "commonsenseqa", "id": "b4f79ca5f3595248ee25292ab60ad105", "gold": "A", "pred": "A", "correct": true, "route": "8", "forward_calls": 9}
{"task": "commonsenseqa", "id": "8605fd2affc796d79073d0f3ef0761c9", "gold": "B", "pred": "B", "correct": true, "route": "8", "forward_calls": 9}
{"task": "commonsenseqa", "id": "858a5eaa587fe0e266722228671a6bd1", "gold": "A", "pred": "A", "correct": true, "route": "8", "forward_calls": 9}
{"task": "commonsenseqa", "id": "01abce8c4964371d85a5be2019f75827", "gold": "A", "pred": "A", "correct": true, "route": "8", "forward_calls": 9}
{"task": "commonsenseqa", "id": "bb503ece4eac41dfe608a1dcb654e6bf", "gold": "C", "pred": "C", "correct": true, "route": "8", "forward_calls": 9}
{"task": "commonsenseqa", "id": "77e2a0b469b56bea81921a4a945ffcb5", "gold": "A", "pred": "C", "correct": false, "route": "8", "forward_calls": 9}
{"task": "commonsenseqa", "id": "b42ef8be1748c19fa5938de5396f8fad", "gold": "B", "pred": "B", "correct": true, "route": "8", "forward_calls": 9}
{"task": "commonsenseqa", "id": "15556e26feaa5a8a29c9f30896e535d4", "gold": "A", "pred": "A", "correct": true, "route": "8", "forward_calls": 9}
{"task": "commonsenseqa", "id": "ea02772e27f5bd40eced3b65e8c6427f", "gold": "B", "pred": "B", "correct": true, "route": "8", "forward_calls": 9}
{"task": "commonsenseqa", "id": "81e016974d33fe383c848b6c819791cd", "gold": "A", "pred": "A", "correct": true, "route": "8", "forward_calls": 9}
{"task": "commonsenseqa", "id": "c0c07ce781653b2a2c01871ba2bcba93", "gold": "A", "pred": "A", "correct": true, "route": "8", "forward_calls": 9}
{"task": "commonsenseqa", "id": "5502dc807d4921679ae1abd0dc9570d6", "gold": "D", "pred": "D", "correct": true, "route": "8", "forward_calls": 9}
{"task": "commonsenseqa", "id": "ecd32cc0c17d4738a27bba3399f04591", "gold": "C", "pred": "C", "correct": true, "route": "8", "forward_calls": 9}
{"task": "commonsenseqa", "id": "49cda7eedbf63b3f38e59ba72f1ee1f9", "gold": "E", "pred": "E", "correct": true, "route": "8", "forward_calls": 9}
{"task": "commonsenseqa", "id": "235094c966bcbdc94701b41b969f9c75", "gold": "B", "pred": "B", "correct": true, "route": "8", "forward_calls": 9}
{"task": "commonsenseqa", "id": "a0f5414bf98e094f4d807abee28861a4", "gold": "C", "pred": "B", "correct": false, "route": "8", "forward_calls": 9}
{"task": "commonsenseqa", "id": "cbb0c9a69ca0922371a48177087ef407", "gold": "C", "pred": "C", "correct": true, "route": "8", "forward_calls": 9}
{"task": "commonsenseqa", "id": "a8a8ae7792901c7179ff5538c701af1f", "gold": "E", "pred": "E", "correct": true, "route": "8", "forward_calls": 9}
{"task": "commonsenseqa", "id": "2d3c9d3dff1a7a8253180cb3de1ceeea", "gold": "B", "pred": "B", "correct": true, "route": "8", "forward_calls": 9}
{"task": "commonsenseqa", "id": "c3bc395561113c96ec43afd715da5061", "gold": "A", "pred": "A", "correct": true, "route": "8", "forward_calls": 9}
{"task": "commonsenseqa", "id": "b7ab4a5e0c19a98f41cd1ba3176f2dff", "gold": "C", "pred": "C", "correct": true, "route": "8", "forward_calls": 9}
{"task": "commonsenseqa", "id": "1ac54dbf6b67f27daa3d456416047584", "gold": "D", "pred": "D", "correct": true, "route": "8", "forward_calls": 9}
{"task": "commonsenseqa", "id": "a7f54ee1866d5db34eacf40efa53c93e", "gold": "C", "pred": "C", "correct": true, "route": "8", "forward_calls": 9}
{"task": "commonsenseqa", "id": "29c2cc0ba85b4afb9c9d29801469a68f", "gold": "D", "pred": "C", "correct": false, "route": "8", "forward_calls": 9}
{"task": "commonsenseqa", "id": "047c2d8c65d297b39aa42821c1ca76a9", "gold": "B", "pred": "B", "correct": true, "route": "8", "forward_calls": 9}
{"task": "commonsenseqa", "id": "43fb083962f825ae651d88648bbd2f74", "gold": "D", "pred": "D", "correct": true, "route": "8", "forward_calls": 9}
{"task": "commonsenseqa", "id": "fad197409a977126c9587eccd240ceea", "gold": "C", "pred": "C", "correct": true, "route": "8", "forward_calls": 9}
{"task": "commonsenseqa", "id": "d07f149d8d953dcc45dda432194c375e", "gold": "B", "pred": "B", "correct": true, "route": "8", "forward_calls": 9}
{"task": "commonsenseqa", "id": "4e3f85dc92eaad4ae6bc6529d62e382c", "gold": "B", "pred": "B", "correct": true, "route": "8", "forward_calls": 9}
{"task": "commonsenseqa", "id": "8c12e5864463cfcd03f4d0ab67949d01", "gold": "B", "pred": "B", "correct": true, "route": "8", "forward_calls": 9}
{"task": "commonsenseqa", "id": "7ed7379fc51fd35a47be022f6c56ce51", "gold": "B", "pred": "B", "correct": true, "route": "8", "forward_calls": 9}
{"task": "commonsenseqa", "id": "c2a8c6814ed3e207771cfc23b3b42cf1", "gold": "B", "pred": "B", "correct": true, "route": "8", "forward_calls": 9}
{"task": "commonsenseqa", "id": "7b7941b883328ad39048d4dfb1eb5623", "gold": "E", "pred": "E", "correct": true, "route": "8", "forward_calls": 9}
{"task": "commonsenseqa", "id": "b61e849e44db16a581f0b65e28ab95dc", "gold": "C", "pred": "C", "correct": true, "route": "8", "forward_calls": 9}
{"task": "commonsenseqa", "id": "5a1c8a9dbbb60e523cc1ba14a370729c", "gold": "E", "pred": "E", "correct": true, "route": "8", "forward_calls": 9}
{"task": "commonsenseqa", "id": "300bd7704ae8c5fcef618902f18fd01d", "gold": "D", "pred": "D", "correct": true, "route": "8", "forward_calls": 9}
{"task": "commonsenseqa", "id": "e75e0c11e2d5a7b634455a1b4b76856c", "gold": "B", "pred": "B", "correct": true, "route": "8", "forward_calls": 9}
{"task": "commonsenseqa", "id": "f74b7f268d3c190a13f99ede6d2359e1", "gold": "A", "pred": "A", "correct": true, "route": "8", "forward_calls": 9}
{"task": "commonsenseqa", "id": "27c523eb9099d2eec66296558eb4448e", "gold": "C", "pred": "A", "correct": false, "route": "8", "forward_calls": 9}
{"task": "commonsenseqa", "id": "042898e0c71adac5d123aaa6221c9754", "gold": "D", "pred": "E", "correct": false, "route": "8", "forward_calls": 9}
{"task": "commonsenseqa", "id": "e3c9e83c0c62d842de2dfe229f5e6d41", "gold": "E", "pred": "E", "correct": true, "route": "8", "forward_calls": 9}
{"task": "commonsenseqa", "id": "c96a86957a9ab1d8ca0aeeb7f040d87a_1", "gold": "B", "pred": "D", "correct": false, "route": "8", "forward_calls": 9}
{"task": "commonsenseqa", "id": "584188da9a429f1bc319abda5e5c7a76", "gold": "E", "pred": "E", "correct": true, "route": "8", "forward_calls": 9}
{"task": "commonsenseqa", "id": "bcc5dd6292a64d8fa17cd07c360b335d", "gold": "C", "pred": "C", "correct": true, "route": "8", "forward_calls": 9}
{"task": "commonsenseqa", "id": "aa2dcd9bcce5e4445bd3bacbf0bb11d3", "gold": "C", "pred": "C", "correct": true, "route": "8", "forward_calls": 9}
{"task": "commonsenseqa", "id": "0f4159e80f8dbf682819215bbf0f5b5a_1", "gold": "B", "pred": "A", "correct": false, "route": "8", "forward_calls": 9}
{"task": "commonsenseqa", "id": "004607228ad49b69eac932c1005d6106", "gold": "C", "pred": "C", "correct": true, "route": "8", "forward_calls": 9}
{"task": "commonsenseqa", "id": "f06852fb4bb2764dc208a991d037f211", "gold": "C", "pred": "C", "correct": true, "route": "8", "forward_calls": 9}
{"task": "commonsenseqa", "id": "9bac07574c966cae34c85e9f25538cba", "gold": "B", "pred": "B", "correct": true, "route": "8", "forward_calls": 9}
{"task": "commonsenseqa", "id": "839f3c37622c1ed5eebc9cd0b9d658e8", "gold": "D", "pred": "D", "correct": true, "route": "8", "forward_calls": 9}
{"task": "commonsenseqa", "id": "2c845646032bbf27fb3904330d59d324", "gold": "E", "pred": "D", "correct": false, "route": "8", "forward_calls": 9}
{"task": "commonsenseqa", "id": "a5db1e9677af118deb8e4add8bc18db2", "gold": "D", "pred": "D", "correct": true, "route": "8", "forward_calls": 9}
{"task": "commonsenseqa", "id": "0df3f58645b4bc306093845fb297a50e", "gold": "E", "pred": "E", "correct": true, "route": "8", "forward_calls": 9}
{"task": "commonsenseqa", "id": "e211b1a3f3401d164c8b0bfc10160caa", "gold": "C", "pred": "C", "correct": true, "route": "8", "forward_calls": 9}
{"task": "commonsenseqa", "id": "4858669d0193e5d9384dc37d4bb5c00c", "gold": "A", "pred": "A", "correct": true, "route": "8", "forward_calls": 9}
{"task": "commonsenseqa", "id": "420641003ba20b966887dfac684efb17", "gold": "B", "pred": "A", "correct": false, "route": "8", "forward_calls": 9}
{"task": "commonsenseqa", "id": "39572e0ba1db51fa74f7fc2d90c5ec7f", "gold": "D", "pred": "D", "correct": true, "route": "8", "forward_calls": 9}
{"task": "commonsenseqa", "id": "4c5c74b3287492d6ddb2da4c8c0fd51a", "gold": "C", "pred": "C", "correct": true, "route": "8", "forward_calls": 9}
{"task": "commonsenseqa", "id": "eb4b2cd0f2a69686e5a82250c5806b84", "gold": "E", "pred": "E", "correct": true, "route": "8", "forward_calls": 9}
{"task": "commonsenseqa", "id": "c410a4626dfce4b4cfd3e5937602cd77", "gold": "A", "pred": "E", "correct": false, "route": "8", "forward_calls": 9}
{"task": "commonsenseqa", "id": "6cb895ce89995f6be422f7c4167c7638", "gold": "A", "pred": "A", "correct": true, "route": "8", "forward_calls": 9}
{"task": "commonsenseqa", "id": "2f1680da0d388a8453150ff3637e4689", "gold": "E", "pred": "D", "correct": false, "route": "8", "forward_calls": 9}
{"task": "commonsenseqa", "id": "3b8e1d236f5169b6c833a994d6d9c39a", "gold": "D", "pred": "D", "correct": true, "route": "8", "forward_calls": 9}
{"task": "commonsenseqa", "id": "820df15b615d221e38a71fcc44461085", "gold": "D", "pred": "D", "correct": true, "route": "8", "forward_calls": 9}
{"task": "commonsenseqa", "id": "0854478d174c9127064f0d4b58df7e62", "gold": "C", "pred": "C", "correct": true, "route": "8", "forward_calls": 9}
{"task": "commonsenseqa", "id": "684dbde19719e8224113433981d6e01e", "gold": "A", "pred": "A", "correct": true, "route": "8", "forward_calls": 9}
{"task": "commonsenseqa", "id": "179fff4b5928e5ac3d3ae3e1db782547", "gold": "D", "pred": "D", "correct": true, "route": "8", "forward_calls": 9}
{"task": "commonsenseqa", "id": "3c1800e7dd96d37fdd3c51b9fe502342", "gold": "D", "pred": "D", "correct": true, "route": "8", "forward_calls": 9}
{"task": "commonsenseqa", "id": "f372587fa4c99d5bebf0d0eb987c44e2", "gold": "E", "pred": "E", "correct": true, "route": "8", "forward_calls": 9}
{"task": "commonsenseqa", "id": "19dfd55e967dacd6f5700a62c1e14eee", "gold": "D", "pred": "D", "correct": true, "route": "8", "forward_calls": 9}
{"task": "commonsenseqa", "id": "85ebdd4f1a3c2ac900eee8e75e48ccaa", "gold": "E", "pred": "E", "correct": true, "route": "8", "forward_calls": 9}
{"task": "commonsenseqa", "id": "7044d82a456d0fa6f0210abb03cbf2c4", "gold": "C", "pred": "D", "correct": false, "route": "8", "forward_calls": 9}
{"task": "commonsenseqa", "id": "92f423de9a556a66c3eb73e9ddf9399a", "gold": "B", "pred": "B", "correct": true, "route": "8", "forward_calls": 9}
{"task": "commonsenseqa", "id": "07a99d5f2ca7028febeb9f09604b36c8", "gold": "B", "pred": "C", "correct": false, "route": "8", "forward_calls": 9}
{"task": "commonsenseqa", "id": "e6586bba9fe96d38792e6e6d4f2703dc", "gold": "E", "pred": "E", "correct": true, "route": "8", "forward_calls": 9}
{"task": "commonsenseqa", "id": "f4a75bf3f115b826a8097edfd0ff2781", "gold": "A", "pred": "A", "correct": true, "route": "8", "forward_calls": 9}
{"task": "commonsenseqa", "id": "af3b9a8b1962cd3bcd19e644d873e7bc", "gold": "E", "pred": "E", "correct": true, "route": "8", "forward_calls": 9}
{"task": "commonsenseqa", "id": "08f3c187908646997b9080c7e9ea7da4", "gold": "D", "pred": "D", "correct": true, "route": "8", "forward_calls": 9}
{"task": "commonsenseqa", "id": "c22f30eee57f7191ee07e9a916460f68", "gold": "A", "pred": "A", "correct": true, "route": "8", "forward_calls": 9}
{"task": "commonsenseqa", "id": "b9121c3228f961c5ad68958c702cd94b", "gold": "C", "pred": "C", "correct": true, "route": "8", "forward_calls": 9}
{"task": "commonsenseqa", "id": "72b638200414a526b598de0e01a044df", "gold": "C", "pred": "C", "correct": true, "route": "8", "forward_calls": 9}
{"task": "commonsenseqa", "id": "e53ba4c7d2a818bdb6001e6924bc8896", "gold": "B", "pred": "B", "correct": true, "route": "8", "forward_calls": 9}
{"task": "commonsenseqa", "id": "1be8ec824eb0c7218b6bc160fd191428", "gold": "A", "pred": "E", "correct": false, "route": "8", "forward_calls": 9}
{"task": "commonsenseqa", "id": "51e2da7396ab7045533e885dbb98a424", "gold": "B", "pred": "D", "correct": false, "route": "8", "forward_calls": 9}
{"task": "commonsenseqa", "id": "e4976ee741cf4b28b8a42780ffb15774", "gold": "B", "pred": "B", "correct": true, "route": "8", "forward_calls": 9}
{"task": "commonsenseqa", "id": "ff0303db294a823d4138fb81a6ee6438", "gold": "A", "pred": "A", "correct": true, "route": "8", "forward_calls": 9}
{"task": "commonsenseqa", "id": "8494b0b95533dcedbd76ae2916c481d4", "gold": "D", "pred": "D", "correct": true, "route": "8", "forward_calls": 9}
{"task": "commonsenseqa", "id": "fb35c7aa5694bab2cde4b7257bfae003", "gold": "C", "pred": "C", "correct": true, "route": "8", "forward_calls": 9}
{"task": "commonsenseqa", "id": "3884d82524f2337ce53ce64776293cf7", "gold": "A", "pred": "A", "correct": true, "route": "8", "forward_calls": 9}
{"task": "commonsenseqa", "id": "3e12400bc5a2038a747edf2605787fe8", "gold": "C", "pred": "C", "correct": true, "route": "8", "forward_calls": 9}
{"task": "commonsenseqa", "id": "e1d354cbfcd620e5dacf83c17746c4b3", "gold": "D", "pred": "E", "correct": false, "route": "8", "forward_calls": 9}
{"task": "commonsenseqa", "id": "e248968fec422e1fab0f0561fedff76e", "gold": "D", "pred": "D", "correct": true, "route": "8", "forward_calls": 9}
{"task": "commonsenseqa", "id": "ab2eb930b29bb6d5e94a6cd3b04ba01e", "gold": "E", "pred": "E", "correct": true, "route": "8", "forward_calls": 9}
{"task": "commonsenseqa", "id": "ddd8c62ec94b4f94eeefdd05b9208a71", "gold": "C", "pred": "C", "correct": true, "route": "8", "forward_calls": 9}
{"task": "commonsenseqa", "id": "8fd82cdc253835814153fe7222e9967c", "gold": "E", "pred": "E", "correct": true, "route": "8", "forward_calls": 9}
{"task": "commonsenseqa", "id": "60e92cd2f35c345872d1a898e1718d55", "gold": "B", "pred": "B", "correct": true, "route": "8", "forward_calls": 9}
{"task": "commonsenseqa", "id": "5516b1c93f94aaa0bf9a4c7b124788d4", "gold": "A", "pred": "A", "correct": true, "route": "8", "forward_calls": 9}
{"task": "commonsenseqa", "id": "dbcedaa6a6f1f68bc8f2bf7aef23294e", "gold": "E", "pred": "E", "correct": true, "route": "8", "forward_calls": 9}
{"task": "commonsenseqa", "id": "4779be55f47a301debfc472e4fc2c7b6", "gold": "B", "pred": "B", "correct": true, "route": "8", "forward_calls": 9}
{"task": "commonsenseqa", "id": "c961578f4c5768b67b843e5d2ce18452", "gold": "A", "pred": "D", "correct": false, "route": "8", "forward_calls": 9}
{"task": "commonsenseqa", "id": "c0e4d0118c9cdfe2edc49ef954572b31", "gold": "C", "pred": "C", "correct": true, "route": "8", "forward_calls": 9}
{"task": "commonsenseqa", "id": "a018d65a74b9e77d81014fd8f6d78f77", "gold": "D", "pred": "D", "correct": true, "route": "8", "forward_calls": 9}
{"task": "commonsenseqa", "id": "750ebdf36a0b3b407be0fe2163e3700b", "gold": "B", "pred": "B", "correct": true, "route": "8", "forward_calls": 9}
{"task": "commonsenseqa", "id": "7ec11eeca4221795c117943ca2639e86", "gold": "D", "pred": "D", "correct": true, "route": "8", "forward_calls": 9}
{"task": "commonsenseqa", "id": "ac1abecdbbd7bcde6592ca645c2ecb1e", "gold": "A", "pred": "E", "correct": false, "route": "8", "forward_calls": 9}
{"task": "commonsenseqa", "id": "6bd170c8d3d99d3c47b3e96427bacaeb", "gold": "E", "pred": "E", "correct": true, "route": "8", "forward_calls": 9}
{"task": "commonsenseqa", "id": "ae56eff01d05422ddbcb26be7181356a", "gold": "B", "pred": "B", "correct": true, "route": "8", "forward_calls": 9}
{"task": "commonsenseqa", "id": "768fb09deab56046e1565b6a2556ad5c", "gold": "D", "pred": "D", "correct": true, "route": "8", "forward_calls": 9}
{"task": "commonsenseqa", "id": "43cec0fff43a976fade9112d02b66021", "gold": "A", "pred": "A", "correct": true, "route": "8", "forward_calls": 9}
{"task": "commonsenseqa", "id": "1e09c3136a743b862e783700b7667028", "gold": "E", "pred": "E", "correct": true, "route": "8", "forward_calls": 9}
{"task": "commonsenseqa", "id": "e480d4a672af0194e0a6ccdb8c37499b", "gold": "E", "pred": "E", "correct": true, "route": "8", "forward_calls": 9}
{"task": "commonsenseqa", "id": "9b4bbf3c4d24ecdb4b27320afb706808", "gold": "A", "pred": "A", "correct": true, "route": "8", "forward_calls": 9}
{"task": "commonsenseqa", "id": "32be8cbc1b5a967310bcab8b80563481", "gold": "B", "pred": "B", "correct": true, "route": "8", "forward_calls": 9}
{"task": "commonsenseqa", "id": "c1c73ef0ff662a76cd42c3500240974a", "gold": "A", "pred": "A", "correct": true, "route": "8", "forward_calls": 9}
{"task": "commonsenseqa", "id": "66458bf8599c3ef1e7b50fa527531882", "gold": "E", "pred": "E", "correct": true, "route": "8", "forward_calls": 9}
{"task": "commonsenseqa", "id": "bc10bf2bfae26a2226823d42956f6cf0", "gold": "B", "pred": "B", "correct": true, "route": "8", "forward_calls": 9}
{"task": "commonsenseqa", "id": "5b8a3081c3235d62bc77e2d15f3ad454", "gold": "A", "pred": "A", "correct": true, "route": "8", "forward_calls": 9}
{"task": "commonsenseqa", "id": "bdd29d7c12e3d795b78ffc048631e7e7", "gold": "D", "pred": "D", "correct": true, "route": "8", "forward_calls": 9}
{"task": "commonsenseqa", "id": "879239b8a788f3c9e3dfdd0862f3d7c5", "gold": "C", "pred": "C", "correct": true, "route": "8", "forward_calls": 9}
{"task": "commonsenseqa", "id": "a8c284637dabc87745a7eb05d4f7fcbc", "gold": "D", "pred": "D", "correct": true, "route": "8", "forward_calls": 9}
{"task": "commonsenseqa", "id": "0f54a1ee30a0034a3d2db1bfdef9ca85", "gold": "C", "pred": "C", "correct": true, "route": "8", "forward_calls": 9}
{"task": "commonsenseqa", "id": "6b270159bd402ddd498a38153f9d1efe", "gold": "E", "pred": "C", "correct": false, "route": "8", "forward_calls": 9}
{"task": "commonsenseqa", "id": "4ccd43cdff044bc4c644dadff1ff1e0b", "gold": "C", "pred": "C", "correct": true, "route": "8", "forward_calls": 9}
{"task": "commonsenseqa", "id": "18ee7a93410a6b4c9cec5d4894775991_1", "gold": "C", "pred": "C", "correct": true, "route": "8", "forward_calls": 9}
{"task": "commonsenseqa", "id": "6e433471d0e2590b8c73ceef275022b1", "gold": "D", "pred": "D", "correct": true, "route": "8", "forward_calls": 9}
{"task": "commonsenseqa", "id": "36f1ceeecde7abf99dab635239e12442", "gold": "C", "pred": "A", "correct": false, "route": "8", "forward_calls": 9}
{"task": "commonsenseqa", "id": "c54ddc0f9d170ba65d9f4f2e0bb41d1c", "gold": "A", "pred": "A", "correct": true, "route": "8", "forward_calls": 9}
{"task": "commonsenseqa", "id": "d3b145911a76fd6fbe9a23ab027be024", "gold": "A", "pred": "B", "correct": false, "route": "8", "forward_calls": 9}
{"task": "commonsenseqa", "id": "998381f854f51da2a6ccde45909e5168", "gold": "D", "pred": "D", "correct": true, "route": "8", "forward_calls": 9}
{"task": "commonsenseqa", "id": "ee46995407eb6357bb5410d49d378629", "gold": "A", "pred": "E", "correct": false, "route": "8", "forward_calls": 9}
{"task": "commonsenseqa", "id": "bdcfbe2132295d437e4c5701085f19c0", "gold": "B", "pred": "E", "correct": false, "route": "8", "forward_calls": 9}
{"task": "commonsenseqa", "id": "2ed66cfd206723a006b37599b516ad6e", "gold": "E", "pred": "E", "correct": true, "route": "8", "forward_calls": 9}
{"task": "commonsenseqa", "id": "b4cde6a56fb19afc84876ebf2fb9e71a", "gold": "C", "pred": "C", "correct": true, "route": "8", "forward_calls": 9}
{"task": "commonsenseqa", "id": "716ce4404a84b42dd64e561390c4b53b", "gold": "E", "pred": "E", "correct": true, "route": "8", "forward_calls": 9}
{"task": "commonsenseqa", "id": "fa031cff8e11e75c68d6a99ef0e5ca3a", "gold": "B", "pred": "E", "correct": false, "route": "8", "forward_calls": 9}
{"task": "commonsenseqa", "id": "230cc491829307e8edb5423c8d09f945", "gold": "C", "pred": "C", "correct": true, "route": "8", "forward_calls": 9}
{"task": "commonsenseqa", "id": "84a761f516efce04ab27d7ca8dd25255", "gold": "B", "pred": "E", "correct": false, "route": "8", "forward_calls": 9}
{"task": "commonsenseqa", "id": "cd39e442204d3edf7acc185fd59c8a44", "gold": "D", "pred": "E", "correct": false, "route": "8", "forward_calls": 9}
{"task": "commonsenseqa", "id": "75ac594b4fdbfba006e61315d1b2c815", "gold": "A", "pred": "E", "correct": false, "route": "8", "forward_calls": 9}
{"task": "commonsenseqa", "id": "83808e92381b2e5f4cdf55d1391645ae", "gold": "E", "pred": "E", "correct": true, "route": "8", "forward_calls": 9}
{"task": "commonsenseqa", "id": "a585df0818180ce3c06f963a4c3c810a", "gold": "A", "pred": "A", "correct": true, "route": "8", "forward_calls": 9}
{"task": "commonsenseqa", "id": "68c41ec8415eab50620eb9ecf6f35a6a", "gold": "B", "pred": "D", "correct": false, "route": "8", "forward_calls": 9}
{"task": "commonsenseqa", "id": "52f3eb6c9a6b9671050fc769d465ed03", "gold": "A", "pred": "A", "correct": true, "route": "8", "forward_calls": 9}
{"task": "commonsenseqa", "id": "7bb87c6d8eab57d4e983f60025b1f0dc", "gold": "D", "pred": "D", "correct": true, "route": "8", "forward_calls": 9}
{"task": "commonsenseqa", "id": "bd4e80fa6642a76c064d0bc924411fb0", "gold": "C", "pred": "E", "correct": false, "route": "8", "forward_calls": 9}
{"task": "commonsenseqa", "id": "55478486079423907508a06be13ca536", "gold": "C", "pred": "C", "correct": true, "route": "8", "forward_calls": 9}
{"task": "commonsenseqa", "id": "ab755203f41a2e241f0ee8a53c54f287", "gold": "D", "pred": "B", "correct": false, "route": "8", "forward_calls": 9}
{"task": "commonsenseqa", "id": "7ea57ee4580042b0a6a40479c8ace3e4", "gold": "C", "pred": "C", "correct": true, "route": "8", "forward_calls": 9}
{"task": "commonsenseqa", "id": "db1eb157671109bbb9113b0f71a6b957", "gold": "A", "pred": "A", "correct": true, "route": "8", "forward_calls": 9}
{"task": "commonsenseqa", "id": "080a9cf2d6447a9a4d98b0af311e10da", "gold": "D", "pred": "D", "correct": true, "route": "8", "forward_calls": 9}
{"task": "commonsenseqa", "id": "9d97e2bb458d93a8bafe4380b08727e3", "gold": "A", "pred": "B", "correct": false, "route": "8", "forward_calls": 9}
{"task": "commonsenseqa", "id": "fee5f4e9d8e37f0183e36eb9b8dbcbb9", "gold": "A", "pred": "A", "correct": true, "route": "8", "forward_calls": 9}
{"task": "commonsenseqa", "id": "a15d564d0be6996251b5d523ac62db2a", "gold": "E", "pred": "E", "correct": true, "route": "8", "forward_calls": 9}
{"task": "commonsenseqa", "id": "6eb57102b44ab74163d8f9821cbdabd0", "gold": "A", "pred": "A", "correct": true, "route": "8", "forward_calls": 9}
{"task": "commonsenseqa", "id": "c640116ca6905d5256edadb616b3f76e", "gold": "D", "pred": "E", "correct": false, "route": "8", "forward_calls": 9}
{"task": "commonsenseqa", "id": "668dc6bce771b10cbf6336f3ec76520a", "gold": "B", "pred": "B", "correct": true, "route": "8", "forward_calls": 9}
{"task": "commonsenseqa", "id": "5ef6cdb85468df482e3aa6fa339d6e41", "gold": "A", "pred": "A", "correct": true, "route": "8", "forward_calls": 9}
{"task": "commonsenseqa", "id": "20a3bb788cf408d9a3e25e610fe60905", "gold": "D", "pred": "D", "correct": true, "route": "8", "forward_calls": 9}
{"task": "commonsenseqa", "id": "c0e7fa3e39a2d9af2c323416015729dc", "gold": "B", "pred": "B", "correct": true, "route": "8", "forward_calls": 9}
{"task": "commonsenseqa", "id": "9b26329d74a6159ab9af4f899303de39", "gold": "B", "pred": "B", "correct": true, "route": "8", "forward_calls": 9}
{"task": "commonsenseqa", "id": "b1f36d1c8ab7e5a28783cb38e8709c27", "gold": "A", "pred": "A", "correct": true, "route": "8", "forward_calls": 9}
{"task": "commonsenseqa", "id": "5758a0fb686071e95d95b1cfad5299a0", "gold": "C", "pred": "C", "correct": true, "route": "8", "forward_calls": 9}
{"task": "commonsenseqa", "id": "6e77de03bee86d6c20780e14f00944d0", "gold": "C", "pred": "C", "correct": true, "route": "8", "forward_calls": 9}
{"task": "commonsenseqa", "id": "ffc3461d437a1c6c22d1c4f6439ebd9c", "gold": "D", "pred": "D", "correct": true, "route": "8", "forward_calls": 9}
{"task": "commonsenseqa", "id": "8c607d2e2e897d74048fcc794137b683", "gold": "D", "pred": "D", "correct": true, "route": "8", "forward_calls": 9}
{"task": "commonsenseqa", "id": "60b909ad1d7956218a5d99954fdebecd", "gold": "D", "pred": "D", "correct": true, "route": "8", "forward_calls": 9}
{"task": "commonsenseqa", "id": "5b5d2a8b83282f61c68a870116042f64", "gold": "E", "pred": "E", "correct": true, "route": "8", "forward_calls": 9}
{"task": "commonsenseqa", "id": "e7084c166ec67d0f983a26e055e845c6", "gold": "C", "pred": "C", "correct": true, "route": "8", "forward_calls": 9}
{"task": "commonsenseqa", "id": "a7f423c1636ba9e36d18e381928c5dcc", "gold": "C", "pred": "C", "correct": true, "route": "8", "forward_calls": 9}
{"task": "commonsenseqa", "id": "69425fb4cd2dc034e9ff223d2d5676ec", "gold": "B", "pred": "B", "correct": true, "route": "8", "forward_calls": 9}
{"task": "commonsenseqa", "id": "489a082aab43dd1a53f3f1f89c2365ed", "gold": "A", "pred": "A", "correct": true, "route": "8", "forward_calls": 9}
{"task": "commonsenseqa", "id": "cf5a710c931779fb3dde198e0ace3b6a", "gold": "E", "pred": "E", "correct": true, "route": "8", "forward_calls": 9}
{"task": "commonsenseqa", "id": "ace8fa2943ba8414aebdb74b48906fae", "gold": "E", "pred": "E", "correct": true, "route": "8", "forward_calls": 9}
{"task": "commonsenseqa", "id": "159d50e325b59c6d29ec371500e173b4", "gold": "E", "pred": "E", "correct": true, "route": "8", "forward_calls": 9}
{"task": "commonsenseqa", "id": "549cf641318edfc0510fa7c7dbb359e1", "gold": "C", "pred": "C", "correct": true, "route": "8", "forward_calls": 9}
{"task": "commonsenseqa", "id": "e1403a7c581bc263aea2ed8d179826d1", "gold": "A", "pred": "A", "correct": true, "route": "8", "forward_calls": 9}
{"task": "commonsenseqa", "id": "8c655f3a55bde41aad880f138d7a445d", "gold": "C", "pred": "C", "correct": true, "route": "8", "forward_calls": 9}
{"task": "commonsenseqa", "id": "b5baf77d3855935c87f01f5fb2216667", "gold": "D", "pred": "C", "correct": false, "route": "8", "forward_calls": 9}
{"task": "commonsenseqa", "id": "9402864beae075392d2ee6c10115fc21", "gold": "D", "pred": "D", "correct": true, "route": "8", "forward_calls": 9}
{"task": "commonsenseqa", "id": "64d2310eff6b661baeb41b4ccc392e35", "gold": "D", "pred": "D", "correct": true, "route": "8", "forward_calls": 9}
{"task": "commonsenseqa", "id": "74ad13a03634e79c85382f1b90969b74", "gold": "A", "pred": "B", "correct": false, "route": "8", "forward_calls": 9}
{"task": "commonsenseqa", "id": "32e2adee67aace0a98c830fb39463015", "gold": "D", "pred": "D", "correct": true, "route": "8", "forward_calls": 9}
{"task": "commonsenseqa", "id": "3bf06235a537adc9d85431846595b800", "gold": "B", "pred": "B", "correct": true, "route": "8", "forward_calls": 9}
{"task": "commonsenseqa", "id": "418913999c665ae9527fd14a6132da39", "gold": "B", "pred": "C", "correct": false, "route": "8", "forward_calls": 9}
{"task": "commonsenseqa", "id": "5a8e7d2f97f76adb23fbd59a009d16f0", "gold": "A", "pred": "C", "correct": false, "route": "8", "forward_calls": 9}
{"task": "commonsenseqa", "id": "8ef78abb86fc282ccb02bbc495f13030", "gold": "D", "pred": "D", "correct": true, "route": "8", "forward_calls": 9}
{"task": "commonsenseqa", "id": "3b8be90fdd8c67571d8d692eaa6dd87b", "gold": "D", "pred": "E", "correct": false, "route": "8", "forward_calls": 9}
{"task": "commonsenseqa", "id": "c592258c88295756833e9796e881057b", "gold": "C", "pred": "C", "correct": true, "route": "8", "forward_calls": 9}
{"task": "commonsenseqa", "id": "6abd34442438509b4a00c69d6fd24764", "gold": "E", "pred": "D", "correct": false, "route": "8", "forward_calls": 9}
{"task": "commonsenseqa", "id": "b7091d2bfcea421d787ce9e7982f104a", "gold": "C", "pred": "C", "correct": true, "route": "8", "forward_calls": 9}
{"task": "commonsenseqa", "id": "57e96118fee6e2bbac5f59790fc833c0", "gold": "A", "pred": "A", "correct": true, "route": "8", "forward_calls": 9}
{"task": "commonsenseqa", "id": "4364b4b342fb7b44434bd6694bf8fd51", "gold": "D", "pred": "D", "correct": true, "route": "8", "forward_calls": 9}
{"task": "commonsenseqa", "id": "6c1c1c282cebe8917f607f0dbc1c102e", "gold": "E", "pred": "E", "correct": true, "route": "8", "forward_calls": 9}
{"task": "commonsenseqa", "id": "91e0f4ab62c9d2fd440d73a3f5308d96", "gold": "C", "pred": "C", "correct": true, "route": "8", "forward_calls": 9}
{"task": "commonsenseqa", "id": "456f2fb41cac8c028dcfe2f48637e473", "gold": "A", "pred": "A", "correct": true, "route": "8", "forward_calls": 9}
{"task": "commonsenseqa", "id": "8a69e6df5e8ad6c9e6828aa66c59d046", "gold": "D", "pred": "D", "correct": true, "route": "8", "forward_calls": 9}
{"task": "commonsenseqa", "id": "a2daf73d33541af0846673afd8e49abe", "gold": "A", "pred": "A", "correct": true, "route": "8", "forward_calls": 9}
{"task": "commonsenseqa", "id": "1017807310a25d3ea4a4ec305e91cba3", "gold": "C", "pred": "E", "correct": false, "route": "8", "forward_calls": 9}
{"task": "commonsenseqa", "id": "fa1f17ca535c7e875f4f58510dc2f430", "gold": "E", "pred": "E", "correct": true, "route": "8", "forward_calls": 9}
{"task": "commonsenseqa", "id": "0f7419d25337e0a75503a015ae777905", "gold": "A", "pred": "C", "correct": false, "route": "8", "forward_calls": 9}
{"task": "commonsenseqa", "id": "d0bd5b5ee7319d1c4727e38d429dd54e", "gold": "E", "pred": "E", "correct": true, "route": "8", "forward_calls": 9}
{"task": "commonsenseqa", "id": "b9b82aa4c236cd342ff95455b8516a42", "gold": "A", "pred": "A", "correct": true, "route": "8", "forward_calls": 9}
{"task": "commonsenseqa", "id": "38e61d4be0da46b3cbbd76dc20bce677", "gold": "D", "pred": "D", "correct": true, "route": "8", "forward_calls": 9}
{"task": "commonsenseqa", "id": "bcd51af35d691f5c3b6b548096ab1559", "gold": "D", "pred": "A", "correct": false, "route": "8", "forward_calls": 9}
{"task": "commonsenseqa", "id": "c5c4166f2ed3c2b3517b79e6848e9ae2", "gold": "D", "pred": "A", "correct": false, "route": "8", "forward_calls": 9}
{"task": "commonsenseqa", "id": "520b0eea9148e3cb4d45aa69a55491eb", "gold": "E", "pred": "E", "correct": true, "route": "8", "forward_calls": 9}
{"task": "commonsenseqa", "id": "4768aa28fa14569d830f8947565296c1", "gold": "D", "pred": "E", "correct": false, "route": "8", "forward_calls": 9}
{"task": "commonsenseqa", "id": "1510f5183095466e4fe41b82501a9dd0", "gold": "C", "pred": "C", "correct": true, "route": "8", "forward_calls": 9}
{"task": "commonsenseqa", "id": "467a3b464b08b3ffc9922e2a726554f6", "gold": "B", "pred": "B", "correct": true, "route": "8", "forward_calls": 9}
{"task": "commonsenseqa", "id": "a6d3a2cb250a6310b8cabd31dbe2138c", "gold": "A", "pred": "A", "correct": true, "route": "8", "forward_calls": 9}
{"task": "commonsenseqa", "id": "dec1c42628a7448aa364cdada6e82f98", "gold": "A", "pred": "A", "correct": true, "route": "8", "forward_calls": 9}
{"task": "commonsenseqa", "id": "30a8cfd186f1aae5acd425a52d058863", "gold": "B", "pred": "B", "correct": true, "route": "8", "forward_calls": 9}
{"task": "commonsenseqa", "id": "2ac72eaf30a633c410b1bd658bbef0ba", "gold": "C", "pred": "C", "correct": true, "route": "8", "forward_calls": 9}
{"task": "commonsenseqa", "id": "f20d40bc4af588223e880e0bb58b27b8", "gold": "C", "pred": "C", "correct": true, "route": "8", "forward_calls": 9}
{"task": "commonsenseqa", "id": "335b51bd3a8ada014bbe6754dcbd425f", "gold": "C", "pred": "C", "correct": true, "route": "8", "forward_calls": 9}
{"task": "commonsenseqa", "id": "a5ca7c89196e54938b5827814d0071d4", "gold": "E", "pred": "C", "correct": false, "route": "8", "forward_calls": 9}
{"task": "commonsenseqa", "id": "a7d51b753c2113d8b2dbd0ebb5375855_1", "gold": "D", "pred": "D", "correct": true, "route": "8", "forward_calls": 9}
{"task": "commonsenseqa", "id": "ec79ef747bb89281923edb89ba26786d", "gold": "A", "pred": "A", "correct": true, "route": "8", "forward_calls": 9}
{"task": "commonsenseqa", "id": "a478e8b7c049781574f7fbb11ba1eec0", "gold": "B", "pred": "D", "correct": false, "route": "8", "forward_calls": 9}
{"task": "commonsenseqa", "id": "5e260e1d96187716888cbd968010bb65", "gold": "D", "pred": "D", "correct": true, "route": "8", "forward_calls": 9}
{"task": "commonsenseqa", "id": "e68fb2448fd74e402aae9982aa76e527", "gold": "A", "pred": "A", "correct": true, "route": "8", "forward_calls": 9}
{"task": "commonsenseqa", "id": "26bd85f05d29863ed777a4f1a4b8fa63", "gold": "D", "pred": "D", "correct": true, "route": "8", "forward_calls": 9}
{"task": "commonsenseqa", "id": "66275550d64d16339c944e6a6d63eb5b", "gold": "A", "pred": "A", "correct": true, "route": "8", "forward_calls": 9}
{"task": "commonsenseqa", "id": "9024493a3edbaf555fda5b477e835bf5", "gold": "E", "pred": "B", "correct": false, "route": "8", "forward_calls": 9}
{"task": "commonsenseqa", "id": "a2cd03ed068f6d613e85f3a60f4db0a1", "gold": "C", "pred": "C", "correct": true, "route": "8", "forward_calls": 9}
{"task": "commonsenseqa", "id": "ede4d302fc2ffe07703158f83c1493f2", "gold": "B", "pred": "C", "correct": false, "route": "8", "forward_calls": 9}
{"task": "commonsenseqa", "id": "2634468d21fa33a88cefe28a5d613f59", "gold": "E", "pred": "E", "correct": true, "route": "8", "forward_calls": 9}
{"task": "commonsenseqa", "id": "5074bcaf0f700c9f3c8c563067af156a", "gold": "C", "pred": "C", "correct": true, "route": "8", "forward_calls": 9}
{"task": "commonsenseqa", "id": "ad8ee2965a33ff4b0e3d2ac732676594", "gold": "E", "pred": "E", "correct": true, "route": "8", "forward_calls": 9}
{"task": "commonsenseqa", "id": "7a3d0c94438a5c8a09364aaebb848a2c", "gold": "A", "pred": "A", "correct": true, "route": "8", "forward_calls": 9}
{"task": "commonsenseqa", "id": "0cba8ddda21e29c8c53482e131d741cd", "gold": "B", "pred": "B", "correct": true, "route": "8", "forward_calls": 9}
{"task": "commonsenseqa", "id": "167d2cfa04bfaea0e0b5bac3598d5769", "gold": "D", "pred": "D", "correct": true, "route": "8", "forward_calls": 9}
{"task": "commonsenseqa", "id": "a5d853d1c2fb3ef160218fb91110fbe5", "gold": "B", "pred": "B", "correct": true, "route": "8", "forward_calls": 9}
{"task": "commonsenseqa", "id": "20ae70b9b157b298569cd761787833e7", "gold": "E", "pred": "E", "correct": true, "route": "8", "forward_calls": 9}
{"task": "commonsenseqa", "id": "95d1d968ee66b6054cbb16b58a7c6455", "gold": "C", "pred": "C", "correct": true, "route": "8", "forward_calls": 9}
{"task": "commonsenseqa", "id": "403c9b067ef7363efffa822bb08c5426", "gold": "B", "pred": "B", "correct": true, "route": "8", "forward_calls": 9}
{"task": "commonsenseqa", "id": "4f1d8007b446b0e10f07fd63cbd31b6f", "gold": "B", "pred": "B", "correct": true, "route": "8", "forward_calls": 9}
{"task": "commonsenseqa", "id": "23e4257a49972efd8a97672f060be1c1", "gold": "A", "pred": "D", "correct": false, "route": "8", "forward_calls": 9}
{"task": "commonsenseqa", "id": "aa5aa36557a5fbb93391506182f1025c", "gold": "C", "pred": "C", "correct": true, "route": "8", "forward_calls": 9}
{"task": "commonsenseqa", "id": "5ff8b0deed53b9ff91d58bd5b6f85bdf", "gold": "D", "pred": "B", "correct": false, "route": "8", "forward_calls": 9}
{"task": "commonsenseqa", "id": "2d33cde5e3987adc8fa2bca0af4dd3dd", "gold": "A", "pred": "A", "correct": true, "route": "8", "forward_calls": 9}
{"task": "commonsenseqa", "id": "b94a9764acff078b52a9cbae04661dc9", "gold": "A", "pred": "A", "correct": true, "route": "8", "forward_calls": 9}
{"task": "commonsenseqa", "id": "05490e6c191fbc3c2fe0033ed0bd8aa0", "gold": "D", "pred": "D", "correct": true, "route": "8", "forward_calls": 9}
{"task": "commonsenseqa", "id": "9f9ca9bb06d6afc31b19c365fb29a1c9", "gold": "C", "pred": "C", "correct": true, "route": "8", "forward_calls": 9}
{"task": "commonsenseqa", "id": "e63a210053cf7f961ca0b5a7e6eb355d", "gold": "C", "pred": "C", "correct": true, "route": "8", "forward_calls": 9}
{"task": "commonsenseqa", "id": "d6644eacdb543a60545d2eb1ac7e6dbd", "gold": "A", "pred": "A", "correct": true, "route": "8", "forward_calls": 9}
{"task": "commonsenseqa", "id": "88d8bfb9dc8e77ef642acbe1a129f3db", "gold": "D", "pred": "D", "correct": true, "route": "8", "forward_calls": 9}
{"task": "commonsenseqa", "id": "6974d215428a974641c1df18678522f5", "gold": "E", "pred": "E", "correct": true, "route": "8", "forward_calls": 9}
{"task": "commonsenseqa", "id": "e9389b08fdd17f14b148d498d6ff4dfe", "gold": "A", "pred": "A", "correct": true, "route": "8", "forward_calls": 9}
{"task": "commonsenseqa", "id": "8e7941ce31996ca83cc0a68f7313c96d", "gold": "B", "pred": "B", "correct": true, "route": "8", "forward_calls": 9}
{"task": "commonsenseqa", "id": "6b1f5ebd9d0dbc7e34a598456a6091a8", "gold": "C", "pred": "C", "correct": true, "route": "8", "forward_calls": 9}
{"task": "commonsenseqa", "id": "313d033c33ec475e04e628f87c5686bd", "gold": "C", "pred": "A", "correct": false, "route": "8", "forward_calls": 9}
{"task": "commonsenseqa", "id": "ca60a46c9007e4b6213f50bfb5342fdd", "gold": "B", "pred": "B", "correct": true, "route": "8", "forward_calls": 9}
{"task": "commonsenseqa", "id": "dba51270f789c75a2e38a5201b124d99", "gold": "E", "pred": "E", "correct": true, "route": "8", "forward_calls": 9}
{"task": "commonsenseqa", "id": "f7b96f195a7adfe0c74924a165cfd055", "gold": "B", "pred": "B", "correct": true, "route": "8", "forward_calls": 9}
{"task": "commonsenseqa", "id": "a00276c6db928900772c0320aeff77c0", "gold": "B", "pred": "B", "correct": true, "route": "8", "forward_calls": 9}
{"task": "commonsenseqa", "id": "d867f76d000bdb59b9b4cb982bd7f0a0", "gold": "D", "pred": "E", "correct": false, "route": "8", "forward_calls": 9}
{"task": "commonsenseqa", "id": "11d7db1d8e1cff2f40d4184f15cf7ae7", "gold": "B", "pred": "B", "correct": true, "route": "8", "forward_calls": 9}
{"task": "commonsenseqa", "id": "6c4b2c93a4bdafb6cbf2b2ef2439b06f", "gold": "C", "pred": "E", "correct": false, "route": "8", "forward_calls": 9}
{"task": "commonsenseqa", "id": "8af63d58cc35061dec38e5448c325988", "gold": "E", "pred": "E", "correct": true, "route": "8", "forward_calls": 9}
{"task": "commonsenseqa", "id": "001cb999a61a5c8b4031ff53cf261714", "gold": "A", "pred": "E", "correct": false, "route": "8", "forward_calls": 9}
{"task": "commonsenseqa", "id": "0e6a005eec5e6746f3facf4d608bfd8b", "gold": "D", "pred": "D", "correct": true, "route": "8", "forward_calls": 9}
{"task": "commonsenseqa", "id": "4423c006f2a43f222d4c4e97360c25d3", "gold": "A", "pred": "A", "correct": true, "route": "8", "forward_calls": 9}
{"task": "commonsenseqa", "id": "3526550b02d9594abd4fc43553010fc6", "gold": "D", "pred": "E", "correct": false, "route": "8", "forward_calls": 9}
{"task": "commonsenseqa", "id": "ba3a2b9ff289c106051163f840a6f5ba", "gold": "C", "pred": "C", "correct": true, "route": "8", "forward_calls": 9}
{"task": "commonsenseqa", "id": "8c11546468a2595b29a1297e73334fc4", "gold": "B", "pred": "B", "correct": true, "route": "8", "forward_calls": 9}
{"task": "commonsenseqa", "id": "e61891746aa94ab57aaa754614034aef", "gold": "C", "pred": "C", "correct": true, "route": "8", "forward_calls": 9}
{"task": "commonsenseqa", "id": "70701f5d1d62e58d5c74e2e303bb4065", "gold": "A", "pred": "A", "correct": true, "route": "8", "forward_calls": 9}
{"task": "commonsenseqa", "id": "f7a6d0d816d14210f3af5dabe21bf804", "gold": "A", "pred": "A", "correct": true, "route": "8", "forward_calls": 9}
{"task": "commonsenseqa", "id": "cf02cca40a47c2deefd8b2e5a5ff2f70", "gold": "A", "pred": "A", "correct": true, "route": "8", "forward_calls": 9}
{"task": "commonsenseqa", "id": "c74ae684ba6c76e2a913493483678c9d", "gold": "A", "pred": "E", "correct": false, "route": "8", "forward_calls": 9}
{"task": "commonsenseqa", "id": "07b51b231a9d6a143d8a73e69121e1b1", "gold": "B", "pred": "B", "correct": true, "route": "8", "forward_calls": 9}
{"task": "commonsenseqa", "id": "4015ab002ff8c233d1c7ef26f5156b88", "gold": "E", "pred": "E", "correct": true, "route": "8", "forward_calls": 9}
{"task": "commonsenseqa", "id": "30d0c2006613eec41ae814d76c17a798", "gold": "E", "pred": "E", "correct": true, "route": "8", "forward_calls": 9}
{"task": "commonsenseqa", "id": "463521a93ae71e93bea8b97cdf7a6792", "gold": "D", "pred": "B", "correct": false, "route": "8", "forward_calls": 9}
{"task": "commonsenseqa", "id": "6acd88b9b5dd15e23bbcc3fd679100a8", "gold": "A", "pred": "A", "correct": true, "route": "8", "forward_calls": 9}
{"task": "commonsenseqa", "id": "f0d473701d52125dd055d23042de1b0d", "gold": "A", "pred": "A", "correct": true, "route": "8", "forward_calls": 9}
{"task": "commonsenseqa", "id": "7c95d753943c58757fe6e1ccff8aea14", "gold": "C", "pred": "C", "correct": true, "route": "8", "forward_calls": 9}
{"task": "commonsenseqa", "id": "6915dfdefe3b1cd5fd8886c8bb84929a", "gold": "A", "pred": "A", "correct": true, "route": "8", "forward_calls": 9}
{"task": "commonsenseqa", "id": "d81f5c49bc060dc799681bf4cacac73a", "gold": "D", "pred": "D", "correct": true, "route": "8", "forward_calls": 9}
{"task": "commonsenseqa", "id": "3163910d665c139a1f6f07d85803baba", "gold": "E", "pred": "E", "correct": true, "route": "8", "forward_calls": 9}
{"task": "commonsenseqa", "id": "e5ad2184e37ae88b2bf46bf6bc0ed2f4", "gold": "D", "pred": "E", "correct": false, "route": "8", "forward_calls": 9}
{"task": "commonsenseqa", "id": "5392af3f1c4665e95ff3354e5115de42", "gold": "D", "pred": "D", "correct": true, "route": "8", "forward_calls": 9}
{"task": "commonsenseqa", "id": "7ec14907622c6d5a6087cd59a22d8c9d", "gold": "D", "pred": "D", "correct": true, "route": "8", "forward_calls": 9}
{"task": "commonsenseqa", "id": "487cabfcd776d89748ee7e7bb681ad59", "gold": "C", "pred": "D", "correct": false, "route": "8", "forward_calls": 9}
{"task": "commonsenseqa", "id": "af11faa29097b71141fe192ad019d1dd", "gold": "A", "pred": "C", "correct": false, "route": "8", "forward_calls": 9}
{"task": "commonsenseqa", "id": "7d7f7d7a8ae3b20ca9fc0da6efe467b4", "gold": "B", "pred": "B", "correct": true, "route": "8", "forward_calls": 9}
{"task": "commonsenseqa", "id": "7192c9f5c513aac9042bad595ff5af9f", "gold": "E", "pred": "E", "correct": true, "route": "8", "forward_calls": 9}
{"task": "commonsenseqa", "id": "07f108d5321a66f460685f5c7499ecb2", "gold": "C", "pred": "E", "correct": false, "route": "8", "forward_calls": 9}
{"task": "commonsenseqa", "id": "191e3c676f05a11d6b2565d8c27d2001", "gold": "A", "pred": "A", "correct": true, "route": "8", "forward_calls": 9}
{"task": "commonsenseqa", "id": "4d67cdb4ba1b0058e383c212303a9f4e", "gold": "C", "pred": "C", "correct": true, "route": "8", "forward_calls": 9}
{"task": "commonsenseqa", "id": "ae038e9af9d5a511ada7456b5e73b15e", "gold": "B", "pred": "B", "correct": true, "route": "8", "forward_calls": 9}
{"task": "commonsenseqa", "id": "56417ee33b44f0d916bedfb6fd99b0ec", "gold": "D", "pred": "D", "correct": true, "route": "8", "forward_calls": 9}
{"task": "commonsenseqa", "id": "ce246bc94a54431b9c0530e71d2456b5", "gold": "E", "pred": "E", "correct": true, "route": "8", "forward_calls": 9}
{"task": "commonsenseqa", "id": "1875f70cf736c68c7a9df3ef870224a1", "gold": "A", "pred": "D", "correct": false, "route": "8", "forward_calls": 9}
{"task": "commonsenseqa", "id": "009a7aabffe0583fc2df46656b29c326", "gold": "C", "pred": "C", "correct": true, "route": "8", "forward_calls": 9}
{"task": "commonsenseqa", "id": "3a6140e475cbbd3ee1da5ba9a6953597_1", "gold": "E", "pred": "E", "correct": true, "route": "8", "forward_calls": 9}
{"task": "commonsenseqa", "id": "1db19a32a3edbff9981976dc9ec800ce", "gold": "A", "pred": "D", "correct": false, "route": "8", "forward_calls": 9}
{"task": "commonsenseqa", "id": "fd243c96edec5b1b8520d5bfeddc6622", "gold": "A", "pred": "A", "correct": true, "route": "8", "forward_calls": 9}
{"task": "commonsenseqa", "id": "fb54a118d46b2776e435d411ae3dd9c8", "gold": "D", "pred": "D", "correct": true, "route": "8", "forward_calls": 9}
{"task": "commonsenseqa", "id": "4c30d5eed4137cba89747510973f37a3", "gold": "B", "pred": "B", "correct": true, "route": "8", "forward_calls": 9}
{"task": "commonsenseqa", "id": "3cb91a71a6567da870eedf37becc97ef", "gold": "A", "pred": "A", "correct": true, "route": "8", "forward_calls": 9}
{"task": "commonsenseqa", "id": "1fcc547e4e6813afc1a66717248d6c62", "gold": "C", "pred": "D", "correct": false, "route": "8", "forward_calls": 9}
{"task": "commonsenseqa", "id": "31487ab8b1e8f12e252590cc58bd19c2", "gold": "A", "pred": "A", "correct": true, "route": "8", "forward_calls": 9}
{"task": "commonsenseqa", "id": "a4b44a986e7f9045432e20ea75611df4", "gold": "C", "pred": "B", "correct": false, "route": "8", "forward_calls": 9}
{"task": "commonsenseqa", "id": "6efaeb796307036719635242fa5ad0f3", "gold": "E", "pred": "E", "correct": true, "route": "8", "forward_calls": 9}
{"task": "commonsenseqa", "id": "eaadd7a4b18cb48c00f85c3975750fe7", "gold": "A", "pred": "A", "correct": true, "route": "8", "forward_calls": 9}
{"task": "commonsenseqa", "id": "b1d5cdbf8ef7b3954a6a352bd4df5866", "gold": "A", "pred": "A", "correct": true, "route": "8", "forward_calls": 9}
{"task": "commonsenseqa", "id": "73fbd2caac2c3786ca810adfe7030273", "gold": "C", "pred": "C", "correct": true, "route": "8", "forward_calls": 9}
{"task": "commonsenseqa", "id": "d0c67c7ae6f2361fe237110455127866", "gold": "C", "pred": "C", "correct": true, "route": "8", "forward_calls": 9}
{"task": "commonsenseqa", "id": "1cd94405124031e8681cd12bd25e2d61", "gold": "D", "pred": "D", "correct": true, "route": "8", "forward_calls": 9}
{"task": "commonsenseqa", "id": "533599262a5dae7c7137cfe69e0e24fb", "gold": "B", "pred": "B", "correct": true, "route": "8", "forward_calls": 9}
{"task": "commonsenseqa", "id": "05ea49b82e8ec519e82d6633936ab8bf", "gold": "D", "pred": "D", "correct": true, "route": "8", "forward_calls": 9}
{"task": "commonsenseqa", "id": "60e7338e9e6bfc746a15a161eb12706c", "gold": "E", "pred": "E", "correct": true, "route": "8", "forward_calls": 9}
{"task": "commonsenseqa", "id": "8c8052980e357545398d27d1c3c832d8", "gold": "A", "pred": "A", "correct": true, "route": "8", "forward_calls": 9}
{"task": "commonsenseqa", "id": "76b2c6d254f9127b4fd66d90e1a330e7", "gold": "B", "pred": "B", "correct": true, "route": "8", "forward_calls": 9}
{"task": "commonsenseqa", "id": "aabe8eb218468fc63b6c9aa6d428c951", "gold": "B", "pred": "C", "correct": false, "route": "8", "forward_calls": 9}
{"task": "commonsenseqa", "id": "a7e3de0719fe30e7048f67426e29fdd1", "gold": "D", "pred": "D", "correct": true, "route": "8", "forward_calls": 9}
{"task": "commonsenseqa", "id": "8b548832703a8c68a788e2f9c0e222ae", "gold": "A", "pred": "A", "correct": true, "route": "8", "forward_calls": 9}
{"task": "commonsenseqa", "id": "a90f9197a13c64089c9ba95bcba275ad", "gold": "D", "pred": "D", "correct": true, "route": "8", "forward_calls": 9}
{"task": "commonsenseqa", "id": "ac6f0e24dd6203cda43e1089dcf081d6", "gold": "D", "pred": "D", "correct": true, "route": "8", "forward_calls": 9}
{"task": "commonsenseqa", "id": "3dee8fc7f0a3fbf4de111b6686fca157", "gold": "D", "pred": "D", "correct": true, "route": "8", "forward_calls": 9}
{"task": "commonsenseqa", "id": "aa984e2b487d08889bc0c73bab5ac945", "gold": "D", "pred": "D", "correct": true, "route": "8", "forward_calls": 9}
{"task": "commonsenseqa", "id": "732af155f677a51d05d0c9e080d598b6", "gold": "D", "pred": "D", "correct": true, "route": "8", "forward_calls": 9}
{"task": "commonsenseqa", "id": "2ffa3808ce26181926990b454e429c85", "gold": "C", "pred": "C", "correct": true, "route": "8", "forward_calls": 9}
{"task": "commonsenseqa", "id": "e56c56c3cfe50ba0c787c2bd67255be8", "gold": "D", "pred": "E", "correct": false, "route": "8", "forward_calls": 9}
{"task": "commonsenseqa", "id": "2729d8502208c25d8e9293cd4e8ecbb5", "gold": "C", "pred": "C", "correct": true, "route": "8", "forward_calls": 9}
{"task": "commonsenseqa", "id": "290fac9f881a83d8bfb34355f8e71044", "gold": "E", "pred": "E", "correct": true, "route": "8", "forward_calls": 9}
{"task": "commonsenseqa", "id": "1fe90a4aee405e1aa2279442d28803ae", "gold": "E", "pred": "C", "correct": false, "route": "8", "forward_calls": 9}
{"task": "commonsenseqa", "id": "1afa02df02c908a558b4036e80242fac", "gold": "A", "pred": "A", "correct": true, "route": "8", "forward_calls": 9}
{"task": "commonsenseqa", "id": "9e5ce2b7d9eb404cdf8c7317dd0b5a59", "gold": "C", "pred": "C", "correct": true, "route": "8", "forward_calls": 9}
{"task": "commonsenseqa", "id": "0a4a00ba435397c4a0496dd2c2426be7", "gold": "E", "pred": "E", "correct": true, "route": "8", "forward_calls": 9}
{"task": "commonsenseqa", "id": "8d1563697d751a364d688d6701ebdb39", "gold": "A", "pred": "B", "correct": false, "route": "8", "forward_calls": 9}
{"task": "commonsenseqa", "id": "f996430ce208606452868fd2e739d409", "gold": "B", "pred": "B", "correct": true, "route": "8", "forward_calls": 9}
{"task": "commonsenseqa", "id": "a0d02fc32878efdf0b0d420972943492", "gold": "B", "pred": "B", "correct": true, "route": "8", "forward_calls": 9}
{"task": "commonsenseqa", "id": "6195ed74cf445cb5d991e1076a080dde", "gold": "D", "pred": "D", "correct": true, "route": "8", "forward_calls": 9}
{"task": "commonsenseqa", "id": "b6bbe013995fdb5def3d504319af0791", "gold": "C", "pred": "C", "correct": true, "route": "8", "forward_calls": 9}
{"task": "commonsenseqa", "id": "64ab884bd870f6f68146636b4cce921c", "gold": "A", "pred": "A", "correct": true, "route": "8", "forward_calls": 9}
{"task": "commonsenseqa", "id": "7f7a6f2b3087bf37dadbe8aa8d358047", "gold": "C", "pred": "C", "correct": true, "route": "8", "forward_calls": 9}
{"task": "commonsenseqa", "id": "2b9b625c788584b8d41f1a74d740e126", "gold": "D", "pred": "D", "correct": true, "route": "8", "forward_calls": 9}
{"task": "commonsenseqa", "id": "1a8fbab20bbdf0bbf3961894662d5f7c", "gold": "E", "pred": "E", "correct": true, "route": "8", "forward_calls": 9}
{"task": "commonsenseqa", "id": "fc1d33a2301a30214523c12573f81aba", "gold": "C", "pred": "C", "correct": true, "route": "8", "forward_calls": 9}
{"task": "commonsenseqa", "id": "5279a2ea333ba8a5bf3a7637a7279da1", "gold": "D", "pred": "D", "correct": true, "route": "8", "forward_calls": 9}
{"task": "commonsenseqa", "id": "02f43014a135cbd39f23b044c99de96e", "gold": "A", "pred": "A", "correct": true, "route": "8", "forward_calls": 9}
{"task": "commonsenseqa", "id": "550164b7cf4e03153484136f10122c70", "gold": "D", "pred": "D", "correct": true, "route": "8", "forward_calls": 9}
{"task": "commonsenseqa", "id": "fe2a21ddb1bde76025a961126044a9a3", "gold": "D", "pred": "D", "correct": true, "route": "8", "forward_calls": 9}
{"task": "commonsenseqa", "id": "a4f5e5412f0f8ac9190db1730db07a90", "gold": "D", "pred": "D", "correct": true, "route": "8", "forward_calls": 9}
{"task": "commonsenseqa", "id": "63db79b940f36f0333377f85c19eacb2", "gold": "B", "pred": "D", "correct": false, "route": "8", "forward_calls": 9}
{"task": "commonsenseqa", "id": "4c968fa73699a38639ba3ffa1745bc21", "gold": "B", "pred": "D", "correct": false, "route": "8", "forward_calls": 9}
{"task": "commonsenseqa", "id": "ea33206992fb7ad1c3476e9673bb4a9c", "gold": "D", "pred": "D", "correct": true, "route": "8", "forward_calls": 9}
{"task": "commonsenseqa", "id": "3f3ba1d9a3bfe63df11247a968eaddce", "gold": "B", "pred": "B", "correct": true, "route": "8", "forward_calls": 9}
{"task": "commonsenseqa", "id": "2c13e6d61e3733db90a9fd22d72b3337", "gold": "C", "pred": "C", "correct": true, "route": "8", "forward_calls": 9}
{"task": "commonsenseqa", "id": "651785ed4f7b0bd2e7ca9f70a42acea5", "gold": "A", "pred": "A", "correct": true, "route": "8", "forward_calls": 9}
{"task": "commonsenseqa", "id": "1d44fb5f4b7f1e23ff6c1c083db81ba1", "gold": "E", "pred": "E", "correct": true, "route": "8", "forward_calls": 9}
{"task": "commonsenseqa", "id": "cfa980561efe82e7ae7080d4f081b463", "gold": "D", "pred": "D", "correct": true, "route": "8", "forward_calls": 9}
{"task": "commonsenseqa", "id": "2067720531fc03c017af941cec2f6f40", "gold": "C", "pred": "C", "correct": true, "route": "8", "forward_calls": 9}
{"task": "commonsenseqa", "id": "384b89e789e0f4b4796120394fb6303b", "gold": "D", "pred": "D", "correct": true, "route": "8", "forward_calls": 9}
{"task": "commonsenseqa", "id": "fff554fffa1a0adc64b8d1e21d55534b", "gold": "C", "pred": "C", "correct": true, "route": "8", "forward_calls": 9}
{"task": "commonsenseqa", "id": "e3426e4f60c142aa3d813479f79d6305", "gold": "C", "pred": "C", "correct": true, "route": "8", "forward_calls": 9}
{"task": "commonsenseqa", "id": "2c9f4a98ce774cd734b6e384d95051a7", "gold": "B", "pred": "E", "correct": false, "route": "8", "forward_calls": 9}
{"task": "commonsenseqa", "id": "6544a50bf9563d52dbd2034e81df0bf3", "gold": "D", "pred": "D", "correct": true, "route": "8", "forward_calls": 9}
{"task": "commonsenseqa", "id": "6c36226b23377a0dd0188bf56840e22a", "gold": "C", "pred": "C", "correct": true, "route": "8", "forward_calls": 9}
{"task": "commonsenseqa", "id": "3e2222c99e11fca2ad4af2d470eb8ea2_1", "gold": "D", "pred": "D", "correct": true, "route": "8", "forward_calls": 9}
{"task": "commonsenseqa", "id": "8086f022f2d4a4888ae1f8c7e4541ab9", "gold": "C", "pred": "C", "correct": true, "route": "8", "forward_calls": 9}
{"task": "commonsenseqa", "id": "061f326d2a87a10da6316b55bd5522bd", "gold": "D", "pred": "D", "correct": true, "route": "8", "forward_calls": 9}
{"task": "commonsenseqa", "id": "c43b60be106662de1863097ee3ddb4d2", "gold": "A", "pred": "A", "correct": true, "route": "8", "forward_calls": 9}
{"task": "commonsenseqa", "id": "2eef2d255fe629414f4d24ade8590102", "gold": "C", "pred": "C", "correct": true, "route": "8", "forward_calls": 9}
{
  "winogrande": {
    "accuracy": 0.756,
    "n": 500,
    "seconds": 497.1301829814911,
    "avg_forward_calls": 20.568,
    "route_rates": {
      "32": 0.466,
      "8": 0.522,
      "8->32": 0.012
    },
    "peak_mem_gb": 15.026233196258545
  },
  "commonsenseqa": {
    "accuracy": 0.812,
    "n": 500,
    "seconds": 218.1624436378479,
    "avg_forward_calls": 9.0,
    "route_rates": {
      "8": 1.0
    },
    "peak_mem_gb": 15.037663459777832
  }
}
