[Wed Jun 10 11:28:23 CST 2026] train balanced_vanilla_r8_s100 variant=lora mode=vanilla steps=100 lr=1e-4
Loading checkpoint shards:   0%|          | 0/6 [00:00<?, ?it/s]Loading checkpoint shards: 100%|██████████| 6/6 [00:00<00:00, 160.61it/s]
gradient_checkpointing skipped: LLaDAModelLM does not support gradient checkpointing.
trainable params: 10,485,760 || all params: 8,026,066,944 || trainable%: 0.1306
{"step": 1, "loss": 10.819173812866211, "choice_loss": 3.5940499305725098, "denoise_loss": 10.819173812866211, "consistency_loss": 0.0}
{"step": 10, "loss": 1.9116572141647339, "choice_loss": 1.88764488697052, "denoise_loss": 1.9116572141647339, "consistency_loss": 0.0}
{"step": 20, "loss": 1.164658546447754, "choice_loss": 1.1241604089736938, "denoise_loss": 1.164658546447754, "consistency_loss": 0.0}
{"step": 30, "loss": 0.9251933097839355, "choice_loss": 0.9221107363700867, "denoise_loss": 0.9251933097839355, "consistency_loss": 0.0}
{"step": 40, "loss": 0.026329822838306427, "choice_loss": 0.023717505857348442, "denoise_loss": 0.026329822838306427, "consistency_loss": 0.0}
{"step": 50, "loss": 0.19324615597724915, "choice_loss": 0.1902991682291031, "denoise_loss": 0.19324615597724915, "consistency_loss": 0.0}
{"step": 60, "loss": 0.5795574188232422, "choice_loss": 0.575939416885376, "denoise_loss": 0.5795574188232422, "consistency_loss": 0.0}
{"step": 70, "loss": 0.0008490057080052793, "choice_loss": 0.0004463391669560224, "denoise_loss": 0.0008490057080052793, "consistency_loss": 0.0}
{"step": 80, "loss": 0.0005308172549121082, "choice_loss": 0.00029905137489549816, "denoise_loss": 0.0005308172549121082, "consistency_loss": 0.0}
{"step": 90, "loss": 0.022336449474096298, "choice_loss": 0.019309287890791893, "denoise_loss": 0.022336449474096298, "consistency_loss": 0.0}
{"step": 100, "loss": 0.005687009077519178, "choice_loss": 0.004970218520611525, "denoise_loss": 0.005687009077519178, "consistency_loss": 0.0}
[Wed Jun 10 11:30:08 CST 2026] eval balanced_vanilla_r8_s100
Loading checkpoint shards:   0%|          | 0/6 [00:00<?, ?it/s]Loading checkpoint shards: 100%|██████████| 6/6 [00:00<00:00, 163.12it/s]
Using the latest cached version of the dataset since TIGER-Lab/MMLU-Pro couldn't be found on the Hugging Face Hub (offline mode is enabled).
Found the latest cached dataset configuration 'default' at /root/.cache/huggingface/datasets/TIGER-Lab___mmlu-pro/default/0.0.0/b189ec765aa7ed75c8acfea42df31fdae71f97be (last modified on Tue Jun  9 21:21:47 2026).
{"task": "mmlu_pro", "id": "4888", "gold": "H", "pred": "H", "correct": true}
{"task": "mmlu_pro", "id": "1458", "gold": "C", "pred": "B", "correct": false}
{"task": "mmlu_pro", "id": "351", "gold": "H", "pred": "H", "correct": true}
{"task": "mmlu_pro", "id": "9891", "gold": "I", "pred": "I", "correct": true}
{"task": "mmlu_pro", "id": "5167", "gold": "B", "pred": "B", "correct": true}
{"task": "mmlu_pro", "id": "7112", "gold": "G", "pred": "A", "correct": false}
{"task": "mmlu_pro", "id": "6376", "gold": "E", "pred": "D", "correct": false}
{"task": "mmlu_pro", "id": "8872", "gold": "A", "pred": "C", "correct": false}
{"task": "mmlu_pro", "id": "6026", "gold": "A", "pred": "F", "correct": false}
{"task": "mmlu_pro", "id": "2234", "gold": "C", "pred": "I", "correct": false}
{"task": "mmlu_pro", "id": "12119", "gold": "F", "pred": "F", "correct": true}
{"task": "mmlu_pro", "id": "3266", "gold": "J", "pred": "B", "correct": false}
{"task": "mmlu_pro", "id": "4512", "gold": "D", "pred": "D", "correct": true}
{"task": "mmlu_pro", "id": "7463", "gold": "D", "pred": "D", "correct": true}
{"task": "mmlu_pro", "id": "302", "gold": "H", "pred": "H", "correct": true}
{"task": "mmlu_pro", "id": "3744", "gold": "A", "pred": "I", "correct": false}
{"task": "mmlu_pro", "id": "10362", "gold": "A", "pred": "C", "correct": false}
{"task": "mmlu_pro", "id": "7638", "gold": "E", "pred": "E", "correct": true}
{"task": "mmlu_pro", "id": "479", "gold": "B", "pred": "D", "correct": false}
{"task": "mmlu_pro", "id": "1830", "gold": "I", "pred": "D", "correct": false}
{"task": "mmlu_pro", "id": "1496", "gold": "C", "pred": "D", "correct": false}
{"task": "mmlu_pro", "id": "11856", "gold": "I", "pred": "I", "correct": true}
{"task": "mmlu_pro", "id": "8350", "gold": "I", "pred": "I", "correct": true}
{"task": "mmlu_pro", "id": "7071", "gold": "F", "pred": "E", "correct": false}
{"task": "mmlu_pro", "id": "393", "gold": "J", "pred": "J", "correct": true}
{"task": "mmlu_pro", "id": "8585", "gold": "C", "pred": "D", "correct": false}
{"task": "mmlu_pro", "id": "10488", "gold": "D", "pred": "D", "correct": true}
{"task": "mmlu_pro", "id": "12254", "gold": "F", "pred": "F", "correct": true}
{"task": "mmlu_pro", "id": "7239", "gold": "F", "pred": "F", "correct": true}
{"task": "mmlu_pro", "id": "6041", "gold": "B", "pred": "H", "correct": false}
{"task": "mmlu_pro", "id": "1021", "gold": "E", "pred": "H", "correct": false}
{"task": "mmlu_pro", "id": "3489", "gold": "I", "pred": "I", "correct": true}
{"task": "mmlu_pro", "id": "654", "gold": "A", "pred": "A", "correct": true}
{"task": "mmlu_pro", "id": "9843", "gold": "A", "pred": "A", "correct": true}
{"task": "mmlu_pro", "id": "6209", "gold": "I", "pred": "I", "correct": true}
{"task": "mmlu_pro", "id": "10994", "gold": "E", "pred": "F", "correct": false}
{"task": "mmlu_pro", "id": "2934", "gold": "F", "pred": "B", "correct": false}
{"task": "mmlu_pro", "id": "10376", "gold": "A", "pred": "D", "correct": false}
{"task": "mmlu_pro", "id": "3660", "gold": "B", "pred": "F", "correct": false}
{"task": "mmlu_pro", "id": "6104", "gold": "I", "pred": "B", "correct": false}
{"task": "mmlu_pro", "id": "9454", "gold": "I", "pred": "D", "correct": false}
{"task": "mmlu_pro", "id": "6202", "gold": "F", "pred": "G", "correct": false}
{"task": "mmlu_pro", "id": "9561", "gold": "F", "pred": "F", "correct": true}
{"task": "mmlu_pro", "id": "4740", "gold": "C", "pred": "A", "correct": false}
{"task": "mmlu_pro", "id": "11039", "gold": "D", "pred": "A", "correct": false}
{"task": "mmlu_pro", "id": "5292", "gold": "C", "pred": "D", "correct": false}
{"task": "mmlu_pro", "id": "9576", "gold": "B", "pred": "H", "correct": false}
{"task": "mmlu_pro", "id": "1495", "gold": "D", "pred": "H", "correct": false}
{"task": "mmlu_pro", "id": "7950", "gold": "C", "pred": "I", "correct": false}
{"task": "mmlu_pro", "id": "3028", "gold": "D", "pred": "D", "correct": true}
Using the latest cached version of the dataset since qiaojin/PubMedQA couldn't be found on the Hugging Face Hub (offline mode is enabled).
Found the latest cached dataset configuration 'pqa_labeled' at /root/.cache/huggingface/datasets/qiaojin___pub_med_qa/pqa_labeled/0.0.0/9001f2853fb87cab8d220904e0de81ac6973b318 (last modified on Tue Jun  9 21:22:06 2026).
{"task": "pubmedqa", "id": "24098953", "gold": "yes", "pred": "yes", "correct": true}
{"task": "pubmedqa", "id": "25103647", "gold": "maybe", "pred": "yes", "correct": false}
{"task": "pubmedqa", "id": "23972333", "gold": "yes", "pred": "yes", "correct": true}
{"task": "pubmedqa", "id": "10759659", "gold": "yes", "pred": "yes", "correct": true}
{"task": "pubmedqa", "id": "21880023", "gold": "no", "pred": "no", "correct": true}
{"task": "pubmedqa", "id": "14627582", "gold": "no", "pred": "yes", "correct": false}
{"task": "pubmedqa", "id": "22427593", "gold": "maybe", "pred": "yes", "correct": false}
{"task": "pubmedqa", "id": "17096624", "gold": "yes", "pred": "yes", "correct": true}
{"task": "pubmedqa", "id": "20497146", "gold": "yes", "pred": "yes", "correct": true}
{"task": "pubmedqa", "id": "15939071", "gold": "yes", "pred": "yes", "correct": true}
{"task": "pubmedqa", "id": "17259061", "gold": "yes", "pred": "yes", "correct": true}
{"task": "pubmedqa", "id": "21346501", "gold": "yes", "pred": "yes", "correct": true}
{"task": "pubmedqa", "id": "26818046", "gold": "yes", "pred": "yes", "correct": true}
{"task": "pubmedqa", "id": "26548832", "gold": "yes", "pred": "yes", "correct": true}
{"task": "pubmedqa", "id": "25311479", "gold": "yes", "pred": "yes", "correct": true}
{"task": "pubmedqa", "id": "23088164", "gold": "no", "pred": "no", "correct": true}
{"task": "pubmedqa", "id": "18714572", "gold": "maybe", "pred": "yes", "correct": false}
{"task": "pubmedqa", "id": "14551704", "gold": "yes", "pred": "yes", "correct": true}
{"task": "pubmedqa", "id": "20353735", "gold": "no", "pred": "no", "correct": true}
{"task": "pubmedqa", "id": "24866606", "gold": "yes", "pred": "yes", "correct": true}
{"task": "pubmedqa", "id": "22236315", "gold": "no", "pred": "yes", "correct": false}
{"task": "pubmedqa", "id": "12970636", "gold": "no", "pred": "no", "correct": true}
{"task": "pubmedqa", "id": "10490564", "gold": "yes", "pred": "yes", "correct": true}
{"task": "pubmedqa", "id": "9722752", "gold": "yes", "pred": "yes", "correct": true}
{"task": "pubmedqa", "id": "10966943", "gold": "no", "pred": "no", "correct": true}
{"task": "pubmedqa", "id": "27217036", "gold": "yes", "pred": "no", "correct": false}
{"task": "pubmedqa", "id": "19757704", "gold": "yes", "pred": "yes", "correct": true}
{"task": "pubmedqa", "id": "24599411", "gold": "yes", "pred": "yes", "correct": true}
{"task": "pubmedqa", "id": "19419587", "gold": "yes", "pred": "yes", "correct": true}
{"task": "pubmedqa", "id": "10158597", "gold": "yes", "pred": "yes", "correct": true}
{"task": "pubmedqa", "id": "19394934", "gold": "yes", "pred": "no", "correct": false}
{"task": "pubmedqa", "id": "14976655", "gold": "yes", "pred": "no", "correct": false}
{"task": "pubmedqa", "id": "26175531", "gold": "no", "pred": "no", "correct": true}
{"task": "pubmedqa", "id": "12790890", "gold": "maybe", "pred": "no", "correct": false}
{"task": "pubmedqa", "id": "14631523", "gold": "no", "pred": "no", "correct": true}
{"task": "pubmedqa", "id": "15879722", "gold": "yes", "pred": "yes", "correct": true}
{"task": "pubmedqa", "id": "18319270", "gold": "no", "pred": "no", "correct": true}
{"task": "pubmedqa", "id": "14612308", "gold": "no", "pred": "yes", "correct": false}
{"task": "pubmedqa", "id": "25488308", "gold": "no", "pred": "yes", "correct": false}
{"task": "pubmedqa", "id": "18802997", "gold": "maybe", "pred": "yes", "correct": false}
{"task": "pubmedqa", "id": "8847047", "gold": "no", "pred": "no", "correct": true}
{"task": "pubmedqa", "id": "25255719", "gold": "yes", "pred": "no", "correct": false}
{"task": "pubmedqa", "id": "19852337", "gold": "yes", "pred": "yes", "correct": true}
{"task": "pubmedqa", "id": "2503176", "gold": "yes", "pred": "yes", "correct": true}
{"task": "pubmedqa", "id": "25156467", "gold": "yes", "pred": "yes", "correct": true}
{"task": "pubmedqa", "id": "26485091", "gold": "no", "pred": "no", "correct": true}
{"task": "pubmedqa", "id": "10456814", "gold": "no", "pred": "no", "correct": true}
{"task": "pubmedqa", "id": "23449952", "gold": "no", "pred": "no", "correct": true}
{"task": "pubmedqa", "id": "18948835", "gold": "yes", "pred": "yes", "correct": true}
{"task": "pubmedqa", "id": "17089900", "gold": "yes", "pred": "yes", "correct": true}
Using the latest cached version of the dataset since ceval/ceval-exam couldn't be found on the Hugging Face Hub (offline mode is enabled).
Found the latest cached dataset configuration 'computer_network' at /root/.cache/huggingface/datasets/ceval___ceval-exam/computer_network/0.0.0/617524a00b307ff6f9933702f724131fe12ca7ce (last modified on Tue Jun  9 21:22:29 2026).
{"task": "ceval_computer_network", "id": "74", "gold": "B", "pred": "B", "correct": true}
{"task": "ceval_computer_network", "id": "21", "gold": "C", "pred": "C", "correct": true}
{"task": "ceval_computer_network", "id": "4", "gold": "A", "pred": "B", "correct": false}
{"task": "ceval_computer_network", "id": "151", "gold": "C", "pred": "C", "correct": true}
{"task": "ceval_computer_network", "id": "78", "gold": "D", "pred": "C", "correct": false}
{"task": "ceval_computer_network", "id": "108", "gold": "A", "pred": "A", "correct": true}
{"task": "ceval_computer_network", "id": "97", "gold": "B", "pred": "B", "correct": true}
{"task": "ceval_computer_network", "id": "135", "gold": "A", "pred": "A", "correct": true}
{"task": "ceval_computer_network", "id": "91", "gold": "B", "pred": "A", "correct": false}
{"task": "ceval_computer_network", "id": "33", "gold": "A", "pred": "B", "correct": false}
{"task": "ceval_computer_network", "id": "49", "gold": "B", "pred": "B", "correct": true}
{"task": "ceval_computer_network", "id": "68", "gold": "C", "pred": "C", "correct": true}
{"task": "ceval_computer_network", "id": "113", "gold": "D", "pred": "B", "correct": false}
{"task": "ceval_computer_network", "id": "3", "gold": "C", "pred": "C", "correct": true}
{"task": "ceval_computer_network", "id": "56", "gold": "A", "pred": "A", "correct": true}
{"task": "ceval_computer_network", "id": "116", "gold": "B", "pred": "B", "correct": true}
{"task": "ceval_computer_network", "id": "6", "gold": "C", "pred": "C", "correct": true}
{"task": "ceval_computer_network", "id": "27", "gold": "C", "pred": "A", "correct": false}
{"task": "ceval_computer_network", "id": "169", "gold": "D", "pred": "C", "correct": false}
{"task": "ceval_computer_network", "id": "127", "gold": "B", "pred": "B", "correct": true}
{"task": "ceval_computer_network", "id": "107", "gold": "D", "pred": "C", "correct": false}
{"task": "ceval_computer_network", "id": "5", "gold": "D", "pred": "B", "correct": false}
{"task": "ceval_computer_network", "id": "131", "gold": "A", "pred": "A", "correct": true}
{"task": "ceval_computer_network", "id": "110", "gold": "D", "pred": "D", "correct": true}
{"task": "ceval_computer_network", "id": "162", "gold": "A", "pred": "A", "correct": true}
{"task": "ceval_computer_network", "id": "14", "gold": "B", "pred": "B", "correct": true}
{"task": "ceval_computer_network", "id": "52", "gold": "D", "pred": "D", "correct": true}
{"task": "ceval_computer_network", "id": "9", "gold": "D", "pred": "B", "correct": false}
{"task": "ceval_computer_network", "id": "94", "gold": "B", "pred": "C", "correct": false}
{"task": "ceval_computer_network", "id": "44", "gold": "D", "pred": "D", "correct": true}
{"task": "ceval_computer_network", "id": "55", "gold": "B", "pred": "B", "correct": true}
{"task": "ceval_computer_network", "id": "92", "gold": "B", "pred": "B", "correct": true}
{"task": "ceval_computer_network", "id": "142", "gold": "B", "pred": "B", "correct": true}
{"task": "ceval_computer_network", "id": "72", "gold": "C", "pred": "C", "correct": true}
{"task": "ceval_computer_network", "id": "80", "gold": "D", "pred": "D", "correct": true}
{"task": "ceval_computer_network", "id": "152", "gold": "B", "pred": "B", "correct": true}
{"task": "ceval_computer_network", "id": "121", "gold": "C", "pred": "C", "correct": true}
{"task": "ceval_computer_network", "id": "45", "gold": "A", "pred": "A", "correct": true}
{"task": "ceval_computer_network", "id": "123", "gold": "B", "pred": "B", "correct": true}
{"task": "ceval_computer_network", "id": "114", "gold": "C", "pred": "B", "correct": false}
{"task": "ceval_computer_network", "id": "41", "gold": "A", "pred": "A", "correct": true}
{"task": "ceval_computer_network", "id": "46", "gold": "C", "pred": "C", "correct": true}
{"task": "ceval_computer_network", "id": "133", "gold": "D", "pred": "B", "correct": false}
{"task": "ceval_computer_network", "id": "82", "gold": "D", "pred": "C", "correct": false}
{"task": "ceval_computer_network", "id": "86", "gold": "A", "pred": "B", "correct": false}
{"task": "ceval_computer_network", "id": "104", "gold": "A", "pred": "D", "correct": false}
{"task": "ceval_computer_network", "id": "66", "gold": "B", "pred": "D", "correct": false}
{"task": "ceval_computer_network", "id": "25", "gold": "B", "pred": "A", "correct": false}
{"task": "ceval_computer_network", "id": "170", "gold": "A", "pred": "A", "correct": true}
{"task": "ceval_computer_network", "id": "145", "gold": "A", "pred": "A", "correct": true}
Using the latest cached version of the dataset since allenai/sciq couldn't be found on the Hugging Face Hub (offline mode is enabled).
Found the latest cached dataset configuration 'default' at /root/.cache/huggingface/datasets/allenai___sciq/default/0.0.0/2c94ad3e1aafab77146f384e23536f97a4849815 (last modified on Tue Jun  9 21:22:56 2026).
{"task": "sciq", "id": "947", "gold": "C", "pred": "C", "correct": true}
{"task": "sciq", "id": "798", "gold": "B", "pred": "B", "correct": true}
{"task": "sciq", "id": "971", "gold": "B", "pred": "B", "correct": true}
{"task": "sciq", "id": "296", "gold": "D", "pred": "D", "correct": true}
{"task": "sciq", "id": "913", "gold": "D", "pred": "D", "correct": true}
{"task": "sciq", "id": "849", "gold": "A", "pred": "A", "correct": true}
{"task": "sciq", "id": "85", "gold": "A", "pred": "A", "correct": true}
{"task": "sciq", "id": "17", "gold": "B", "pred": "B", "correct": true}
{"task": "sciq", "id": "606", "gold": "B", "pred": "B", "correct": true}
{"task": "sciq", "id": "314", "gold": "B", "pred": "B", "correct": true}
{"task": "sciq", "id": "433", "gold": "B", "pred": "B", "correct": true}
{"task": "sciq", "id": "388", "gold": "D", "pred": "D", "correct": true}
{"task": "sciq", "id": "542", "gold": "C", "pred": "C", "correct": true}
{"task": "sciq", "id": "366", "gold": "A", "pred": "A", "correct": true}
{"task": "sciq", "id": "133", "gold": "D", "pred": "D", "correct": true}
{"task": "sciq", "id": "743", "gold": "D", "pred": "D", "correct": true}
{"task": "sciq", "id": "196", "gold": "C", "pred": "B", "correct": false}
{"task": "sciq", "id": "273", "gold": "C", "pred": "C", "correct": true}
{"task": "sciq", "id": "455", "gold": "A", "pred": "A", "correct": true}
{"task": "sciq", "id": "14", "gold": "D", "pred": "D", "correct": true}
{"task": "sciq", "id": "226", "gold": "A", "pred": "A", "correct": true}
{"task": "sciq", "id": "635", "gold": "D", "pred": "D", "correct": true}
{"task": "sciq", "id": "465", "gold": "C", "pred": "C", "correct": true}
{"task": "sciq", "id": "923", "gold": "A", "pred": "A", "correct": true}
{"task": "sciq", "id": "25", "gold": "C", "pred": "D", "correct": false}
{"task": "sciq", "id": "108", "gold": "C", "pred": "C", "correct": true}
{"task": "sciq", "id": "87", "gold": "B", "pred": "B", "correct": true}
{"task": "sciq", "id": "727", "gold": "D", "pred": "D", "correct": true}
{"task": "sciq", "id": "510", "gold": "D", "pred": "D", "correct": true}
{"task": "sciq", "id": "431", "gold": "A", "pred": "A", "correct": true}
{"task": "sciq", "id": "20", "gold": "D", "pred": "D", "correct": true}
{"task": "sciq", "id": "524", "gold": "C", "pred": "C", "correct": true}
{"task": "sciq", "id": "642", "gold": "A", "pred": "B", "correct": false}
{"task": "sciq", "id": "751", "gold": "D", "pred": "A", "correct": false}
{"task": "sciq", "id": "441", "gold": "B", "pred": "B", "correct": true}
{"task": "sciq", "id": "367", "gold": "B", "pred": "B", "correct": true}
{"task": "sciq", "id": "789", "gold": "C", "pred": "C", "correct": true}
{"task": "sciq", "id": "58", "gold": "D", "pred": "D", "correct": true}
{"task": "sciq", "id": "210", "gold": "B", "pred": "B", "correct": true}
{"task": "sciq", "id": "801", "gold": "C", "pred": "C", "correct": true}
{"task": "sciq", "id": "36", "gold": "B", "pred": "B", "correct": true}
{"task": "sciq", "id": "603", "gold": "A", "pred": "A", "correct": true}
{"task": "sciq", "id": "377", "gold": "A", "pred": "A", "correct": true}
{"task": "sciq", "id": "673", "gold": "D", "pred": "D", "correct": true}
{"task": "sciq", "id": "176", "gold": "A", "pred": "A", "correct": true}
{"task": "sciq", "id": "221", "gold": "B", "pred": "B", "correct": true}
{"task": "sciq", "id": "994", "gold": "C", "pred": "C", "correct": true}
{"task": "sciq", "id": "752", "gold": "B", "pred": "B", "correct": true}
{"task": "sciq", "id": "371", "gold": "C", "pred": "C", "correct": true}
{"task": "sciq", "id": "579", "gold": "A", "pred": "A", "correct": true}
Using the latest cached version of the dataset since allenai/winogrande couldn't be found on the Hugging Face Hub (offline mode is enabled).
Found the latest cached dataset configuration 'winogrande_xl' at /root/.cache/huggingface/datasets/allenai___winogrande/winogrande_xl/0.0.0/01e74176c63542e6b0bcb004dcdea22d94fb67b5 (last modified on Tue Jun  9 21:23:22 2026).
{"task": "winogrande", "id": "593", "gold": "A", "pred": "B", "correct": false}
{"task": "winogrande", "id": "171", "gold": "A", "pred": "A", "correct": true}
{"task": "winogrande", "id": "34", "gold": "B", "pred": "B", "correct": true}
{"task": "winogrande", "id": "1212", "gold": "B", "pred": "B", "correct": true}
{"task": "winogrande", "id": "628", "gold": "A", "pred": "B", "correct": false}
{"task": "winogrande", "id": "867", "gold": "A", "pred": "A", "correct": true}
{"task": "winogrande", "id": "776", "gold": "A", "pred": "A", "correct": true}
{"task": "winogrande", "id": "1085", "gold": "A", "pred": "B", "correct": false}
{"task": "winogrande", "id": "733", "gold": "A", "pred": "A", "correct": true}
{"task": "winogrande", "id": "266", "gold": "B", "pred": "A", "correct": false}
{"task": "winogrande", "id": "393", "gold": "B", "pred": "B", "correct": true}
{"task": "winogrande", "id": "547", "gold": "A", "pred": "A", "correct": true}
{"task": "winogrande", "id": "910", "gold": "A", "pred": "B", "correct": false}
{"task": "winogrande", "id": "28", "gold": "A", "pred": "A", "correct": true}
{"task": "winogrande", "id": "452", "gold": "A", "pred": "A", "correct": true}
{"task": "winogrande", "id": "931", "gold": "B", "pred": "A", "correct": false}
{"task": "winogrande", "id": "50", "gold": "A", "pred": "B", "correct": false}
{"task": "winogrande", "id": "216", "gold": "A", "pred": "A", "correct": true}
{"task": "winogrande", "id": "175", "gold": "B", "pred": "B", "correct": true}
{"task": "winogrande", "id": "1020", "gold": "B", "pred": "A", "correct": false}
{"task": "winogrande", "id": "862", "gold": "A", "pred": "A", "correct": true}
{"task": "winogrande", "id": "40", "gold": "A", "pred": "A", "correct": true}
{"task": "winogrande", "id": "1049", "gold": "A", "pred": "B", "correct": false}
{"task": "winogrande", "id": "883", "gold": "B", "pred": "B", "correct": true}
{"task": "winogrande", "id": "735", "gold": "B", "pred": "B", "correct": true}
{"task": "winogrande", "id": "117", "gold": "B", "pred": "B", "correct": true}
{"task": "winogrande", "id": "421", "gold": "B", "pred": "A", "correct": false}
{"task": "winogrande", "id": "72", "gold": "A", "pred": "A", "correct": true}
{"task": "winogrande", "id": "1206", "gold": "A", "pred": "A", "correct": true}
{"task": "winogrande", "id": "755", "gold": "A", "pred": "A", "correct": true}
{"task": "winogrande", "id": "352", "gold": "B", "pred": "B", "correct": true}
{"task": "winogrande", "id": "442", "gold": "B", "pred": "A", "correct": false}
{"task": "winogrande", "id": "742", "gold": "A", "pred": "B", "correct": false}
{"task": "winogrande", "id": "1158", "gold": "B", "pred": "B", "correct": true}
{"task": "winogrande", "id": "1171", "gold": "B", "pred": "B", "correct": true}
{"task": "winogrande", "id": "576", "gold": "A", "pred": "A", "correct": true}
{"task": "winogrande", "id": "643", "gold": "A", "pred": "B", "correct": false}
{"task": "winogrande", "id": "1173", "gold": "B", "pred": "B", "correct": true}
{"task": "winogrande", "id": "970", "gold": "A", "pred": "A", "correct": true}
{"task": "winogrande", "id": "363", "gold": "A", "pred": "A", "correct": true}
{"task": "winogrande", "id": "989", "gold": "A", "pred": "A", "correct": true}
{"task": "winogrande", "id": "1209", "gold": "B", "pred": "B", "correct": true}
{"task": "winogrande", "id": "916", "gold": "A", "pred": "A", "correct": true}
{"task": "winogrande", "id": "335", "gold": "A", "pred": "A", "correct": true}
{"task": "winogrande", "id": "372", "gold": "B", "pred": "B", "correct": true}
{"task": "winogrande", "id": "365", "gold": "B", "pred": "B", "correct": true}
{"task": "winogrande", "id": "1092", "gold": "B", "pred": "B", "correct": true}
{"task": "winogrande", "id": "662", "gold": "A", "pred": "A", "correct": true}
{"task": "winogrande", "id": "1065", "gold": "B", "pred": "B", "correct": true}
{"task": "winogrande", "id": "400", "gold": "B", "pred": "B", "correct": true}
Using the latest cached version of the dataset since tau/commonsense_qa couldn't be found on the Hugging Face Hub (offline mode is enabled).
Found the latest cached dataset configuration 'default' at /root/.cache/huggingface/datasets/tau___commonsense_qa/default/0.0.0/94630fe30dad47192a8546eb75f094926d47e155 (last modified on Tue Jun  9 21:40:30 2026).
{"task": "commonsenseqa", "id": "8b25332de2894ab38784235838d38cec", "gold": "E", "pred": "E", "correct": true}
{"task": "commonsenseqa", "id": "8ea5720718c0e122efa6277edb511569", "gold": "D", "pred": "D", "correct": true}
{"task": "commonsenseqa", "id": "4acd496cc78d96c2431279a5fd87de7c", "gold": "E", "pred": "E", "correct": true}
{"task": "commonsenseqa", "id": "01794dde3ca2991615f1aa2f63fb22e3", "gold": "E", "pred": "E", "correct": true}
{"task": "commonsenseqa", "id": "41bab71fea3fa04e5a4e10a2f86996df", "gold": "E", "pred": "E", "correct": true}
{"task": "commonsenseqa", "id": "c7ce02d9365fe9275f88338ad51cbde6", "gold": "A", "pred": "A", "correct": true}
{"task": "commonsenseqa", "id": "c9f7d07e6d363a99f5fadd68a4dfa35a", "gold": "B", "pred": "B", "correct": true}
{"task": "commonsenseqa", "id": "29c194d032a266a7160bff6f546a4d9d", "gold": "D", "pred": "D", "correct": true}
{"task": "commonsenseqa", "id": "32d5b7fcae24f0d4871cfb219c5a4b47", "gold": "C", "pred": "C", "correct": true}
{"task": "commonsenseqa", "id": "46351b3a6beb694c5f623583a3b1473d", "gold": "B", "pred": "B", "correct": true}
{"task": "commonsenseqa", "id": "5a50ea4bb2d13dc4f620ebd45025d445", "gold": "E", "pred": "E", "correct": true}
{"task": "commonsenseqa", "id": "5c2bc4335c8860342ec2d568ceb6ac6b", "gold": "C", "pred": "C", "correct": true}
{"task": "commonsenseqa", "id": "b3dc6d6a5e2f9d7da8eb72816c80b3f8_1", "gold": "A", "pred": "A", "correct": true}
{"task": "commonsenseqa", "id": "9889e5389917d812c09d6e5d382d333d", "gold": "B", "pred": "B", "correct": true}
{"task": "commonsenseqa", "id": "4ef3d70648ee3cea028bc5ed0fdfda28", "gold": "C", "pred": "C", "correct": true}
{"task": "commonsenseqa", "id": "359aed918343d228e67cef329b693904", "gold": "C", "pred": "C", "correct": true}
{"task": "commonsenseqa", "id": "011096bcfff30fd38046cf9db3a411c5", "gold": "C", "pred": "C", "correct": true}
{"task": "commonsenseqa", "id": "0f2377604e628c55ba588366139396b9", "gold": "E", "pred": "D", "correct": false}
{"task": "commonsenseqa", "id": "900492bd731f8f615ed7c08155737d44", "gold": "E", "pred": "E", "correct": true}
{"task": "commonsenseqa", "id": "0b52cc905fff0ca69a45e6353d10e401", "gold": "D", "pred": "D", "correct": true}
{"task": "commonsenseqa", "id": "6f48ee564a48293eb501cc0d8197bdd9", "gold": "C", "pred": "B", "correct": false}
{"task": "commonsenseqa", "id": "ba640b9634ad6b4ad98b17b4f152e562", "gold": "B", "pred": "B", "correct": true}
{"task": "commonsenseqa", "id": "5d4233146435ab0ca211e8ac9bfce76f", "gold": "A", "pred": "A", "correct": true}
{"task": "commonsenseqa", "id": "bd773d64f4e22db2358c6e00cbdf2d83", "gold": "A", "pred": "A", "correct": true}
{"task": "commonsenseqa", "id": "ef3d5d35128678937c36438466e0fc93", "gold": "E", "pred": "E", "correct": true}
{"task": "commonsenseqa", "id": "9dffd2021771e0ecddb19031acf3701b", "gold": "C", "pred": "B", "correct": false}
{"task": "commonsenseqa", "id": "8b3b598a647dfd2d63fcedce5f461040", "gold": "A", "pred": "A", "correct": true}
{"task": "commonsenseqa", "id": "821b32d39f57396979069b948030afe9", "gold": "D", "pred": "D", "correct": true}
{"task": "commonsenseqa", "id": "8f2976690c83be6b8fa3a1196dfd9722", "gold": "E", "pred": "E", "correct": true}
{"task": "commonsenseqa", "id": "66bfb6e209c94e6be5b0d04b0c7e2064", "gold": "C", "pred": "C", "correct": true}
{"task": "commonsenseqa", "id": "0bf4d64ad0eee7224acb3a4eb85accb2", "gold": "B", "pred": "B", "correct": true}
{"task": "commonsenseqa", "id": "ec86900559a0faf2aef066e511a4cfa6", "gold": "B", "pred": "B", "correct": true}
{"task": "commonsenseqa", "id": "7c45033e9fd9f1a759923971b14390ed", "gold": "E", "pred": "E", "correct": true}
{"task": "commonsenseqa", "id": "0f7425ecbe369bf41a230aab92d84132", "gold": "B", "pred": "B", "correct": true}
{"task": "commonsenseqa", "id": "42520bf3f93f8de23670044e019001a3", "gold": "E", "pred": "E", "correct": true}
{"task": "commonsenseqa", "id": "07fd8b0aed06406fedb137d11b07a890", "gold": "D", "pred": "C", "correct": false}
{"task": "commonsenseqa", "id": "3eb397b96b6c3a245c81ab30205943f1", "gold": "C", "pred": "C", "correct": true}
{"task": "commonsenseqa", "id": "ed50555f8db2b8f66caf9868dcd7e13b", "gold": "A", "pred": "A", "correct": true}
{"task": "commonsenseqa", "id": "ec224c1dbfb569cce7ec317fe987ae68", "gold": "B", "pred": "B", "correct": true}
{"task": "commonsenseqa", "id": "42c46e28baf0fc617a07419286178c0a", "gold": "E", "pred": "E", "correct": true}
{"task": "commonsenseqa", "id": "cf8e30dd6956d03e3f0f0397112a8696", "gold": "A", "pred": "D", "correct": false}
{"task": "commonsenseqa", "id": "549cf641318edfc0510fa7c7dbb359e1", "gold": "C", "pred": "C", "correct": true}
{"task": "commonsenseqa", "id": "5c171b9837af49211891ce40e4a10204", "gold": "D", "pred": "D", "correct": true}
{"task": "commonsenseqa", "id": "303aedda3a5ab8d853cbe4edc4b914c6", "gold": "C", "pred": "C", "correct": true}
{"task": "commonsenseqa", "id": "1d8d9e3504c8c58a3b923ddc155c19b0", "gold": "B", "pred": "B", "correct": true}
{"task": "commonsenseqa", "id": "8b23cd355ffc8b6e7aa5459ffb21b4e0", "gold": "B", "pred": "B", "correct": true}
{"task": "commonsenseqa", "id": "d78baca23e0a636a8961e17119047e63", "gold": "C", "pred": "C", "correct": true}
{"task": "commonsenseqa", "id": "a5dcac512870e79f5aa2b22dbd662404", "gold": "B", "pred": "B", "correct": true}
{"task": "commonsenseqa", "id": "c7526b682e64f355384631b35cd78fc9", "gold": "B", "pred": "B", "correct": true}
{"task": "commonsenseqa", "id": "1ef68db97654f30cd3701b942fadc934", "gold": "B", "pred": "B", "correct": true}
Using the latest cached version of the dataset since ai2_arc couldn't be found on the Hugging Face Hub (offline mode is enabled).
Found the latest cached dataset configuration 'ARC-Challenge' at /root/.cache/huggingface/datasets/ai2_arc/ARC-Challenge/0.0.0/210d026faf9955653af8916fad021475a3f00453 (last modified on Tue Jun  9 21:50:43 2026).
{"task": "arc_challenge", "id": "593", "gold": "A", "pred": "A", "correct": true}
{"task": "arc_challenge", "id": "171", "gold": "D", "pred": "D", "correct": true}
{"task": "arc_challenge", "id": "34", "gold": "A", "pred": "A", "correct": true}
{"task": "arc_challenge", "id": "628", "gold": "C", "pred": "C", "correct": true}
{"task": "arc_challenge", "id": "867", "gold": "C", "pred": "C", "correct": true}
{"task": "arc_challenge", "id": "776", "gold": "A", "pred": "A", "correct": true}
{"task": "arc_challenge", "id": "1085", "gold": "A", "pred": "A", "correct": true}
{"task": "arc_challenge", "id": "733", "gold": "C", "pred": "C", "correct": true}
{"task": "arc_challenge", "id": "266", "gold": "A", "pred": "A", "correct": true}
{"task": "arc_challenge", "id": "393", "gold": "B", "pred": "B", "correct": true}
{"task": "arc_challenge", "id": "547", "gold": "C", "pred": "C", "correct": true}
{"task": "arc_challenge", "id": "910", "gold": "D", "pred": "D", "correct": true}
{"task": "arc_challenge", "id": "28", "gold": "C", "pred": "D", "correct": false}
{"task": "arc_challenge", "id": "452", "gold": "D", "pred": "B", "correct": false}
{"task": "arc_challenge", "id": "931", "gold": "B", "pred": "C", "correct": false}
{"task": "arc_challenge", "id": "50", "gold": "D", "pred": "D", "correct": true}
{"task": "arc_challenge", "id": "216", "gold": "D", "pred": "D", "correct": true}
{"task": "arc_challenge", "id": "175", "gold": "A", "pred": "B", "correct": false}
{"task": "arc_challenge", "id": "1020", "gold": "C", "pred": "C", "correct": true}
{"task": "arc_challenge", "id": "862", "gold": "D", "pred": "D", "correct": true}
{"task": "arc_challenge", "id": "40", "gold": "C", "pred": "C", "correct": true}
{"task": "arc_challenge", "id": "1049", "gold": "A", "pred": "A", "correct": true}
{"task": "arc_challenge", "id": "883", "gold": "C", "pred": "C", "correct": true}
{"task": "arc_challenge", "id": "735", "gold": "D", "pred": "B", "correct": false}
{"task": "arc_challenge", "id": "117", "gold": "C", "pred": "C", "correct": true}
{"task": "arc_challenge", "id": "421", "gold": "C", "pred": "C", "correct": true}
{"task": "arc_challenge", "id": "72", "gold": "B", "pred": "B", "correct": true}
{"task": "arc_challenge", "id": "755", "gold": "D", "pred": "C", "correct": false}
{"task": "arc_challenge", "id": "352", "gold": "D", "pred": "D", "correct": true}
{"task": "arc_challenge", "id": "442", "gold": "A", "pred": "A", "correct": true}
{"task": "arc_challenge", "id": "742", "gold": "B", "pred": "B", "correct": true}
{"task": "arc_challenge", "id": "1158", "gold": "A", "pred": "A", "correct": true}
{"task": "arc_challenge", "id": "1171", "gold": "A", "pred": "A", "correct": true}
{"task": "arc_challenge", "id": "576", "gold": "A", "pred": "A", "correct": true}
{"task": "arc_challenge", "id": "643", "gold": "B", "pred": "B", "correct": true}
{"task": "arc_challenge", "id": "970", "gold": "A", "pred": "A", "correct": true}
{"task": "arc_challenge", "id": "363", "gold": "A", "pred": "A", "correct": true}
{"task": "arc_challenge", "id": "989", "gold": "D", "pred": "B", "correct": false}
{"task": "arc_challenge", "id": "916", "gold": "B", "pred": "B", "correct": true}
{"task": "arc_challenge", "id": "335", "gold": "D", "pred": "D", "correct": true}
{"task": "arc_challenge", "id": "372", "gold": "B", "pred": "B", "correct": true}
{"task": "arc_challenge", "id": "365", "gold": "B", "pred": "B", "correct": true}
{"task": "arc_challenge", "id": "1092", "gold": "B", "pred": "B", "correct": true}
{"task": "arc_challenge", "id": "662", "gold": "C", "pred": "C", "correct": true}
{"task": "arc_challenge", "id": "1065", "gold": "C", "pred": "B", "correct": false}
{"task": "arc_challenge", "id": "400", "gold": "C", "pred": "B", "correct": false}
{"task": "arc_challenge", "id": "234", "gold": "C", "pred": "C", "correct": true}
{"task": "arc_challenge", "id": "168", "gold": "A", "pred": "A", "correct": true}
{"task": "arc_challenge", "id": "201", "gold": "C", "pred": "C", "correct": true}
{"task": "arc_challenge", "id": "872", "gold": "C", "pred": "C", "correct": true}
Using the latest cached version of the dataset since Rowan/hellaswag couldn't be found on the Hugging Face Hub (offline mode is enabled).
Found the latest cached dataset configuration 'default' at /root/.cache/huggingface/datasets/Rowan___hellaswag/default/0.0.0/218ec52e09a7e7462a5400043bb9a69a41d06b76 (last modified on Tue Jun  9 22:21:06 2026).
{"task": "hellaswag", "id": "4749", "gold": "B", "pred": "B", "correct": true}
{"task": "hellaswag", "id": "1368", "gold": "A", "pred": "A", "correct": true}
{"task": "hellaswag", "id": "279", "gold": "A", "pred": "A", "correct": true}
{"task": "hellaswag", "id": "9699", "gold": "C", "pred": "C", "correct": true}
{"task": "hellaswag", "id": "5025", "gold": "C", "pred": "C", "correct": true}
{"task": "hellaswag", "id": "6942", "gold": "C", "pred": "C", "correct": true}
{"task": "hellaswag", "id": "6212", "gold": "B", "pred": "B", "correct": true}
{"task": "hellaswag", "id": "8684", "gold": "B", "pred": "C", "correct": false}
{"task": "hellaswag", "id": "5866", "gold": "B", "pred": "B", "correct": true}
{"task": "hellaswag", "id": "2134", "gold": "B", "pred": "B", "correct": true}
{"task": "hellaswag", "id": "3145", "gold": "D", "pred": "D", "correct": true}
{"task": "hellaswag", "id": "4380", "gold": "A", "pred": "C", "correct": false}
{"task": "hellaswag", "id": "7283", "gold": "B", "pred": "D", "correct": false}
{"task": "hellaswag", "id": "230", "gold": "B", "pred": "A", "correct": false}
{"task": "hellaswag", "id": "3621", "gold": "A", "pred": "C", "correct": false}
{"task": "hellaswag", "id": "7455", "gold": "D", "pred": "D", "correct": true}
{"task": "hellaswag", "id": "405", "gold": "C", "pred": "C", "correct": true}
{"task": "hellaswag", "id": "1735", "gold": "A", "pred": "B", "correct": false}
{"task": "hellaswag", "id": "1405", "gold": "C", "pred": "A", "correct": false}
{"task": "hellaswag", "id": "8163", "gold": "A", "pred": "A", "correct": true}
{"task": "hellaswag", "id": "6901", "gold": "B", "pred": "B", "correct": true}
{"task": "hellaswag", "id": "320", "gold": "D", "pred": "D", "correct": true}
{"task": "hellaswag", "id": "8398", "gold": "B", "pred": "B", "correct": true}
{"task": "hellaswag", "id": "7066", "gold": "A", "pred": "A", "correct": true}
{"task": "hellaswag", "id": "5881", "gold": "A", "pred": "A", "correct": true}
{"task": "hellaswag", "id": "942", "gold": "C", "pred": "C", "correct": true}
{"task": "hellaswag", "id": "3368", "gold": "C", "pred": "C", "correct": true}
{"task": "hellaswag", "id": "578", "gold": "D", "pred": "B", "correct": false}
{"task": "hellaswag", "id": "9652", "gold": "D", "pred": "D", "correct": true}
{"task": "hellaswag", "id": "6047", "gold": "B", "pred": "B", "correct": true}
{"task": "hellaswag", "id": "2816", "gold": "C", "pred": "A", "correct": false}
{"task": "hellaswag", "id": "3539", "gold": "B", "pred": "B", "correct": true}
{"task": "hellaswag", "id": "5943", "gold": "B", "pred": "B", "correct": true}
{"task": "hellaswag", "id": "9265", "gold": "B", "pred": "A", "correct": false}
{"task": "hellaswag", "id": "6040", "gold": "C", "pred": "C", "correct": true}
{"task": "hellaswag", "id": "9372", "gold": "B", "pred": "B", "correct": true}
{"task": "hellaswag", "id": "4608", "gold": "C", "pred": "A", "correct": false}
{"task": "hellaswag", "id": "5150", "gold": "B", "pred": "B", "correct": true}
{"task": "hellaswag", "id": "9387", "gold": "C", "pred": "C", "correct": true}
{"task": "hellaswag", "id": "1404", "gold": "D", "pred": "D", "correct": true}
{"task": "hellaswag", "id": "7767", "gold": "B", "pred": "B", "correct": true}
{"task": "hellaswag", "id": "2910", "gold": "C", "pred": "C", "correct": true}
{"task": "hellaswag", "id": "7914", "gold": "B", "pred": "B", "correct": true}
{"task": "hellaswag", "id": "9676", "gold": "D", "pred": "D", "correct": true}
{"task": "hellaswag", "id": "7331", "gold": "A", "pred": "B", "correct": false}
{"task": "hellaswag", "id": "2680", "gold": "C", "pred": "C", "correct": true}
{"task": "hellaswag", "id": "2982", "gold": "B", "pred": "B", "correct": true}
{"task": "hellaswag", "id": "2925", "gold": "B", "pred": "B", "correct": true}
{"task": "hellaswag", "id": "8742", "gold": "D", "pred": "D", "correct": true}
{"task": "hellaswag", "id": "5298", "gold": "D", "pred": "D", "correct": true}
Using the latest cached version of the dataset since google/boolq couldn't be found on the Hugging Face Hub (offline mode is enabled).
Found the latest cached dataset configuration 'default' at /root/.cache/huggingface/datasets/google___boolq/default/0.0.0/35b264d03638db9f4ce671b711558bf7ff0f80d5 (last modified on Tue Jun  9 22:23:07 2026).
{"task": "boolq", "id": "3192", "gold": "yes", "pred": "yes", "correct": true}
{"task": "boolq", "id": "1187", "gold": "no", "pred": "no", "correct": true}
{"task": "boolq", "id": "342", "gold": "yes", "pred": "no", "correct": false}
{"task": "boolq", "id": "69", "gold": "yes", "pred": "yes", "correct": true}
{"task": "boolq", "id": "2424", "gold": "yes", "pred": "yes", "correct": true}
{"task": "boolq", "id": "1256", "gold": "no", "pred": "no", "correct": true}
{"task": "boolq", "id": "1735", "gold": "no", "pred": "no", "correct": true}
{"task": "boolq", "id": "1553", "gold": "no", "pred": "no", "correct": true}
{"task": "boolq", "id": "2171", "gold": "no", "pred": "no", "correct": true}
{"task": "boolq", "id": "1466", "gold": "yes", "pred": "yes", "correct": true}
{"task": "boolq", "id": "533", "gold": "no", "pred": "no", "correct": true}
{"task": "boolq", "id": "2973", "gold": "yes", "pred": "yes", "correct": true}
{"task": "boolq", "id": "786", "gold": "no", "pred": "no", "correct": true}
{"task": "boolq", "id": "1095", "gold": "yes", "pred": "yes", "correct": true}
{"task": "boolq", "id": "1820", "gold": "yes", "pred": "no", "correct": false}
{"task": "boolq", "id": "57", "gold": "yes", "pred": "yes", "correct": true}
{"task": "boolq", "id": "905", "gold": "yes", "pred": "yes", "correct": true}
{"task": "boolq", "id": "2540", "gold": "no", "pred": "no", "correct": true}
{"task": "boolq", "id": "1863", "gold": "yes", "pred": "yes", "correct": true}
{"task": "boolq", "id": "101", "gold": "no", "pred": "yes", "correct": false}
{"task": "boolq", "id": "433", "gold": "no", "pred": "no", "correct": true}
{"task": "boolq", "id": "351", "gold": "no", "pred": "no", "correct": true}
{"task": "boolq", "id": "2908", "gold": "no", "pred": "no", "correct": true}
{"task": "boolq", "id": "2040", "gold": "yes", "pred": "yes", "correct": true}
{"task": "boolq", "id": "1725", "gold": "no", "pred": "yes", "correct": false}
{"task": "boolq", "id": "80", "gold": "no", "pred": "no", "correct": true}
{"task": "boolq", "id": "2099", "gold": "yes", "pred": "yes", "correct": true}
{"task": "boolq", "id": "2570", "gold": "no", "pred": "no", "correct": true}
{"task": "boolq", "id": "3007", "gold": "no", "pred": "no", "correct": true}
{"task": "boolq", "id": "1766", "gold": "yes", "pred": "yes", "correct": true}
{"task": "boolq", "id": "1470", "gold": "no", "pred": "no", "correct": true}
{"task": "boolq", "id": "3157", "gold": "yes", "pred": "yes", "correct": true}
{"task": "boolq", "id": "235", "gold": "no", "pred": "no", "correct": true}
{"task": "boolq", "id": "842", "gold": "yes", "pred": "yes", "correct": true}
{"task": "boolq", "id": "3207", "gold": "no", "pred": "no", "correct": true}
{"task": "boolq", "id": "144", "gold": "no", "pred": "no", "correct": true}
{"task": "boolq", "id": "2413", "gold": "yes", "pred": "yes", "correct": true}
{"task": "boolq", "id": "1511", "gold": "yes", "pred": "yes", "correct": true}
{"task": "boolq", "id": "2694", "gold": "no", "pred": "no", "correct": true}
{"task": "boolq", "id": "704", "gold": "yes", "pred": "yes", "correct": true}
{"task": "boolq", "id": "2543", "gold": "yes", "pred": "yes", "correct": true}
{"task": "boolq", "id": "884", "gold": "no", "pred": "no", "correct": true}
{"task": "boolq", "id": "3011", "gold": "yes", "pred": "yes", "correct": true}
{"task": "boolq", "id": "1485", "gold": "yes", "pred": "yes", "correct": true}
{"task": "boolq", "id": "2316", "gold": "no", "pred": "no", "correct": true}
{"task": "boolq", "id": "3112", "gold": "no", "pred": "no", "correct": true}
{"task": "boolq", "id": "1510", "gold": "yes", "pred": "yes", "correct": true}
{"task": "boolq", "id": "2343", "gold": "yes", "pred": "yes", "correct": true}
{"task": "boolq", "id": "1152", "gold": "yes", "pred": "yes", "correct": true}
{"task": "boolq", "id": "2705", "gold": "yes", "pred": "no", "correct": false}
{
  "mmlu_pro": {
    "accuracy": 0.42,
    "n": 50,
    "seconds": 94.45989942550659,
    "peak_mem_gb": 15.53784990310669
  },
  "pubmedqa": {
    "accuracy": 0.74,
    "n": 50,
    "seconds": 109.7003402709961,
    "peak_mem_gb": 15.483989238739014
  },
  "ceval_computer_network": {
    "accuracy": 0.64,
    "n": 50,
    "seconds": 58.56504201889038,
    "peak_mem_gb": 15.15539026260376
  },
  "sciq": {
    "accuracy": 0.92,
    "n": 50,
    "seconds": 60.119521617889404,
    "peak_mem_gb": 15.132664203643799
  },
  "winogrande": {
    "accuracy": 0.74,
    "n": 50,
    "seconds": 59.907636404037476,
    "peak_mem_gb": 15.101815223693848
  },
  "commonsenseqa": {
    "accuracy": 0.9,
    "n": 50,
    "seconds": 59.90372085571289,
    "peak_mem_gb": 15.122297763824463
  },
  "arc_challenge": {
    "accuracy": 0.82,
    "n": 50,
    "seconds": 58.57394003868103,
    "peak_mem_gb": 15.156818866729736
  },
  "hellaswag": {
    "accuracy": 0.76,
    "n": 50,
    "seconds": 77.61073970794678,
    "peak_mem_gb": 15.266828536987305
  },
  "boolq": {
    "accuracy": 0.9,
    "n": 50,
    "seconds": 70.40180397033691,
    "peak_mem_gb": 15.349694728851318
  }
}
[Wed Jun 10 11:41:13 CST 2026] train balanced_vanilla_r8_highnoise_s100 variant=lora mode=vanilla steps=100 lr=1e-4
Loading checkpoint shards:   0%|          | 0/6 [00:00<?, ?it/s]Loading checkpoint shards: 100%|██████████| 6/6 [00:00<00:00, 164.54it/s]
gradient_checkpointing skipped: LLaDAModelLM does not support gradient checkpointing.
trainable params: 10,485,760 || all params: 8,026,066,944 || trainable%: 0.1306
{"step": 1, "loss": 10.819173812866211, "choice_loss": 3.5940499305725098, "denoise_loss": 10.819173812866211, "consistency_loss": 0.0}
{"step": 10, "loss": 1.875427484512329, "choice_loss": 1.8506841659545898, "denoise_loss": 1.875427484512329, "consistency_loss": 0.0}
{"step": 20, "loss": 1.2657861709594727, "choice_loss": 1.2218273878097534, "denoise_loss": 1.2657861709594727, "consistency_loss": 0.0}
{"step": 30, "loss": 0.9777965545654297, "choice_loss": 0.974776029586792, "denoise_loss": 0.9777965545654297, "consistency_loss": 0.0}
{"step": 40, "loss": 0.026033347472548485, "choice_loss": 0.02351701818406582, "denoise_loss": 0.026033347472548485, "consistency_loss": 0.0}
{"step": 50, "loss": 0.203910231590271, "choice_loss": 0.2014133334159851, "denoise_loss": 0.203910231590271, "consistency_loss": 0.0}
{"step": 60, "loss": 0.5266010761260986, "choice_loss": 0.5231232643127441, "denoise_loss": 0.5266010761260986, "consistency_loss": 0.0}
{"step": 70, "loss": 0.000858415151014924, "choice_loss": 0.0004278697888366878, "denoise_loss": 0.000858415151014924, "consistency_loss": 0.0}
{"step": 80, "loss": 0.0006115949945524335, "choice_loss": 0.0003367095487192273, "denoise_loss": 0.0006115949945524335, "consistency_loss": 0.0}
{"step": 90, "loss": 0.024876561015844345, "choice_loss": 0.02185230888426304, "denoise_loss": 0.024876561015844345, "consistency_loss": 0.0}
{"step": 100, "loss": 0.010546308010816574, "choice_loss": 0.00949143711477518, "denoise_loss": 0.010546308010816574, "consistency_loss": 0.0}
[Wed Jun 10 11:43:00 CST 2026] eval balanced_vanilla_r8_highnoise_s100
Loading checkpoint shards:   0%|          | 0/6 [00:00<?, ?it/s]Loading checkpoint shards: 100%|██████████| 6/6 [00:00<00:00, 155.09it/s]
Using the latest cached version of the dataset since TIGER-Lab/MMLU-Pro couldn't be found on the Hugging Face Hub (offline mode is enabled).
Found the latest cached dataset configuration 'default' at /root/.cache/huggingface/datasets/TIGER-Lab___mmlu-pro/default/0.0.0/b189ec765aa7ed75c8acfea42df31fdae71f97be (last modified on Tue Jun  9 21:21:47 2026).
{"task": "mmlu_pro", "id": "4888", "gold": "H", "pred": "H", "correct": true}
{"task": "mmlu_pro", "id": "1458", "gold": "C", "pred": "B", "correct": false}
{"task": "mmlu_pro", "id": "351", "gold": "H", "pred": "H", "correct": true}
{"task": "mmlu_pro", "id": "9891", "gold": "I", "pred": "I", "correct": true}
{"task": "mmlu_pro", "id": "5167", "gold": "B", "pred": "B", "correct": true}
{"task": "mmlu_pro", "id": "7112", "gold": "G", "pred": "A", "correct": false}
{"task": "mmlu_pro", "id": "6376", "gold": "E", "pred": "D", "correct": false}
{"task": "mmlu_pro", "id": "8872", "gold": "A", "pred": "C", "correct": false}
{"task": "mmlu_pro", "id": "6026", "gold": "A", "pred": "F", "correct": false}
{"task": "mmlu_pro", "id": "2234", "gold": "C", "pred": "I", "correct": false}
{"task": "mmlu_pro", "id": "12119", "gold": "F", "pred": "F", "correct": true}
{"task": "mmlu_pro", "id": "3266", "gold": "J", "pred": "B", "correct": false}
{"task": "mmlu_pro", "id": "4512", "gold": "D", "pred": "D", "correct": true}
{"task": "mmlu_pro", "id": "7463", "gold": "D", "pred": "D", "correct": true}
{"task": "mmlu_pro", "id": "302", "gold": "H", "pred": "H", "correct": true}
{"task": "mmlu_pro", "id": "3744", "gold": "A", "pred": "I", "correct": false}
{"task": "mmlu_pro", "id": "10362", "gold": "A", "pred": "C", "correct": false}
{"task": "mmlu_pro", "id": "7638", "gold": "E", "pred": "E", "correct": true}
{"task": "mmlu_pro", "id": "479", "gold": "B", "pred": "D", "correct": false}
{"task": "mmlu_pro", "id": "1830", "gold": "I", "pred": "D", "correct": false}
{"task": "mmlu_pro", "id": "1496", "gold": "C", "pred": "D", "correct": false}
{"task": "mmlu_pro", "id": "11856", "gold": "I", "pred": "I", "correct": true}
{"task": "mmlu_pro", "id": "8350", "gold": "I", "pred": "I", "correct": true}
{"task": "mmlu_pro", "id": "7071", "gold": "F", "pred": "E", "correct": false}
{"task": "mmlu_pro", "id": "393", "gold": "J", "pred": "J", "correct": true}
{"task": "mmlu_pro", "id": "8585", "gold": "C", "pred": "D", "correct": false}
{"task": "mmlu_pro", "id": "10488", "gold": "D", "pred": "D", "correct": true}
{"task": "mmlu_pro", "id": "12254", "gold": "F", "pred": "F", "correct": true}
{"task": "mmlu_pro", "id": "7239", "gold": "F", "pred": "F", "correct": true}
{"task": "mmlu_pro", "id": "6041", "gold": "B", "pred": "H", "correct": false}
{"task": "mmlu_pro", "id": "1021", "gold": "E", "pred": "H", "correct": false}
{"task": "mmlu_pro", "id": "3489", "gold": "I", "pred": "I", "correct": true}
{"task": "mmlu_pro", "id": "654", "gold": "A", "pred": "A", "correct": true}
{"task": "mmlu_pro", "id": "9843", "gold": "A", "pred": "A", "correct": true}
{"task": "mmlu_pro", "id": "6209", "gold": "I", "pred": "I", "correct": true}
{"task": "mmlu_pro", "id": "10994", "gold": "E", "pred": "F", "correct": false}
{"task": "mmlu_pro", "id": "2934", "gold": "F", "pred": "B", "correct": false}
{"task": "mmlu_pro", "id": "10376", "gold": "A", "pred": "D", "correct": false}
{"task": "mmlu_pro", "id": "3660", "gold": "B", "pred": "B", "correct": true}
{"task": "mmlu_pro", "id": "6104", "gold": "I", "pred": "B", "correct": false}
{"task": "mmlu_pro", "id": "9454", "gold": "I", "pred": "D", "correct": false}
{"task": "mmlu_pro", "id": "6202", "gold": "F", "pred": "I", "correct": false}
{"task": "mmlu_pro", "id": "9561", "gold": "F", "pred": "F", "correct": true}
{"task": "mmlu_pro", "id": "4740", "gold": "C", "pred": "A", "correct": false}
{"task": "mmlu_pro", "id": "11039", "gold": "D", "pred": "A", "correct": false}
{"task": "mmlu_pro", "id": "5292", "gold": "C", "pred": "D", "correct": false}
{"task": "mmlu_pro", "id": "9576", "gold": "B", "pred": "H", "correct": false}
{"task": "mmlu_pro", "id": "1495", "gold": "D", "pred": "H", "correct": false}
{"task": "mmlu_pro", "id": "7950", "gold": "C", "pred": "I", "correct": false}
{"task": "mmlu_pro", "id": "3028", "gold": "D", "pred": "D", "correct": true}
Using the latest cached version of the dataset since qiaojin/PubMedQA couldn't be found on the Hugging Face Hub (offline mode is enabled).
Found the latest cached dataset configuration 'pqa_labeled' at /root/.cache/huggingface/datasets/qiaojin___pub_med_qa/pqa_labeled/0.0.0/9001f2853fb87cab8d220904e0de81ac6973b318 (last modified on Tue Jun  9 21:22:06 2026).
{"task": "pubmedqa", "id": "24098953", "gold": "yes", "pred": "yes", "correct": true}
{"task": "pubmedqa", "id": "25103647", "gold": "maybe", "pred": "yes", "correct": false}
{"task": "pubmedqa", "id": "23972333", "gold": "yes", "pred": "yes", "correct": true}
{"task": "pubmedqa", "id": "10759659", "gold": "yes", "pred": "yes", "correct": true}
{"task": "pubmedqa", "id": "21880023", "gold": "no", "pred": "no", "correct": true}
{"task": "pubmedqa", "id": "14627582", "gold": "no", "pred": "yes", "correct": false}
{"task": "pubmedqa", "id": "22427593", "gold": "maybe", "pred": "yes", "correct": false}
{"task": "pubmedqa", "id": "17096624", "gold": "yes", "pred": "yes", "correct": true}
{"task": "pubmedqa", "id": "20497146", "gold": "yes", "pred": "yes", "correct": true}
{"task": "pubmedqa", "id": "15939071", "gold": "yes", "pred": "yes", "correct": true}
{"task": "pubmedqa", "id": "17259061", "gold": "yes", "pred": "yes", "correct": true}
{"task": "pubmedqa", "id": "21346501", "gold": "yes", "pred": "yes", "correct": true}
{"task": "pubmedqa", "id": "26818046", "gold": "yes", "pred": "yes", "correct": true}
{"task": "pubmedqa", "id": "26548832", "gold": "yes", "pred": "yes", "correct": true}
{"task": "pubmedqa", "id": "25311479", "gold": "yes", "pred": "yes", "correct": true}
{"task": "pubmedqa", "id": "23088164", "gold": "no", "pred": "no", "correct": true}
{"task": "pubmedqa", "id": "18714572", "gold": "maybe", "pred": "yes", "correct": false}
{"task": "pubmedqa", "id": "14551704", "gold": "yes", "pred": "yes", "correct": true}
{"task": "pubmedqa", "id": "20353735", "gold": "no", "pred": "no", "correct": true}
{"task": "pubmedqa", "id": "24866606", "gold": "yes", "pred": "yes", "correct": true}
{"task": "pubmedqa", "id": "22236315", "gold": "no", "pred": "yes", "correct": false}
{"task": "pubmedqa", "id": "12970636", "gold": "no", "pred": "no", "correct": true}
{"task": "pubmedqa", "id": "10490564", "gold": "yes", "pred": "yes", "correct": true}
{"task": "pubmedqa", "id": "9722752", "gold": "yes", "pred": "yes", "correct": true}
{"task": "pubmedqa", "id": "10966943", "gold": "no", "pred": "no", "correct": true}
{"task": "pubmedqa", "id": "27217036", "gold": "yes", "pred": "no", "correct": false}
{"task": "pubmedqa", "id": "19757704", "gold": "yes", "pred": "yes", "correct": true}
{"task": "pubmedqa", "id": "24599411", "gold": "yes", "pred": "yes", "correct": true}
{"task": "pubmedqa", "id": "19419587", "gold": "yes", "pred": "yes", "correct": true}
{"task": "pubmedqa", "id": "10158597", "gold": "yes", "pred": "yes", "correct": true}
{"task": "pubmedqa", "id": "19394934", "gold": "yes", "pred": "no", "correct": false}
{"task": "pubmedqa", "id": "14976655", "gold": "yes", "pred": "no", "correct": false}
{"task": "pubmedqa", "id": "26175531", "gold": "no", "pred": "no", "correct": true}
{"task": "pubmedqa", "id": "12790890", "gold": "maybe", "pred": "no", "correct": false}
{"task": "pubmedqa", "id": "14631523", "gold": "no", "pred": "no", "correct": true}
{"task": "pubmedqa", "id": "15879722", "gold": "yes", "pred": "yes", "correct": true}
{"task": "pubmedqa", "id": "18319270", "gold": "no", "pred": "no", "correct": true}
{"task": "pubmedqa", "id": "14612308", "gold": "no", "pred": "yes", "correct": false}
{"task": "pubmedqa", "id": "25488308", "gold": "no", "pred": "yes", "correct": false}
{"task": "pubmedqa", "id": "18802997", "gold": "maybe", "pred": "yes", "correct": false}
{"task": "pubmedqa", "id": "8847047", "gold": "no", "pred": "no", "correct": true}
{"task": "pubmedqa", "id": "25255719", "gold": "yes", "pred": "no", "correct": false}
{"task": "pubmedqa", "id": "19852337", "gold": "yes", "pred": "yes", "correct": true}
{"task": "pubmedqa", "id": "2503176", "gold": "yes", "pred": "yes", "correct": true}
{"task": "pubmedqa", "id": "25156467", "gold": "yes", "pred": "yes", "correct": true}
{"task": "pubmedqa", "id": "26485091", "gold": "no", "pred": "no", "correct": true}
{"task": "pubmedqa", "id": "10456814", "gold": "no", "pred": "no", "correct": true}
{"task": "pubmedqa", "id": "23449952", "gold": "no", "pred": "no", "correct": true}
{"task": "pubmedqa", "id": "18948835", "gold": "yes", "pred": "yes", "correct": true}
{"task": "pubmedqa", "id": "17089900", "gold": "yes", "pred": "yes", "correct": true}
Using the latest cached version of the dataset since ceval/ceval-exam couldn't be found on the Hugging Face Hub (offline mode is enabled).
Found the latest cached dataset configuration 'computer_network' at /root/.cache/huggingface/datasets/ceval___ceval-exam/computer_network/0.0.0/617524a00b307ff6f9933702f724131fe12ca7ce (last modified on Tue Jun  9 21:22:29 2026).
{"task": "ceval_computer_network", "id": "74", "gold": "B", "pred": "C", "correct": false}
{"task": "ceval_computer_network", "id": "21", "gold": "C", "pred": "C", "correct": true}
{"task": "ceval_computer_network", "id": "4", "gold": "A", "pred": "B", "correct": false}
{"task": "ceval_computer_network", "id": "151", "gold": "C", "pred": "C", "correct": true}
{"task": "ceval_computer_network", "id": "78", "gold": "D", "pred": "C", "correct": false}
{"task": "ceval_computer_network", "id": "108", "gold": "A", "pred": "A", "correct": true}
{"task": "ceval_computer_network", "id": "97", "gold": "B", "pred": "B", "correct": true}
{"task": "ceval_computer_network", "id": "135", "gold": "A", "pred": "A", "correct": true}
{"task": "ceval_computer_network", "id": "91", "gold": "B", "pred": "A", "correct": false}
{"task": "ceval_computer_network", "id": "33", "gold": "A", "pred": "B", "correct": false}
{"task": "ceval_computer_network", "id": "49", "gold": "B", "pred": "B", "correct": true}
{"task": "ceval_computer_network", "id": "68", "gold": "C", "pred": "C", "correct": true}
{"task": "ceval_computer_network", "id": "113", "gold": "D", "pred": "B", "correct": false}
{"task": "ceval_computer_network", "id": "3", "gold": "C", "pred": "C", "correct": true}
{"task": "ceval_computer_network", "id": "56", "gold": "A", "pred": "A", "correct": true}
{"task": "ceval_computer_network", "id": "116", "gold": "B", "pred": "B", "correct": true}
{"task": "ceval_computer_network", "id": "6", "gold": "C", "pred": "C", "correct": true}
{"task": "ceval_computer_network", "id": "27", "gold": "C", "pred": "A", "correct": false}
{"task": "ceval_computer_network", "id": "169", "gold": "D", "pred": "C", "correct": false}
{"task": "ceval_computer_network", "id": "127", "gold": "B", "pred": "B", "correct": true}
{"task": "ceval_computer_network", "id": "107", "gold": "D", "pred": "C", "correct": false}
{"task": "ceval_computer_network", "id": "5", "gold": "D", "pred": "B", "correct": false}
{"task": "ceval_computer_network", "id": "131", "gold": "A", "pred": "A", "correct": true}
{"task": "ceval_computer_network", "id": "110", "gold": "D", "pred": "D", "correct": true}
{"task": "ceval_computer_network", "id": "162", "gold": "A", "pred": "A", "correct": true}
{"task": "ceval_computer_network", "id": "14", "gold": "B", "pred": "B", "correct": true}
{"task": "ceval_computer_network", "id": "52", "gold": "D", "pred": "D", "correct": true}
{"task": "ceval_computer_network", "id": "9", "gold": "D", "pred": "B", "correct": false}
{"task": "ceval_computer_network", "id": "94", "gold": "B", "pred": "C", "correct": false}
{"task": "ceval_computer_network", "id": "44", "gold": "D", "pred": "D", "correct": true}
{"task": "ceval_computer_network", "id": "55", "gold": "B", "pred": "B", "correct": true}
{"task": "ceval_computer_network", "id": "92", "gold": "B", "pred": "B", "correct": true}
{"task": "ceval_computer_network", "id": "142", "gold": "B", "pred": "B", "correct": true}
{"task": "ceval_computer_network", "id": "72", "gold": "C", "pred": "C", "correct": true}
{"task": "ceval_computer_network", "id": "80", "gold": "D", "pred": "D", "correct": true}
{"task": "ceval_computer_network", "id": "152", "gold": "B", "pred": "B", "correct": true}
{"task": "ceval_computer_network", "id": "121", "gold": "C", "pred": "C", "correct": true}
{"task": "ceval_computer_network", "id": "45", "gold": "A", "pred": "A", "correct": true}
{"task": "ceval_computer_network", "id": "123", "gold": "B", "pred": "B", "correct": true}
{"task": "ceval_computer_network", "id": "114", "gold": "C", "pred": "C", "correct": true}
{"task": "ceval_computer_network", "id": "41", "gold": "A", "pred": "A", "correct": true}
{"task": "ceval_computer_network", "id": "46", "gold": "C", "pred": "C", "correct": true}
{"task": "ceval_computer_network", "id": "133", "gold": "D", "pred": "B", "correct": false}
{"task": "ceval_computer_network", "id": "82", "gold": "D", "pred": "C", "correct": false}
{"task": "ceval_computer_network", "id": "86", "gold": "A", "pred": "B", "correct": false}
{"task": "ceval_computer_network", "id": "104", "gold": "A", "pred": "D", "correct": false}
{"task": "ceval_computer_network", "id": "66", "gold": "B", "pred": "D", "correct": false}
{"task": "ceval_computer_network", "id": "25", "gold": "B", "pred": "A", "correct": false}
{"task": "ceval_computer_network", "id": "170", "gold": "A", "pred": "A", "correct": true}
{"task": "ceval_computer_network", "id": "145", "gold": "A", "pred": "A", "correct": true}
Using the latest cached version of the dataset since allenai/sciq couldn't be found on the Hugging Face Hub (offline mode is enabled).
Found the latest cached dataset configuration 'default' at /root/.cache/huggingface/datasets/allenai___sciq/default/0.0.0/2c94ad3e1aafab77146f384e23536f97a4849815 (last modified on Tue Jun  9 21:22:56 2026).
{"task": "sciq", "id": "947", "gold": "C", "pred": "C", "correct": true}
{"task": "sciq", "id": "798", "gold": "B", "pred": "B", "correct": true}
{"task": "sciq", "id": "971", "gold": "B", "pred": "B", "correct": true}
{"task": "sciq", "id": "296", "gold": "D", "pred": "D", "correct": true}
{"task": "sciq", "id": "913", "gold": "D", "pred": "D", "correct": true}
{"task": "sciq", "id": "849", "gold": "A", "pred": "A", "correct": true}
{"task": "sciq", "id": "85", "gold": "A", "pred": "A", "correct": true}
{"task": "sciq", "id": "17", "gold": "B", "pred": "B", "correct": true}
{"task": "sciq", "id": "606", "gold": "B", "pred": "B", "correct": true}
{"task": "sciq", "id": "314", "gold": "B", "pred": "B", "correct": true}
{"task": "sciq", "id": "433", "gold": "B", "pred": "B", "correct": true}
{"task": "sciq", "id": "388", "gold": "D", "pred": "D", "correct": true}
{"task": "sciq", "id": "542", "gold": "C", "pred": "C", "correct": true}
{"task": "sciq", "id": "366", "gold": "A", "pred": "A", "correct": true}
{"task": "sciq", "id": "133", "gold": "D", "pred": "D", "correct": true}
{"task": "sciq", "id": "743", "gold": "D", "pred": "D", "correct": true}
{"task": "sciq", "id": "196", "gold": "C", "pred": "B", "correct": false}
{"task": "sciq", "id": "273", "gold": "C", "pred": "C", "correct": true}
{"task": "sciq", "id": "455", "gold": "A", "pred": "A", "correct": true}
{"task": "sciq", "id": "14", "gold": "D", "pred": "D", "correct": true}
{"task": "sciq", "id": "226", "gold": "A", "pred": "A", "correct": true}
{"task": "sciq", "id": "635", "gold": "D", "pred": "D", "correct": true}
{"task": "sciq", "id": "465", "gold": "C", "pred": "C", "correct": true}
{"task": "sciq", "id": "923", "gold": "A", "pred": "A", "correct": true}
{"task": "sciq", "id": "25", "gold": "C", "pred": "D", "correct": false}
{"task": "sciq", "id": "108", "gold": "C", "pred": "C", "correct": true}
{"task": "sciq", "id": "87", "gold": "B", "pred": "B", "correct": true}
{"task": "sciq", "id": "727", "gold": "D", "pred": "D", "correct": true}
{"task": "sciq", "id": "510", "gold": "D", "pred": "D", "correct": true}
{"task": "sciq", "id": "431", "gold": "A", "pred": "A", "correct": true}
{"task": "sciq", "id": "20", "gold": "D", "pred": "D", "correct": true}
{"task": "sciq", "id": "524", "gold": "C", "pred": "C", "correct": true}
{"task": "sciq", "id": "642", "gold": "A", "pred": "B", "correct": false}
{"task": "sciq", "id": "751", "gold": "D", "pred": "A", "correct": false}
{"task": "sciq", "id": "441", "gold": "B", "pred": "B", "correct": true}
{"task": "sciq", "id": "367", "gold": "B", "pred": "B", "correct": true}
{"task": "sciq", "id": "789", "gold": "C", "pred": "C", "correct": true}
{"task": "sciq", "id": "58", "gold": "D", "pred": "D", "correct": true}
{"task": "sciq", "id": "210", "gold": "B", "pred": "B", "correct": true}
{"task": "sciq", "id": "801", "gold": "C", "pred": "C", "correct": true}
{"task": "sciq", "id": "36", "gold": "B", "pred": "B", "correct": true}
{"task": "sciq", "id": "603", "gold": "A", "pred": "A", "correct": true}
{"task": "sciq", "id": "377", "gold": "A", "pred": "A", "correct": true}
{"task": "sciq", "id": "673", "gold": "D", "pred": "D", "correct": true}
{"task": "sciq", "id": "176", "gold": "A", "pred": "A", "correct": true}
{"task": "sciq", "id": "221", "gold": "B", "pred": "B", "correct": true}
{"task": "sciq", "id": "994", "gold": "C", "pred": "C", "correct": true}
{"task": "sciq", "id": "752", "gold": "B", "pred": "B", "correct": true}
{"task": "sciq", "id": "371", "gold": "C", "pred": "C", "correct": true}
{"task": "sciq", "id": "579", "gold": "A", "pred": "A", "correct": true}
Using the latest cached version of the dataset since allenai/winogrande couldn't be found on the Hugging Face Hub (offline mode is enabled).
Found the latest cached dataset configuration 'winogrande_xl' at /root/.cache/huggingface/datasets/allenai___winogrande/winogrande_xl/0.0.0/01e74176c63542e6b0bcb004dcdea22d94fb67b5 (last modified on Tue Jun  9 21:23:22 2026).
{"task": "winogrande", "id": "593", "gold": "A", "pred": "B", "correct": false}
{"task": "winogrande", "id": "171", "gold": "A", "pred": "A", "correct": true}
{"task": "winogrande", "id": "34", "gold": "B", "pred": "B", "correct": true}
{"task": "winogrande", "id": "1212", "gold": "B", "pred": "B", "correct": true}
{"task": "winogrande", "id": "628", "gold": "A", "pred": "B", "correct": false}
{"task": "winogrande", "id": "867", "gold": "A", "pred": "A", "correct": true}
{"task": "winogrande", "id": "776", "gold": "A", "pred": "A", "correct": true}
{"task": "winogrande", "id": "1085", "gold": "A", "pred": "A", "correct": true}
{"task": "winogrande", "id": "733", "gold": "A", "pred": "A", "correct": true}
{"task": "winogrande", "id": "266", "gold": "B", "pred": "B", "correct": true}
{"task": "winogrande", "id": "393", "gold": "B", "pred": "B", "correct": true}
{"task": "winogrande", "id": "547", "gold": "A", "pred": "A", "correct": true}
{"task": "winogrande", "id": "910", "gold": "A", "pred": "B", "correct": false}
{"task": "winogrande", "id": "28", "gold": "A", "pred": "A", "correct": true}
{"task": "winogrande", "id": "452", "gold": "A", "pred": "A", "correct": true}
{"task": "winogrande", "id": "931", "gold": "B", "pred": "A", "correct": false}
{"task": "winogrande", "id": "50", "gold": "A", "pred": "B", "correct": false}
{"task": "winogrande", "id": "216", "gold": "A", "pred": "A", "correct": true}
{"task": "winogrande", "id": "175", "gold": "B", "pred": "B", "correct": true}
{"task": "winogrande", "id": "1020", "gold": "B", "pred": "A", "correct": false}
{"task": "winogrande", "id": "862", "gold": "A", "pred": "A", "correct": true}
{"task": "winogrande", "id": "40", "gold": "A", "pred": "A", "correct": true}
{"task": "winogrande", "id": "1049", "gold": "A", "pred": "B", "correct": false}
{"task": "winogrande", "id": "883", "gold": "B", "pred": "B", "correct": true}
{"task": "winogrande", "id": "735", "gold": "B", "pred": "B", "correct": true}
{"task": "winogrande", "id": "117", "gold": "B", "pred": "B", "correct": true}
{"task": "winogrande", "id": "421", "gold": "B", "pred": "A", "correct": false}
{"task": "winogrande", "id": "72", "gold": "A", "pred": "A", "correct": true}
{"task": "winogrande", "id": "1206", "gold": "A", "pred": "A", "correct": true}
{"task": "winogrande", "id": "755", "gold": "A", "pred": "A", "correct": true}
{"task": "winogrande", "id": "352", "gold": "B", "pred": "B", "correct": true}
{"task": "winogrande", "id": "442", "gold": "B", "pred": "A", "correct": false}
{"task": "winogrande", "id": "742", "gold": "A", "pred": "B", "correct": false}
{"task": "winogrande", "id": "1158", "gold": "B", "pred": "B", "correct": true}
{"task": "winogrande", "id": "1171", "gold": "B", "pred": "B", "correct": true}
{"task": "winogrande", "id": "576", "gold": "A", "pred": "A", "correct": true}
{"task": "winogrande", "id": "643", "gold": "A", "pred": "B", "correct": false}
{"task": "winogrande", "id": "1173", "gold": "B", "pred": "B", "correct": true}
{"task": "winogrande", "id": "970", "gold": "A", "pred": "A", "correct": true}
{"task": "winogrande", "id": "363", "gold": "A", "pred": "A", "correct": true}
{"task": "winogrande", "id": "989", "gold": "A", "pred": "A", "correct": true}
{"task": "winogrande", "id": "1209", "gold": "B", "pred": "B", "correct": true}
{"task": "winogrande", "id": "916", "gold": "A", "pred": "A", "correct": true}
{"task": "winogrande", "id": "335", "gold": "A", "pred": "A", "correct": true}
{"task": "winogrande", "id": "372", "gold": "B", "pred": "B", "correct": true}
{"task": "winogrande", "id": "365", "gold": "B", "pred": "B", "correct": true}
{"task": "winogrande", "id": "1092", "gold": "B", "pred": "B", "correct": true}
{"task": "winogrande", "id": "662", "gold": "A", "pred": "B", "correct": false}
{"task": "winogrande", "id": "1065", "gold": "B", "pred": "B", "correct": true}
{"task": "winogrande", "id": "400", "gold": "B", "pred": "B", "correct": true}
Using the latest cached version of the dataset since tau/commonsense_qa couldn't be found on the Hugging Face Hub (offline mode is enabled).
Found the latest cached dataset configuration 'default' at /root/.cache/huggingface/datasets/tau___commonsense_qa/default/0.0.0/94630fe30dad47192a8546eb75f094926d47e155 (last modified on Tue Jun  9 21:40:30 2026).
{"task": "commonsenseqa", "id": "8b25332de2894ab38784235838d38cec", "gold": "E", "pred": "E", "correct": true}
{"task": "commonsenseqa", "id": "8ea5720718c0e122efa6277edb511569", "gold": "D", "pred": "D", "correct": true}
{"task": "commonsenseqa", "id": "4acd496cc78d96c2431279a5fd87de7c", "gold": "E", "pred": "E", "correct": true}
{"task": "commonsenseqa", "id": "01794dde3ca2991615f1aa2f63fb22e3", "gold": "E", "pred": "E", "correct": true}
{"task": "commonsenseqa", "id": "41bab71fea3fa04e5a4e10a2f86996df", "gold": "E", "pred": "E", "correct": true}
{"task": "commonsenseqa", "id": "c7ce02d9365fe9275f88338ad51cbde6", "gold": "A", "pred": "A", "correct": true}
{"task": "commonsenseqa", "id": "c9f7d07e6d363a99f5fadd68a4dfa35a", "gold": "B", "pred": "B", "correct": true}
{"task": "commonsenseqa", "id": "29c194d032a266a7160bff6f546a4d9d", "gold": "D", "pred": "D", "correct": true}
{"task": "commonsenseqa", "id": "32d5b7fcae24f0d4871cfb219c5a4b47", "gold": "C", "pred": "C", "correct": true}
{"task": "commonsenseqa", "id": "46351b3a6beb694c5f623583a3b1473d", "gold": "B", "pred": "B", "correct": true}
{"task": "commonsenseqa", "id": "5a50ea4bb2d13dc4f620ebd45025d445", "gold": "E", "pred": "E", "correct": true}
{"task": "commonsenseqa", "id": "5c2bc4335c8860342ec2d568ceb6ac6b", "gold": "C", "pred": "C", "correct": true}
{"task": "commonsenseqa", "id": "b3dc6d6a5e2f9d7da8eb72816c80b3f8_1", "gold": "A", "pred": "A", "correct": true}
{"task": "commonsenseqa", "id": "9889e5389917d812c09d6e5d382d333d", "gold": "B", "pred": "B", "correct": true}
{"task": "commonsenseqa", "id": "4ef3d70648ee3cea028bc5ed0fdfda28", "gold": "C", "pred": "C", "correct": true}
{"task": "commonsenseqa", "id": "359aed918343d228e67cef329b693904", "gold": "C", "pred": "C", "correct": true}
{"task": "commonsenseqa", "id": "011096bcfff30fd38046cf9db3a411c5", "gold": "C", "pred": "C", "correct": true}
{"task": "commonsenseqa", "id": "0f2377604e628c55ba588366139396b9", "gold": "E", "pred": "D", "correct": false}
{"task": "commonsenseqa", "id": "900492bd731f8f615ed7c08155737d44", "gold": "E", "pred": "E", "correct": true}
{"task": "commonsenseqa", "id": "0b52cc905fff0ca69a45e6353d10e401", "gold": "D", "pred": "D", "correct": true}
{"task": "commonsenseqa", "id": "6f48ee564a48293eb501cc0d8197bdd9", "gold": "C", "pred": "B", "correct": false}
{"task": "commonsenseqa", "id": "ba640b9634ad6b4ad98b17b4f152e562", "gold": "B", "pred": "B", "correct": true}
{"task": "commonsenseqa", "id": "5d4233146435ab0ca211e8ac9bfce76f", "gold": "A", "pred": "A", "correct": true}
{"task": "commonsenseqa", "id": "bd773d64f4e22db2358c6e00cbdf2d83", "gold": "A", "pred": "A", "correct": true}
{"task": "commonsenseqa", "id": "ef3d5d35128678937c36438466e0fc93", "gold": "E", "pred": "E", "correct": true}
{"task": "commonsenseqa", "id": "9dffd2021771e0ecddb19031acf3701b", "gold": "C", "pred": "B", "correct": false}
{"task": "commonsenseqa", "id": "8b3b598a647dfd2d63fcedce5f461040", "gold": "A", "pred": "A", "correct": true}
{"task": "commonsenseqa", "id": "821b32d39f57396979069b948030afe9", "gold": "D", "pred": "D", "correct": true}
{"task": "commonsenseqa", "id": "8f2976690c83be6b8fa3a1196dfd9722", "gold": "E", "pred": "E", "correct": true}
{"task": "commonsenseqa", "id": "66bfb6e209c94e6be5b0d04b0c7e2064", "gold": "C", "pred": "C", "correct": true}
{"task": "commonsenseqa", "id": "0bf4d64ad0eee7224acb3a4eb85accb2", "gold": "B", "pred": "B", "correct": true}
{"task": "commonsenseqa", "id": "ec86900559a0faf2aef066e511a4cfa6", "gold": "B", "pred": "B", "correct": true}
{"task": "commonsenseqa", "id": "7c45033e9fd9f1a759923971b14390ed", "gold": "E", "pred": "E", "correct": true}
{"task": "commonsenseqa", "id": "0f7425ecbe369bf41a230aab92d84132", "gold": "B", "pred": "B", "correct": true}
{"task": "commonsenseqa", "id": "42520bf3f93f8de23670044e019001a3", "gold": "E", "pred": "E", "correct": true}
{"task": "commonsenseqa", "id": "07fd8b0aed06406fedb137d11b07a890", "gold": "D", "pred": "C", "correct": false}
{"task": "commonsenseqa", "id": "3eb397b96b6c3a245c81ab30205943f1", "gold": "C", "pred": "C", "correct": true}
{"task": "commonsenseqa", "id": "ed50555f8db2b8f66caf9868dcd7e13b", "gold": "A", "pred": "A", "correct": true}
{"task": "commonsenseqa", "id": "ec224c1dbfb569cce7ec317fe987ae68", "gold": "B", "pred": "B", "correct": true}
{"task": "commonsenseqa", "id": "42c46e28baf0fc617a07419286178c0a", "gold": "E", "pred": "E", "correct": true}
{"task": "commonsenseqa", "id": "cf8e30dd6956d03e3f0f0397112a8696", "gold": "A", "pred": "A", "correct": true}
{"task": "commonsenseqa", "id": "549cf641318edfc0510fa7c7dbb359e1", "gold": "C", "pred": "C", "correct": true}
{"task": "commonsenseqa", "id": "5c171b9837af49211891ce40e4a10204", "gold": "D", "pred": "D", "correct": true}
{"task": "commonsenseqa", "id": "303aedda3a5ab8d853cbe4edc4b914c6", "gold": "C", "pred": "C", "correct": true}
{"task": "commonsenseqa", "id": "1d8d9e3504c8c58a3b923ddc155c19b0", "gold": "B", "pred": "B", "correct": true}
{"task": "commonsenseqa", "id": "8b23cd355ffc8b6e7aa5459ffb21b4e0", "gold": "B", "pred": "B", "correct": true}
{"task": "commonsenseqa", "id": "d78baca23e0a636a8961e17119047e63", "gold": "C", "pred": "C", "correct": true}
{"task": "commonsenseqa", "id": "a5dcac512870e79f5aa2b22dbd662404", "gold": "B", "pred": "B", "correct": true}
{"task": "commonsenseqa", "id": "c7526b682e64f355384631b35cd78fc9", "gold": "B", "pred": "B", "correct": true}
{"task": "commonsenseqa", "id": "1ef68db97654f30cd3701b942fadc934", "gold": "B", "pred": "B", "correct": true}
Using the latest cached version of the dataset since ai2_arc couldn't be found on the Hugging Face Hub (offline mode is enabled).
Found the latest cached dataset configuration 'ARC-Challenge' at /root/.cache/huggingface/datasets/ai2_arc/ARC-Challenge/0.0.0/210d026faf9955653af8916fad021475a3f00453 (last modified on Tue Jun  9 21:50:43 2026).
{"task": "arc_challenge", "id": "593", "gold": "A", "pred": "A", "correct": true}
{"task": "arc_challenge", "id": "171", "gold": "D", "pred": "D", "correct": true}
{"task": "arc_challenge", "id": "34", "gold": "A", "pred": "A", "correct": true}
{"task": "arc_challenge", "id": "628", "gold": "C", "pred": "C", "correct": true}
{"task": "arc_challenge", "id": "867", "gold": "C", "pred": "C", "correct": true}
{"task": "arc_challenge", "id": "776", "gold": "A", "pred": "A", "correct": true}
{"task": "arc_challenge", "id": "1085", "gold": "A", "pred": "A", "correct": true}
{"task": "arc_challenge", "id": "733", "gold": "C", "pred": "C", "correct": true}
{"task": "arc_challenge", "id": "266", "gold": "A", "pred": "A", "correct": true}
{"task": "arc_challenge", "id": "393", "gold": "B", "pred": "B", "correct": true}
{"task": "arc_challenge", "id": "547", "gold": "C", "pred": "C", "correct": true}
{"task": "arc_challenge", "id": "910", "gold": "D", "pred": "D", "correct": true}
{"task": "arc_challenge", "id": "28", "gold": "C", "pred": "C", "correct": true}
{"task": "arc_challenge", "id": "452", "gold": "D", "pred": "B", "correct": false}
{"task": "arc_challenge", "id": "931", "gold": "B", "pred": "C", "correct": false}
{"task": "arc_challenge", "id": "50", "gold": "D", "pred": "D", "correct": true}
{"task": "arc_challenge", "id": "216", "gold": "D", "pred": "D", "correct": true}
{"task": "arc_challenge", "id": "175", "gold": "A", "pred": "B", "correct": false}
{"task": "arc_challenge", "id": "1020", "gold": "C", "pred": "C", "correct": true}
{"task": "arc_challenge", "id": "862", "gold": "D", "pred": "D", "correct": true}
{"task": "arc_challenge", "id": "40", "gold": "C", "pred": "C", "correct": true}
{"task": "arc_challenge", "id": "1049", "gold": "A", "pred": "A", "correct": true}
{"task": "arc_challenge", "id": "883", "gold": "C", "pred": "C", "correct": true}
{"task": "arc_challenge", "id": "735", "gold": "D", "pred": "B", "correct": false}
{"task": "arc_challenge", "id": "117", "gold": "C", "pred": "C", "correct": true}
{"task": "arc_challenge", "id": "421", "gold": "C", "pred": "C", "correct": true}
{"task": "arc_challenge", "id": "72", "gold": "B", "pred": "B", "correct": true}
{"task": "arc_challenge", "id": "755", "gold": "D", "pred": "D", "correct": true}
{"task": "arc_challenge", "id": "352", "gold": "D", "pred": "D", "correct": true}
{"task": "arc_challenge", "id": "442", "gold": "A", "pred": "A", "correct": true}
{"task": "arc_challenge", "id": "742", "gold": "B", "pred": "B", "correct": true}
{"task": "arc_challenge", "id": "1158", "gold": "A", "pred": "A", "correct": true}
{"task": "arc_challenge", "id": "1171", "gold": "A", "pred": "A", "correct": true}
{"task": "arc_challenge", "id": "576", "gold": "A", "pred": "A", "correct": true}
{"task": "arc_challenge", "id": "643", "gold": "B", "pred": "B", "correct": true}
{"task": "arc_challenge", "id": "970", "gold": "A", "pred": "A", "correct": true}
{"task": "arc_challenge", "id": "363", "gold": "A", "pred": "A", "correct": true}
{"task": "arc_challenge", "id": "989", "gold": "D", "pred": "B", "correct": false}
{"task": "arc_challenge", "id": "916", "gold": "B", "pred": "B", "correct": true}
{"task": "arc_challenge", "id": "335", "gold": "D", "pred": "D", "correct": true}
{"task": "arc_challenge", "id": "372", "gold": "B", "pred": "B", "correct": true}
{"task": "arc_challenge", "id": "365", "gold": "B", "pred": "B", "correct": true}
{"task": "arc_challenge", "id": "1092", "gold": "B", "pred": "B", "correct": true}
{"task": "arc_challenge", "id": "662", "gold": "C", "pred": "C", "correct": true}
{"task": "arc_challenge", "id": "1065", "gold": "C", "pred": "B", "correct": false}
{"task": "arc_challenge", "id": "400", "gold": "C", "pred": "B", "correct": false}
{"task": "arc_challenge", "id": "234", "gold": "C", "pred": "C", "correct": true}
{"task": "arc_challenge", "id": "168", "gold": "A", "pred": "A", "correct": true}
{"task": "arc_challenge", "id": "201", "gold": "C", "pred": "C", "correct": true}
{"task": "arc_challenge", "id": "872", "gold": "C", "pred": "C", "correct": true}
Using the latest cached version of the dataset since Rowan/hellaswag couldn't be found on the Hugging Face Hub (offline mode is enabled).
Found the latest cached dataset configuration 'default' at /root/.cache/huggingface/datasets/Rowan___hellaswag/default/0.0.0/218ec52e09a7e7462a5400043bb9a69a41d06b76 (last modified on Tue Jun  9 22:21:06 2026).
{"task": "hellaswag", "id": "4749", "gold": "B", "pred": "B", "correct": true}
{"task": "hellaswag", "id": "1368", "gold": "A", "pred": "A", "correct": true}
{"task": "hellaswag", "id": "279", "gold": "A", "pred": "A", "correct": true}
{"task": "hellaswag", "id": "9699", "gold": "C", "pred": "C", "correct": true}
{"task": "hellaswag", "id": "5025", "gold": "C", "pred": "C", "correct": true}
{"task": "hellaswag", "id": "6942", "gold": "C", "pred": "C", "correct": true}
{"task": "hellaswag", "id": "6212", "gold": "B", "pred": "B", "correct": true}
{"task": "hellaswag", "id": "8684", "gold": "B", "pred": "B", "correct": true}
{"task": "hellaswag", "id": "5866", "gold": "B", "pred": "B", "correct": true}
{"task": "hellaswag", "id": "2134", "gold": "B", "pred": "B", "correct": true}
{"task": "hellaswag", "id": "3145", "gold": "D", "pred": "D", "correct": true}
{"task": "hellaswag", "id": "4380", "gold": "A", "pred": "C", "correct": false}
{"task": "hellaswag", "id": "7283", "gold": "B", "pred": "D", "correct": false}
{"task": "hellaswag", "id": "230", "gold": "B", "pred": "A", "correct": false}
{"task": "hellaswag", "id": "3621", "gold": "A", "pred": "C", "correct": false}
{"task": "hellaswag", "id": "7455", "gold": "D", "pred": "D", "correct": true}
{"task": "hellaswag", "id": "405", "gold": "C", "pred": "C", "correct": true}
{"task": "hellaswag", "id": "1735", "gold": "A", "pred": "B", "correct": false}
{"task": "hellaswag", "id": "1405", "gold": "C", "pred": "A", "correct": false}
{"task": "hellaswag", "id": "8163", "gold": "A", "pred": "A", "correct": true}
{"task": "hellaswag", "id": "6901", "gold": "B", "pred": "B", "correct": true}
{"task": "hellaswag", "id": "320", "gold": "D", "pred": "D", "correct": true}
{"task": "hellaswag", "id": "8398", "gold": "B", "pred": "B", "correct": true}
{"task": "hellaswag", "id": "7066", "gold": "A", "pred": "A", "correct": true}
{"task": "hellaswag", "id": "5881", "gold": "A", "pred": "A", "correct": true}
{"task": "hellaswag", "id": "942", "gold": "C", "pred": "C", "correct": true}
{"task": "hellaswag", "id": "3368", "gold": "C", "pred": "C", "correct": true}
{"task": "hellaswag", "id": "578", "gold": "D", "pred": "B", "correct": false}
{"task": "hellaswag", "id": "9652", "gold": "D", "pred": "D", "correct": true}
{"task": "hellaswag", "id": "6047", "gold": "B", "pred": "B", "correct": true}
{"task": "hellaswag", "id": "2816", "gold": "C", "pred": "A", "correct": false}
{"task": "hellaswag", "id": "3539", "gold": "B", "pred": "B", "correct": true}
{"task": "hellaswag", "id": "5943", "gold": "B", "pred": "B", "correct": true}
{"task": "hellaswag", "id": "9265", "gold": "B", "pred": "A", "correct": false}
{"task": "hellaswag", "id": "6040", "gold": "C", "pred": "C", "correct": true}
{"task": "hellaswag", "id": "9372", "gold": "B", "pred": "B", "correct": true}
{"task": "hellaswag", "id": "4608", "gold": "C", "pred": "A", "correct": false}
{"task": "hellaswag", "id": "5150", "gold": "B", "pred": "B", "correct": true}
{"task": "hellaswag", "id": "9387", "gold": "C", "pred": "C", "correct": true}
{"task": "hellaswag", "id": "1404", "gold": "D", "pred": "D", "correct": true}
{"task": "hellaswag", "id": "7767", "gold": "B", "pred": "B", "correct": true}
{"task": "hellaswag", "id": "2910", "gold": "C", "pred": "C", "correct": true}
{"task": "hellaswag", "id": "7914", "gold": "B", "pred": "B", "correct": true}
{"task": "hellaswag", "id": "9676", "gold": "D", "pred": "D", "correct": true}
{"task": "hellaswag", "id": "7331", "gold": "A", "pred": "B", "correct": false}
{"task": "hellaswag", "id": "2680", "gold": "C", "pred": "C", "correct": true}
{"task": "hellaswag", "id": "2982", "gold": "B", "pred": "B", "correct": true}
{"task": "hellaswag", "id": "2925", "gold": "B", "pred": "B", "correct": true}
{"task": "hellaswag", "id": "8742", "gold": "D", "pred": "D", "correct": true}
{"task": "hellaswag", "id": "5298", "gold": "D", "pred": "D", "correct": true}
Using the latest cached version of the dataset since google/boolq couldn't be found on the Hugging Face Hub (offline mode is enabled).
Found the latest cached dataset configuration 'default' at /root/.cache/huggingface/datasets/google___boolq/default/0.0.0/35b264d03638db9f4ce671b711558bf7ff0f80d5 (last modified on Tue Jun  9 22:23:07 2026).
{"task": "boolq", "id": "3192", "gold": "yes", "pred": "yes", "correct": true}
{"task": "boolq", "id": "1187", "gold": "no", "pred": "no", "correct": true}
{"task": "boolq", "id": "342", "gold": "yes", "pred": "no", "correct": false}
{"task": "boolq", "id": "69", "gold": "yes", "pred": "yes", "correct": true}
{"task": "boolq", "id": "2424", "gold": "yes", "pred": "yes", "correct": true}
{"task": "boolq", "id": "1256", "gold": "no", "pred": "no", "correct": true}
{"task": "boolq", "id": "1735", "gold": "no", "pred": "no", "correct": true}
{"task": "boolq", "id": "1553", "gold": "no", "pred": "no", "correct": true}
{"task": "boolq", "id": "2171", "gold": "no", "pred": "no", "correct": true}
{"task": "boolq", "id": "1466", "gold": "yes", "pred": "yes", "correct": true}
{"task": "boolq", "id": "533", "gold": "no", "pred": "no", "correct": true}
{"task": "boolq", "id": "2973", "gold": "yes", "pred": "yes", "correct": true}
{"task": "boolq", "id": "786", "gold": "no", "pred": "no", "correct": true}
{"task": "boolq", "id": "1095", "gold": "yes", "pred": "yes", "correct": true}
{"task": "boolq", "id": "1820", "gold": "yes", "pred": "no", "correct": false}
{"task": "boolq", "id": "57", "gold": "yes", "pred": "yes", "correct": true}
{"task": "boolq", "id": "905", "gold": "yes", "pred": "yes", "correct": true}
{"task": "boolq", "id": "2540", "gold": "no", "pred": "no", "correct": true}
{"task": "boolq", "id": "1863", "gold": "yes", "pred": "yes", "correct": true}
{"task": "boolq", "id": "101", "gold": "no", "pred": "no", "correct": true}
{"task": "boolq", "id": "433", "gold": "no", "pred": "no", "correct": true}
{"task": "boolq", "id": "351", "gold": "no", "pred": "no", "correct": true}
{"task": "boolq", "id": "2908", "gold": "no", "pred": "no", "correct": true}
{"task": "boolq", "id": "2040", "gold": "yes", "pred": "yes", "correct": true}
{"task": "boolq", "id": "1725", "gold": "no", "pred": "yes", "correct": false}
{"task": "boolq", "id": "80", "gold": "no", "pred": "no", "correct": true}
{"task": "boolq", "id": "2099", "gold": "yes", "pred": "yes", "correct": true}
{"task": "boolq", "id": "2570", "gold": "no", "pred": "no", "correct": true}
{"task": "boolq", "id": "3007", "gold": "no", "pred": "no", "correct": true}
{"task": "boolq", "id": "1766", "gold": "yes", "pred": "yes", "correct": true}
{"task": "boolq", "id": "1470", "gold": "no", "pred": "no", "correct": true}
{"task": "boolq", "id": "3157", "gold": "yes", "pred": "yes", "correct": true}
{"task": "boolq", "id": "235", "gold": "no", "pred": "no", "correct": true}
{"task": "boolq", "id": "842", "gold": "yes", "pred": "yes", "correct": true}
{"task": "boolq", "id": "3207", "gold": "no", "pred": "no", "correct": true}
{"task": "boolq", "id": "144", "gold": "no", "pred": "no", "correct": true}
{"task": "boolq", "id": "2413", "gold": "yes", "pred": "yes", "correct": true}
{"task": "boolq", "id": "1511", "gold": "yes", "pred": "yes", "correct": true}
{"task": "boolq", "id": "2694", "gold": "no", "pred": "no", "correct": true}
{"task": "boolq", "id": "704", "gold": "yes", "pred": "yes", "correct": true}
{"task": "boolq", "id": "2543", "gold": "yes", "pred": "yes", "correct": true}
{"task": "boolq", "id": "884", "gold": "no", "pred": "no", "correct": true}
{"task": "boolq", "id": "3011", "gold": "yes", "pred": "yes", "correct": true}
{"task": "boolq", "id": "1485", "gold": "yes", "pred": "yes", "correct": true}
{"task": "boolq", "id": "2316", "gold": "no", "pred": "no", "correct": true}
{"task": "boolq", "id": "3112", "gold": "no", "pred": "no", "correct": true}
{"task": "boolq", "id": "1510", "gold": "yes", "pred": "yes", "correct": true}
{"task": "boolq", "id": "2343", "gold": "yes", "pred": "yes", "correct": true}
{"task": "boolq", "id": "1152", "gold": "yes", "pred": "yes", "correct": true}
{"task": "boolq", "id": "2705", "gold": "yes", "pred": "no", "correct": false}
{
  "mmlu_pro": {
    "accuracy": 0.44,
    "n": 50,
    "seconds": 94.44453287124634,
    "peak_mem_gb": 15.53784990310669
  },
  "pubmedqa": {
    "accuracy": 0.74,
    "n": 50,
    "seconds": 109.81803965568542,
    "peak_mem_gb": 15.483989238739014
  },
  "ceval_computer_network": {
    "accuracy": 0.64,
    "n": 50,
    "seconds": 58.522165060043335,
    "peak_mem_gb": 15.15539026260376
  },
  "sciq": {
    "accuracy": 0.92,
    "n": 50,
    "seconds": 60.13479232788086,
    "peak_mem_gb": 15.132664203643799
  },
  "winogrande": {
    "accuracy": 0.76,
    "n": 50,
    "seconds": 59.82758641242981,
    "peak_mem_gb": 15.101815223693848
  },
  "commonsenseqa": {
    "accuracy": 0.92,
    "n": 50,
    "seconds": 59.90020132064819,
    "peak_mem_gb": 15.122297763824463
  },
  "arc_challenge": {
    "accuracy": 0.86,
    "n": 50,
    "seconds": 58.513941526412964,
    "peak_mem_gb": 15.156818866729736
  },
  "hellaswag": {
    "accuracy": 0.78,
    "n": 50,
    "seconds": 77.78543758392334,
    "peak_mem_gb": 15.266828536987305
  },
  "boolq": {
    "accuracy": 0.92,
    "n": 50,
    "seconds": 70.58993101119995,
    "peak_mem_gb": 15.349694728851318
  }
}
[Wed Jun 10 11:54:05 CST 2026] train balanced_vanilla_r16_s100 variant=lora mode=vanilla steps=100 lr=1e-4
Loading checkpoint shards:   0%|          | 0/6 [00:00<?, ?it/s]Loading checkpoint shards: 100%|██████████| 6/6 [00:00<00:00, 168.41it/s]
gradient_checkpointing skipped: LLaDAModelLM does not support gradient checkpointing.
trainable params: 20,971,520 || all params: 8,036,552,704 || trainable%: 0.2610
{"step": 1, "loss": 10.819173812866211, "choice_loss": 3.5940499305725098, "denoise_loss": 10.819173812866211, "consistency_loss": 0.0}
{"step": 10, "loss": 1.6782033443450928, "choice_loss": 1.6601423025131226, "denoise_loss": 1.6782033443450928, "consistency_loss": 0.0}
{"step": 20, "loss": 0.9612804651260376, "choice_loss": 0.9412487745285034, "denoise_loss": 0.9612804651260376, "consistency_loss": 0.0}
{"step": 30, "loss": 0.9560995101928711, "choice_loss": 0.9531235694885254, "denoise_loss": 0.9560995101928711, "consistency_loss": 0.0}
{"step": 40, "loss": 0.01593591645359993, "choice_loss": 0.013692148961126804, "denoise_loss": 0.01593591645359993, "consistency_loss": 0.0}
{"step": 50, "loss": 0.055765364319086075, "choice_loss": 0.05488219112157822, "denoise_loss": 0.055765364319086075, "consistency_loss": 0.0}
{"step": 60, "loss": 0.4776337146759033, "choice_loss": 0.4740769863128662, "denoise_loss": 0.4776337146759033, "consistency_loss": 0.0}
{"step": 70, "loss": 0.0007387054502032697, "choice_loss": 0.0002668739762157202, "denoise_loss": 0.0007387054502032697, "consistency_loss": 0.0}
{"step": 80, "loss": 0.0005365362740121782, "choice_loss": 0.0002731903805397451, "denoise_loss": 0.0005365362740121782, "consistency_loss": 0.0}
{"step": 90, "loss": 0.013318854384124279, "choice_loss": 0.011047743260860443, "denoise_loss": 0.013318854384124279, "consistency_loss": 0.0}
{"step": 100, "loss": 0.010426927357912064, "choice_loss": 0.009453886188566685, "denoise_loss": 0.010426927357912064, "consistency_loss": 0.0}
[Wed Jun 10 11:55:53 CST 2026] eval balanced_vanilla_r16_s100
Loading checkpoint shards:   0%|          | 0/6 [00:00<?, ?it/s]Loading checkpoint shards: 100%|██████████| 6/6 [00:00<00:00, 160.43it/s]
Using the latest cached version of the dataset since TIGER-Lab/MMLU-Pro couldn't be found on the Hugging Face Hub (offline mode is enabled).
Found the latest cached dataset configuration 'default' at /root/.cache/huggingface/datasets/TIGER-Lab___mmlu-pro/default/0.0.0/b189ec765aa7ed75c8acfea42df31fdae71f97be (last modified on Tue Jun  9 21:21:47 2026).
{"task": "mmlu_pro", "id": "4888", "gold": "H", "pred": "H", "correct": true}
{"task": "mmlu_pro", "id": "1458", "gold": "C", "pred": "B", "correct": false}
{"task": "mmlu_pro", "id": "351", "gold": "H", "pred": "H", "correct": true}
{"task": "mmlu_pro", "id": "9891", "gold": "I", "pred": "I", "correct": true}
{"task": "mmlu_pro", "id": "5167", "gold": "B", "pred": "B", "correct": true}
{"task": "mmlu_pro", "id": "7112", "gold": "G", "pred": "A", "correct": false}
{"task": "mmlu_pro", "id": "6376", "gold": "E", "pred": "D", "correct": false}
{"task": "mmlu_pro", "id": "8872", "gold": "A", "pred": "C", "correct": false}
{"task": "mmlu_pro", "id": "6026", "gold": "A", "pred": "F", "correct": false}
{"task": "mmlu_pro", "id": "2234", "gold": "C", "pred": "I", "correct": false}
{"task": "mmlu_pro", "id": "12119", "gold": "F", "pred": "F", "correct": true}
{"task": "mmlu_pro", "id": "3266", "gold": "J", "pred": "B", "correct": false}
{"task": "mmlu_pro", "id": "4512", "gold": "D", "pred": "D", "correct": true}
{"task": "mmlu_pro", "id": "7463", "gold": "D", "pred": "D", "correct": true}
{"task": "mmlu_pro", "id": "302", "gold": "H", "pred": "H", "correct": true}
{"task": "mmlu_pro", "id": "3744", "gold": "A", "pred": "I", "correct": false}
{"task": "mmlu_pro", "id": "10362", "gold": "A", "pred": "C", "correct": false}
{"task": "mmlu_pro", "id": "7638", "gold": "E", "pred": "E", "correct": true}
{"task": "mmlu_pro", "id": "479", "gold": "B", "pred": "D", "correct": false}
{"task": "mmlu_pro", "id": "1830", "gold": "I", "pred": "D", "correct": false}
{"task": "mmlu_pro", "id": "1496", "gold": "C", "pred": "D", "correct": false}
{"task": "mmlu_pro", "id": "11856", "gold": "I", "pred": "I", "correct": true}
{"task": "mmlu_pro", "id": "8350", "gold": "I", "pred": "I", "correct": true}
{"task": "mmlu_pro", "id": "7071", "gold": "F", "pred": "E", "correct": false}
{"task": "mmlu_pro", "id": "393", "gold": "J", "pred": "J", "correct": true}
{"task": "mmlu_pro", "id": "8585", "gold": "C", "pred": "D", "correct": false}
{"task": "mmlu_pro", "id": "10488", "gold": "D", "pred": "D", "correct": true}
{"task": "mmlu_pro", "id": "12254", "gold": "F", "pred": "F", "correct": true}
{"task": "mmlu_pro", "id": "7239", "gold": "F", "pred": "F", "correct": true}
{"task": "mmlu_pro", "id": "6041", "gold": "B", "pred": "H", "correct": false}
{"task": "mmlu_pro", "id": "1021", "gold": "E", "pred": "H", "correct": false}
{"task": "mmlu_pro", "id": "3489", "gold": "I", "pred": "I", "correct": true}
{"task": "mmlu_pro", "id": "654", "gold": "A", "pred": "A", "correct": true}
{"task": "mmlu_pro", "id": "9843", "gold": "A", "pred": "J", "correct": false}
{"task": "mmlu_pro", "id": "6209", "gold": "I", "pred": "I", "correct": true}
{"task": "mmlu_pro", "id": "10994", "gold": "E", "pred": "F", "correct": false}
{"task": "mmlu_pro", "id": "2934", "gold": "F", "pred": "B", "correct": false}
{"task": "mmlu_pro", "id": "10376", "gold": "A", "pred": "D", "correct": false}
{"task": "mmlu_pro", "id": "3660", "gold": "B", "pred": "F", "correct": false}
{"task": "mmlu_pro", "id": "6104", "gold": "I", "pred": "I", "correct": true}
{"task": "mmlu_pro", "id": "9454", "gold": "I", "pred": "D", "correct": false}
{"task": "mmlu_pro", "id": "6202", "gold": "F", "pred": "G", "correct": false}
{"task": "mmlu_pro", "id": "9561", "gold": "F", "pred": "F", "correct": true}
{"task": "mmlu_pro", "id": "4740", "gold": "C", "pred": "A", "correct": false}
{"task": "mmlu_pro", "id": "11039", "gold": "D", "pred": "A", "correct": false}
{"task": "mmlu_pro", "id": "5292", "gold": "C", "pred": "D", "correct": false}
{"task": "mmlu_pro", "id": "9576", "gold": "B", "pred": "H", "correct": false}
{"task": "mmlu_pro", "id": "1495", "gold": "D", "pred": "H", "correct": false}
{"task": "mmlu_pro", "id": "7950", "gold": "C", "pred": "I", "correct": false}
{"task": "mmlu_pro", "id": "3028", "gold": "D", "pred": "D", "correct": true}
Using the latest cached version of the dataset since qiaojin/PubMedQA couldn't be found on the Hugging Face Hub (offline mode is enabled).
Found the latest cached dataset configuration 'pqa_labeled' at /root/.cache/huggingface/datasets/qiaojin___pub_med_qa/pqa_labeled/0.0.0/9001f2853fb87cab8d220904e0de81ac6973b318 (last modified on Tue Jun  9 21:22:06 2026).
{"task": "pubmedqa", "id": "24098953", "gold": "yes", "pred": "yes", "correct": true}
{"task": "pubmedqa", "id": "25103647", "gold": "maybe", "pred": "yes", "correct": false}
{"task": "pubmedqa", "id": "23972333", "gold": "yes", "pred": "yes", "correct": true}
{"task": "pubmedqa", "id": "10759659", "gold": "yes", "pred": "yes", "correct": true}
{"task": "pubmedqa", "id": "21880023", "gold": "no", "pred": "no", "correct": true}
{"task": "pubmedqa", "id": "14627582", "gold": "no", "pred": "yes", "correct": false}
{"task": "pubmedqa", "id": "22427593", "gold": "maybe", "pred": "yes", "correct": false}
{"task": "pubmedqa", "id": "17096624", "gold": "yes", "pred": "yes", "correct": true}
{"task": "pubmedqa", "id": "20497146", "gold": "yes", "pred": "yes", "correct": true}
{"task": "pubmedqa", "id": "15939071", "gold": "yes", "pred": "yes", "correct": true}
{"task": "pubmedqa", "id": "17259061", "gold": "yes", "pred": "yes", "correct": true}
{"task": "pubmedqa", "id": "21346501", "gold": "yes", "pred": "yes", "correct": true}
{"task": "pubmedqa", "id": "26818046", "gold": "yes", "pred": "yes", "correct": true}
{"task": "pubmedqa", "id": "26548832", "gold": "yes", "pred": "yes", "correct": true}
{"task": "pubmedqa", "id": "25311479", "gold": "yes", "pred": "yes", "correct": true}
{"task": "pubmedqa", "id": "23088164", "gold": "no", "pred": "no", "correct": true}
{"task": "pubmedqa", "id": "18714572", "gold": "maybe", "pred": "yes", "correct": false}
{"task": "pubmedqa", "id": "14551704", "gold": "yes", "pred": "yes", "correct": true}
{"task": "pubmedqa", "id": "20353735", "gold": "no", "pred": "no", "correct": true}
{"task": "pubmedqa", "id": "24866606", "gold": "yes", "pred": "yes", "correct": true}
{"task": "pubmedqa", "id": "22236315", "gold": "no", "pred": "yes", "correct": false}
{"task": "pubmedqa", "id": "12970636", "gold": "no", "pred": "no", "correct": true}
{"task": "pubmedqa", "id": "10490564", "gold": "yes", "pred": "yes", "correct": true}
{"task": "pubmedqa", "id": "9722752", "gold": "yes", "pred": "yes", "correct": true}
{"task": "pubmedqa", "id": "10966943", "gold": "no", "pred": "no", "correct": true}
{"task": "pubmedqa", "id": "27217036", "gold": "yes", "pred": "no", "correct": false}
{"task": "pubmedqa", "id": "19757704", "gold": "yes", "pred": "yes", "correct": true}
{"task": "pubmedqa", "id": "24599411", "gold": "yes", "pred": "yes", "correct": true}
{"task": "pubmedqa", "id": "19419587", "gold": "yes", "pred": "yes", "correct": true}
{"task": "pubmedqa", "id": "10158597", "gold": "yes", "pred": "yes", "correct": true}
{"task": "pubmedqa", "id": "19394934", "gold": "yes", "pred": "no", "correct": false}
{"task": "pubmedqa", "id": "14976655", "gold": "yes", "pred": "no", "correct": false}
{"task": "pubmedqa", "id": "26175531", "gold": "no", "pred": "no", "correct": true}
{"task": "pubmedqa", "id": "12790890", "gold": "maybe", "pred": "no", "correct": false}
{"task": "pubmedqa", "id": "14631523", "gold": "no", "pred": "no", "correct": true}
{"task": "pubmedqa", "id": "15879722", "gold": "yes", "pred": "yes", "correct": true}
{"task": "pubmedqa", "id": "18319270", "gold": "no", "pred": "no", "correct": true}
{"task": "pubmedqa", "id": "14612308", "gold": "no", "pred": "yes", "correct": false}
{"task": "pubmedqa", "id": "25488308", "gold": "no", "pred": "yes", "correct": false}
{"task": "pubmedqa", "id": "18802997", "gold": "maybe", "pred": "yes", "correct": false}
{"task": "pubmedqa", "id": "8847047", "gold": "no", "pred": "no", "correct": true}
{"task": "pubmedqa", "id": "25255719", "gold": "yes", "pred": "no", "correct": false}
{"task": "pubmedqa", "id": "19852337", "gold": "yes", "pred": "yes", "correct": true}
{"task": "pubmedqa", "id": "2503176", "gold": "yes", "pred": "yes", "correct": true}
{"task": "pubmedqa", "id": "25156467", "gold": "yes", "pred": "yes", "correct": true}
{"task": "pubmedqa", "id": "26485091", "gold": "no", "pred": "no", "correct": true}
{"task": "pubmedqa", "id": "10456814", "gold": "no", "pred": "no", "correct": true}
{"task": "pubmedqa", "id": "23449952", "gold": "no", "pred": "no", "correct": true}
{"task": "pubmedqa", "id": "18948835", "gold": "yes", "pred": "yes", "correct": true}
{"task": "pubmedqa", "id": "17089900", "gold": "yes", "pred": "yes", "correct": true}
Using the latest cached version of the dataset since ceval/ceval-exam couldn't be found on the Hugging Face Hub (offline mode is enabled).
Found the latest cached dataset configuration 'computer_network' at /root/.cache/huggingface/datasets/ceval___ceval-exam/computer_network/0.0.0/617524a00b307ff6f9933702f724131fe12ca7ce (last modified on Tue Jun  9 21:22:29 2026).
{"task": "ceval_computer_network", "id": "74", "gold": "B", "pred": "B", "correct": true}
{"task": "ceval_computer_network", "id": "21", "gold": "C", "pred": "C", "correct": true}
{"task": "ceval_computer_network", "id": "4", "gold": "A", "pred": "A", "correct": true}
{"task": "ceval_computer_network", "id": "151", "gold": "C", "pred": "C", "correct": true}
{"task": "ceval_computer_network", "id": "78", "gold": "D", "pred": "C", "correct": false}
{"task": "ceval_computer_network", "id": "108", "gold": "A", "pred": "A", "correct": true}
{"task": "ceval_computer_network", "id": "97", "gold": "B", "pred": "B", "correct": true}
{"task": "ceval_computer_network", "id": "135", "gold": "A", "pred": "A", "correct": true}
{"task": "ceval_computer_network", "id": "91", "gold": "B", "pred": "A", "correct": false}
{"task": "ceval_computer_network", "id": "33", "gold": "A", "pred": "B", "correct": false}
{"task": "ceval_computer_network", "id": "49", "gold": "B", "pred": "B", "correct": true}
{"task": "ceval_computer_network", "id": "68", "gold": "C", "pred": "C", "correct": true}
{"task": "ceval_computer_network", "id": "113", "gold": "D", "pred": "B", "correct": false}
{"task": "ceval_computer_network", "id": "3", "gold": "C", "pred": "C", "correct": true}
{"task": "ceval_computer_network", "id": "56", "gold": "A", "pred": "A", "correct": true}
{"task": "ceval_computer_network", "id": "116", "gold": "B", "pred": "B", "correct": true}
{"task": "ceval_computer_network", "id": "6", "gold": "C", "pred": "C", "correct": true}
{"task": "ceval_computer_network", "id": "27", "gold": "C", "pred": "A", "correct": false}
{"task": "ceval_computer_network", "id": "169", "gold": "D", "pred": "C", "correct": false}
{"task": "ceval_computer_network", "id": "127", "gold": "B", "pred": "B", "correct": true}
{"task": "ceval_computer_network", "id": "107", "gold": "D", "pred": "C", "correct": false}
{"task": "ceval_computer_network", "id": "5", "gold": "D", "pred": "B", "correct": false}
{"task": "ceval_computer_network", "id": "131", "gold": "A", "pred": "A", "correct": true}
{"task": "ceval_computer_network", "id": "110", "gold": "D", "pred": "D", "correct": true}
{"task": "ceval_computer_network", "id": "162", "gold": "A", "pred": "A", "correct": true}
{"task": "ceval_computer_network", "id": "14", "gold": "B", "pred": "B", "correct": true}
{"task": "ceval_computer_network", "id": "52", "gold": "D", "pred": "D", "correct": true}
{"task": "ceval_computer_network", "id": "9", "gold": "D", "pred": "D", "correct": true}
{"task": "ceval_computer_network", "id": "94", "gold": "B", "pred": "C", "correct": false}
{"task": "ceval_computer_network", "id": "44", "gold": "D", "pred": "D", "correct": true}
{"task": "ceval_computer_network", "id": "55", "gold": "B", "pred": "B", "correct": true}
{"task": "ceval_computer_network", "id": "92", "gold": "B", "pred": "B", "correct": true}
{"task": "ceval_computer_network", "id": "142", "gold": "B", "pred": "B", "correct": true}
{"task": "ceval_computer_network", "id": "72", "gold": "C", "pred": "C", "correct": true}
{"task": "ceval_computer_network", "id": "80", "gold": "D", "pred": "D", "correct": true}
{"task": "ceval_computer_network", "id": "152", "gold": "B", "pred": "B", "correct": true}
{"task": "ceval_computer_network", "id": "121", "gold": "C", "pred": "C", "correct": true}
{"task": "ceval_computer_network", "id": "45", "gold": "A", "pred": "A", "correct": true}
{"task": "ceval_computer_network", "id": "123", "gold": "B", "pred": "B", "correct": true}
{"task": "ceval_computer_network", "id": "114", "gold": "C", "pred": "C", "correct": true}
{"task": "ceval_computer_network", "id": "41", "gold": "A", "pred": "A", "correct": true}
{"task": "ceval_computer_network", "id": "46", "gold": "C", "pred": "C", "correct": true}
{"task": "ceval_computer_network", "id": "133", "gold": "D", "pred": "B", "correct": false}
{"task": "ceval_computer_network", "id": "82", "gold": "D", "pred": "C", "correct": false}
{"task": "ceval_computer_network", "id": "86", "gold": "A", "pred": "B", "correct": false}
{"task": "ceval_computer_network", "id": "104", "gold": "A", "pred": "D", "correct": false}
{"task": "ceval_computer_network", "id": "66", "gold": "B", "pred": "D", "correct": false}
{"task": "ceval_computer_network", "id": "25", "gold": "B", "pred": "A", "correct": false}
{"task": "ceval_computer_network", "id": "170", "gold": "A", "pred": "A", "correct": true}
{"task": "ceval_computer_network", "id": "145", "gold": "A", "pred": "A", "correct": true}
Using the latest cached version of the dataset since allenai/sciq couldn't be found on the Hugging Face Hub (offline mode is enabled).
Found the latest cached dataset configuration 'default' at /root/.cache/huggingface/datasets/allenai___sciq/default/0.0.0/2c94ad3e1aafab77146f384e23536f97a4849815 (last modified on Tue Jun  9 21:22:56 2026).
{"task": "sciq", "id": "947", "gold": "C", "pred": "C", "correct": true}
{"task": "sciq", "id": "798", "gold": "B", "pred": "B", "correct": true}
{"task": "sciq", "id": "971", "gold": "B", "pred": "B", "correct": true}
{"task": "sciq", "id": "296", "gold": "D", "pred": "D", "correct": true}
{"task": "sciq", "id": "913", "gold": "D", "pred": "D", "correct": true}
{"task": "sciq", "id": "849", "gold": "A", "pred": "A", "correct": true}
{"task": "sciq", "id": "85", "gold": "A", "pred": "A", "correct": true}
{"task": "sciq", "id": "17", "gold": "B", "pred": "B", "correct": true}
{"task": "sciq", "id": "606", "gold": "B", "pred": "B", "correct": true}
{"task": "sciq", "id": "314", "gold": "B", "pred": "B", "correct": true}
{"task": "sciq", "id": "433", "gold": "B", "pred": "B", "correct": true}
{"task": "sciq", "id": "388", "gold": "D", "pred": "D", "correct": true}
{"task": "sciq", "id": "542", "gold": "C", "pred": "C", "correct": true}
{"task": "sciq", "id": "366", "gold": "A", "pred": "A", "correct": true}
{"task": "sciq", "id": "133", "gold": "D", "pred": "D", "correct": true}
{"task": "sciq", "id": "743", "gold": "D", "pred": "D", "correct": true}
{"task": "sciq", "id": "196", "gold": "C", "pred": "B", "correct": false}
{"task": "sciq", "id": "273", "gold": "C", "pred": "C", "correct": true}
{"task": "sciq", "id": "455", "gold": "A", "pred": "A", "correct": true}
{"task": "sciq", "id": "14", "gold": "D", "pred": "D", "correct": true}
{"task": "sciq", "id": "226", "gold": "A", "pred": "A", "correct": true}
{"task": "sciq", "id": "635", "gold": "D", "pred": "D", "correct": true}
{"task": "sciq", "id": "465", "gold": "C", "pred": "C", "correct": true}
{"task": "sciq", "id": "923", "gold": "A", "pred": "A", "correct": true}
{"task": "sciq", "id": "25", "gold": "C", "pred": "D", "correct": false}
{"task": "sciq", "id": "108", "gold": "C", "pred": "C", "correct": true}
{"task": "sciq", "id": "87", "gold": "B", "pred": "B", "correct": true}
{"task": "sciq", "id": "727", "gold": "D", "pred": "D", "correct": true}
{"task": "sciq", "id": "510", "gold": "D", "pred": "D", "correct": true}
{"task": "sciq", "id": "431", "gold": "A", "pred": "A", "correct": true}
{"task": "sciq", "id": "20", "gold": "D", "pred": "D", "correct": true}
{"task": "sciq", "id": "524", "gold": "C", "pred": "C", "correct": true}
{"task": "sciq", "id": "642", "gold": "A", "pred": "B", "correct": false}
{"task": "sciq", "id": "751", "gold": "D", "pred": "A", "correct": false}
{"task": "sciq", "id": "441", "gold": "B", "pred": "B", "correct": true}
{"task": "sciq", "id": "367", "gold": "B", "pred": "B", "correct": true}
{"task": "sciq", "id": "789", "gold": "C", "pred": "C", "correct": true}
{"task": "sciq", "id": "58", "gold": "D", "pred": "D", "correct": true}
{"task": "sciq", "id": "210", "gold": "B", "pred": "B", "correct": true}
{"task": "sciq", "id": "801", "gold": "C", "pred": "C", "correct": true}
{"task": "sciq", "id": "36", "gold": "B", "pred": "B", "correct": true}
{"task": "sciq", "id": "603", "gold": "A", "pred": "A", "correct": true}
{"task": "sciq", "id": "377", "gold": "A", "pred": "A", "correct": true}
{"task": "sciq", "id": "673", "gold": "D", "pred": "D", "correct": true}
{"task": "sciq", "id": "176", "gold": "A", "pred": "A", "correct": true}
{"task": "sciq", "id": "221", "gold": "B", "pred": "B", "correct": true}
{"task": "sciq", "id": "994", "gold": "C", "pred": "C", "correct": true}
{"task": "sciq", "id": "752", "gold": "B", "pred": "B", "correct": true}
{"task": "sciq", "id": "371", "gold": "C", "pred": "C", "correct": true}
{"task": "sciq", "id": "579", "gold": "A", "pred": "A", "correct": true}
Using the latest cached version of the dataset since allenai/winogrande couldn't be found on the Hugging Face Hub (offline mode is enabled).
Found the latest cached dataset configuration 'winogrande_xl' at /root/.cache/huggingface/datasets/allenai___winogrande/winogrande_xl/0.0.0/01e74176c63542e6b0bcb004dcdea22d94fb67b5 (last modified on Tue Jun  9 21:23:22 2026).
{"task": "winogrande", "id": "593", "gold": "A", "pred": "B", "correct": false}
{"task": "winogrande", "id": "171", "gold": "A", "pred": "A", "correct": true}
{"task": "winogrande", "id": "34", "gold": "B", "pred": "B", "correct": true}
{"task": "winogrande", "id": "1212", "gold": "B", "pred": "B", "correct": true}
{"task": "winogrande", "id": "628", "gold": "A", "pred": "B", "correct": false}
{"task": "winogrande", "id": "867", "gold": "A", "pred": "A", "correct": true}
{"task": "winogrande", "id": "776", "gold": "A", "pred": "A", "correct": true}
{"task": "winogrande", "id": "1085", "gold": "A", "pred": "B", "correct": false}
{"task": "winogrande", "id": "733", "gold": "A", "pred": "A", "correct": true}
{"task": "winogrande", "id": "266", "gold": "B", "pred": "B", "correct": true}
{"task": "winogrande", "id": "393", "gold": "B", "pred": "B", "correct": true}
{"task": "winogrande", "id": "547", "gold": "A", "pred": "A", "correct": true}
{"task": "winogrande", "id": "910", "gold": "A", "pred": "B", "correct": false}
{"task": "winogrande", "id": "28", "gold": "A", "pred": "A", "correct": true}
{"task": "winogrande", "id": "452", "gold": "A", "pred": "A", "correct": true}
{"task": "winogrande", "id": "931", "gold": "B", "pred": "A", "correct": false}
{"task": "winogrande", "id": "50", "gold": "A", "pred": "A", "correct": true}
{"task": "winogrande", "id": "216", "gold": "A", "pred": "A", "correct": true}
{"task": "winogrande", "id": "175", "gold": "B", "pred": "B", "correct": true}
{"task": "winogrande", "id": "1020", "gold": "B", "pred": "A", "correct": false}
{"task": "winogrande", "id": "862", "gold": "A", "pred": "A", "correct": true}
{"task": "winogrande", "id": "40", "gold": "A", "pred": "A", "correct": true}
{"task": "winogrande", "id": "1049", "gold": "A", "pred": "B", "correct": false}
{"task": "winogrande", "id": "883", "gold": "B", "pred": "B", "correct": true}
{"task": "winogrande", "id": "735", "gold": "B", "pred": "B", "correct": true}
{"task": "winogrande", "id": "117", "gold": "B", "pred": "B", "correct": true}
{"task": "winogrande", "id": "421", "gold": "B", "pred": "A", "correct": false}
{"task": "winogrande", "id": "72", "gold": "A", "pred": "A", "correct": true}
{"task": "winogrande", "id": "1206", "gold": "A", "pred": "A", "correct": true}
{"task": "winogrande", "id": "755", "gold": "A", "pred": "A", "correct": true}
{"task": "winogrande", "id": "352", "gold": "B", "pred": "B", "correct": true}
{"task": "winogrande", "id": "442", "gold": "B", "pred": "A", "correct": false}
{"task": "winogrande", "id": "742", "gold": "A", "pred": "B", "correct": false}
{"task": "winogrande", "id": "1158", "gold": "B", "pred": "B", "correct": true}
{"task": "winogrande", "id": "1171", "gold": "B", "pred": "B", "correct": true}
{"task": "winogrande", "id": "576", "gold": "A", "pred": "A", "correct": true}
{"task": "winogrande", "id": "643", "gold": "A", "pred": "B", "correct": false}
{"task": "winogrande", "id": "1173", "gold": "B", "pred": "B", "correct": true}
{"task": "winogrande", "id": "970", "gold": "A", "pred": "A", "correct": true}
{"task": "winogrande", "id": "363", "gold": "A", "pred": "A", "correct": true}
{"task": "winogrande", "id": "989", "gold": "A", "pred": "A", "correct": true}
{"task": "winogrande", "id": "1209", "gold": "B", "pred": "B", "correct": true}
{"task": "winogrande", "id": "916", "gold": "A", "pred": "A", "correct": true}
{"task": "winogrande", "id": "335", "gold": "A", "pred": "A", "correct": true}
{"task": "winogrande", "id": "372", "gold": "B", "pred": "B", "correct": true}
{"task": "winogrande", "id": "365", "gold": "B", "pred": "B", "correct": true}
{"task": "winogrande", "id": "1092", "gold": "B", "pred": "B", "correct": true}
{"task": "winogrande", "id": "662", "gold": "A", "pred": "B", "correct": false}
{"task": "winogrande", "id": "1065", "gold": "B", "pred": "B", "correct": true}
{"task": "winogrande", "id": "400", "gold": "B", "pred": "B", "correct": true}
Using the latest cached version of the dataset since tau/commonsense_qa couldn't be found on the Hugging Face Hub (offline mode is enabled).
Found the latest cached dataset configuration 'default' at /root/.cache/huggingface/datasets/tau___commonsense_qa/default/0.0.0/94630fe30dad47192a8546eb75f094926d47e155 (last modified on Tue Jun  9 21:40:30 2026).
{"task": "commonsenseqa", "id": "8b25332de2894ab38784235838d38cec", "gold": "E", "pred": "E", "correct": true}
{"task": "commonsenseqa", "id": "8ea5720718c0e122efa6277edb511569", "gold": "D", "pred": "D", "correct": true}
{"task": "commonsenseqa", "id": "4acd496cc78d96c2431279a5fd87de7c", "gold": "E", "pred": "E", "correct": true}
{"task": "commonsenseqa", "id": "01794dde3ca2991615f1aa2f63fb22e3", "gold": "E", "pred": "E", "correct": true}
{"task": "commonsenseqa", "id": "41bab71fea3fa04e5a4e10a2f86996df", "gold": "E", "pred": "E", "correct": true}
{"task": "commonsenseqa", "id": "c7ce02d9365fe9275f88338ad51cbde6", "gold": "A", "pred": "A", "correct": true}
{"task": "commonsenseqa", "id": "c9f7d07e6d363a99f5fadd68a4dfa35a", "gold": "B", "pred": "B", "correct": true}
{"task": "commonsenseqa", "id": "29c194d032a266a7160bff6f546a4d9d", "gold": "D", "pred": "D", "correct": true}
{"task": "commonsenseqa", "id": "32d5b7fcae24f0d4871cfb219c5a4b47", "gold": "C", "pred": "C", "correct": true}
{"task": "commonsenseqa", "id": "46351b3a6beb694c5f623583a3b1473d", "gold": "B", "pred": "B", "correct": true}
{"task": "commonsenseqa", "id": "5a50ea4bb2d13dc4f620ebd45025d445", "gold": "E", "pred": "E", "correct": true}
{"task": "commonsenseqa", "id": "5c2bc4335c8860342ec2d568ceb6ac6b", "gold": "C", "pred": "C", "correct": true}
{"task": "commonsenseqa", "id": "b3dc6d6a5e2f9d7da8eb72816c80b3f8_1", "gold": "A", "pred": "A", "correct": true}
{"task": "commonsenseqa", "id": "9889e5389917d812c09d6e5d382d333d", "gold": "B", "pred": "B", "correct": true}
{"task": "commonsenseqa", "id": "4ef3d70648ee3cea028bc5ed0fdfda28", "gold": "C", "pred": "C", "correct": true}
{"task": "commonsenseqa", "id": "359aed918343d228e67cef329b693904", "gold": "C", "pred": "C", "correct": true}
{"task": "commonsenseqa", "id": "011096bcfff30fd38046cf9db3a411c5", "gold": "C", "pred": "C", "correct": true}
{"task": "commonsenseqa", "id": "0f2377604e628c55ba588366139396b9", "gold": "E", "pred": "D", "correct": false}
{"task": "commonsenseqa", "id": "900492bd731f8f615ed7c08155737d44", "gold": "E", "pred": "E", "correct": true}
{"task": "commonsenseqa", "id": "0b52cc905fff0ca69a45e6353d10e401", "gold": "D", "pred": "D", "correct": true}
{"task": "commonsenseqa", "id": "6f48ee564a48293eb501cc0d8197bdd9", "gold": "C", "pred": "B", "correct": false}
{"task": "commonsenseqa", "id": "ba640b9634ad6b4ad98b17b4f152e562", "gold": "B", "pred": "B", "correct": true}
{"task": "commonsenseqa", "id": "5d4233146435ab0ca211e8ac9bfce76f", "gold": "A", "pred": "A", "correct": true}
{"task": "commonsenseqa", "id": "bd773d64f4e22db2358c6e00cbdf2d83", "gold": "A", "pred": "A", "correct": true}
{"task": "commonsenseqa", "id": "ef3d5d35128678937c36438466e0fc93", "gold": "E", "pred": "E", "correct": true}
{"task": "commonsenseqa", "id": "9dffd2021771e0ecddb19031acf3701b", "gold": "C", "pred": "B", "correct": false}
{"task": "commonsenseqa", "id": "8b3b598a647dfd2d63fcedce5f461040", "gold": "A", "pred": "A", "correct": true}
{"task": "commonsenseqa", "id": "821b32d39f57396979069b948030afe9", "gold": "D", "pred": "D", "correct": true}
{"task": "commonsenseqa", "id": "8f2976690c83be6b8fa3a1196dfd9722", "gold": "E", "pred": "E", "correct": true}
{"task": "commonsenseqa", "id": "66bfb6e209c94e6be5b0d04b0c7e2064", "gold": "C", "pred": "C", "correct": true}
{"task": "commonsenseqa", "id": "0bf4d64ad0eee7224acb3a4eb85accb2", "gold": "B", "pred": "B", "correct": true}
{"task": "commonsenseqa", "id": "ec86900559a0faf2aef066e511a4cfa6", "gold": "B", "pred": "B", "correct": true}
{"task": "commonsenseqa", "id": "7c45033e9fd9f1a759923971b14390ed", "gold": "E", "pred": "E", "correct": true}
{"task": "commonsenseqa", "id": "0f7425ecbe369bf41a230aab92d84132", "gold": "B", "pred": "B", "correct": true}
{"task": "commonsenseqa", "id": "42520bf3f93f8de23670044e019001a3", "gold": "E", "pred": "E", "correct": true}
{"task": "commonsenseqa", "id": "07fd8b0aed06406fedb137d11b07a890", "gold": "D", "pred": "C", "correct": false}
{"task": "commonsenseqa", "id": "3eb397b96b6c3a245c81ab30205943f1", "gold": "C", "pred": "C", "correct": true}
{"task": "commonsenseqa", "id": "ed50555f8db2b8f66caf9868dcd7e13b", "gold": "A", "pred": "A", "correct": true}
{"task": "commonsenseqa", "id": "ec224c1dbfb569cce7ec317fe987ae68", "gold": "B", "pred": "B", "correct": true}
{"task": "commonsenseqa", "id": "42c46e28baf0fc617a07419286178c0a", "gold": "E", "pred": "E", "correct": true}
{"task": "commonsenseqa", "id": "cf8e30dd6956d03e3f0f0397112a8696", "gold": "A", "pred": "D", "correct": false}
{"task": "commonsenseqa", "id": "549cf641318edfc0510fa7c7dbb359e1", "gold": "C", "pred": "C", "correct": true}
{"task": "commonsenseqa", "id": "5c171b9837af49211891ce40e4a10204", "gold": "D", "pred": "D", "correct": true}
{"task": "commonsenseqa", "id": "303aedda3a5ab8d853cbe4edc4b914c6", "gold": "C", "pred": "C", "correct": true}
{"task": "commonsenseqa", "id": "1d8d9e3504c8c58a3b923ddc155c19b0", "gold": "B", "pred": "B", "correct": true}
{"task": "commonsenseqa", "id": "8b23cd355ffc8b6e7aa5459ffb21b4e0", "gold": "B", "pred": "B", "correct": true}
{"task": "commonsenseqa", "id": "d78baca23e0a636a8961e17119047e63", "gold": "C", "pred": "C", "correct": true}
{"task": "commonsenseqa", "id": "a5dcac512870e79f5aa2b22dbd662404", "gold": "B", "pred": "B", "correct": true}
{"task": "commonsenseqa", "id": "c7526b682e64f355384631b35cd78fc9", "gold": "B", "pred": "B", "correct": true}
{"task": "commonsenseqa", "id": "1ef68db97654f30cd3701b942fadc934", "gold": "B", "pred": "B", "correct": true}
Using the latest cached version of the dataset since ai2_arc couldn't be found on the Hugging Face Hub (offline mode is enabled).
Found the latest cached dataset configuration 'ARC-Challenge' at /root/.cache/huggingface/datasets/ai2_arc/ARC-Challenge/0.0.0/210d026faf9955653af8916fad021475a3f00453 (last modified on Tue Jun  9 21:50:43 2026).
{"task": "arc_challenge", "id": "593", "gold": "A", "pred": "A", "correct": true}
{"task": "arc_challenge", "id": "171", "gold": "D", "pred": "D", "correct": true}
{"task": "arc_challenge", "id": "34", "gold": "A", "pred": "A", "correct": true}
{"task": "arc_challenge", "id": "628", "gold": "C", "pred": "C", "correct": true}
{"task": "arc_challenge", "id": "867", "gold": "C", "pred": "C", "correct": true}
{"task": "arc_challenge", "id": "776", "gold": "A", "pred": "A", "correct": true}
{"task": "arc_challenge", "id": "1085", "gold": "A", "pred": "A", "correct": true}
{"task": "arc_challenge", "id": "733", "gold": "C", "pred": "C", "correct": true}
{"task": "arc_challenge", "id": "266", "gold": "A", "pred": "A", "correct": true}
{"task": "arc_challenge", "id": "393", "gold": "B", "pred": "B", "correct": true}
{"task": "arc_challenge", "id": "547", "gold": "C", "pred": "C", "correct": true}
{"task": "arc_challenge", "id": "910", "gold": "D", "pred": "D", "correct": true}
{"task": "arc_challenge", "id": "28", "gold": "C", "pred": "D", "correct": false}
{"task": "arc_challenge", "id": "452", "gold": "D", "pred": "B", "correct": false}
{"task": "arc_challenge", "id": "931", "gold": "B", "pred": "C", "correct": false}
{"task": "arc_challenge", "id": "50", "gold": "D", "pred": "D", "correct": true}
{"task": "arc_challenge", "id": "216", "gold": "D", "pred": "D", "correct": true}
{"task": "arc_challenge", "id": "175", "gold": "A", "pred": "B", "correct": false}
{"task": "arc_challenge", "id": "1020", "gold": "C", "pred": "C", "correct": true}
{"task": "arc_challenge", "id": "862", "gold": "D", "pred": "D", "correct": true}
{"task": "arc_challenge", "id": "40", "gold": "C", "pred": "C", "correct": true}
{"task": "arc_challenge", "id": "1049", "gold": "A", "pred": "A", "correct": true}
{"task": "arc_challenge", "id": "883", "gold": "C", "pred": "C", "correct": true}
{"task": "arc_challenge", "id": "735", "gold": "D", "pred": "B", "correct": false}
{"task": "arc_challenge", "id": "117", "gold": "C", "pred": "C", "correct": true}
{"task": "arc_challenge", "id": "421", "gold": "C", "pred": "C", "correct": true}
{"task": "arc_challenge", "id": "72", "gold": "B", "pred": "B", "correct": true}
{"task": "arc_challenge", "id": "755", "gold": "D", "pred": "D", "correct": true}
{"task": "arc_challenge", "id": "352", "gold": "D", "pred": "D", "correct": true}
{"task": "arc_challenge", "id": "442", "gold": "A", "pred": "A", "correct": true}
{"task": "arc_challenge", "id": "742", "gold": "B", "pred": "B", "correct": true}
{"task": "arc_challenge", "id": "1158", "gold": "A", "pred": "A", "correct": true}
{"task": "arc_challenge", "id": "1171", "gold": "A", "pred": "A", "correct": true}
{"task": "arc_challenge", "id": "576", "gold": "A", "pred": "A", "correct": true}
{"task": "arc_challenge", "id": "643", "gold": "B", "pred": "B", "correct": true}
{"task": "arc_challenge", "id": "970", "gold": "A", "pred": "A", "correct": true}
{"task": "arc_challenge", "id": "363", "gold": "A", "pred": "A", "correct": true}
{"task": "arc_challenge", "id": "989", "gold": "D", "pred": "B", "correct": false}
{"task": "arc_challenge", "id": "916", "gold": "B", "pred": "B", "correct": true}
{"task": "arc_challenge", "id": "335", "gold": "D", "pred": "D", "correct": true}
{"task": "arc_challenge", "id": "372", "gold": "B", "pred": "B", "correct": true}
{"task": "arc_challenge", "id": "365", "gold": "B", "pred": "B", "correct": true}
{"task": "arc_challenge", "id": "1092", "gold": "B", "pred": "B", "correct": true}
{"task": "arc_challenge", "id": "662", "gold": "C", "pred": "C", "correct": true}
{"task": "arc_challenge", "id": "1065", "gold": "C", "pred": "B", "correct": false}
{"task": "arc_challenge", "id": "400", "gold": "C", "pred": "B", "correct": false}
{"task": "arc_challenge", "id": "234", "gold": "C", "pred": "C", "correct": true}
{"task": "arc_challenge", "id": "168", "gold": "A", "pred": "A", "correct": true}
{"task": "arc_challenge", "id": "201", "gold": "C", "pred": "C", "correct": true}
{"task": "arc_challenge", "id": "872", "gold": "C", "pred": "C", "correct": true}
Using the latest cached version of the dataset since Rowan/hellaswag couldn't be found on the Hugging Face Hub (offline mode is enabled).
Found the latest cached dataset configuration 'default' at /root/.cache/huggingface/datasets/Rowan___hellaswag/default/0.0.0/218ec52e09a7e7462a5400043bb9a69a41d06b76 (last modified on Tue Jun  9 22:21:06 2026).
{"task": "hellaswag", "id": "4749", "gold": "B", "pred": "B", "correct": true}
{"task": "hellaswag", "id": "1368", "gold": "A", "pred": "A", "correct": true}
{"task": "hellaswag", "id": "279", "gold": "A", "pred": "A", "correct": true}
{"task": "hellaswag", "id": "9699", "gold": "C", "pred": "C", "correct": true}
{"task": "hellaswag", "id": "5025", "gold": "C", "pred": "C", "correct": true}
{"task": "hellaswag", "id": "6942", "gold": "C", "pred": "C", "correct": true}
{"task": "hellaswag", "id": "6212", "gold": "B", "pred": "B", "correct": true}
{"task": "hellaswag", "id": "8684", "gold": "B", "pred": "C", "correct": false}
{"task": "hellaswag", "id": "5866", "gold": "B", "pred": "B", "correct": true}
{"task": "hellaswag", "id": "2134", "gold": "B", "pred": "B", "correct": true}
{"task": "hellaswag", "id": "3145", "gold": "D", "pred": "D", "correct": true}
{"task": "hellaswag", "id": "4380", "gold": "A", "pred": "C", "correct": false}
{"task": "hellaswag", "id": "7283", "gold": "B", "pred": "D", "correct": false}
{"task": "hellaswag", "id": "230", "gold": "B", "pred": "A", "correct": false}
{"task": "hellaswag", "id": "3621", "gold": "A", "pred": "C", "correct": false}
{"task": "hellaswag", "id": "7455", "gold": "D", "pred": "D", "correct": true}
{"task": "hellaswag", "id": "405", "gold": "C", "pred": "C", "correct": true}
{"task": "hellaswag", "id": "1735", "gold": "A", "pred": "B", "correct": false}
{"task": "hellaswag", "id": "1405", "gold": "C", "pred": "C", "correct": true}
{"task": "hellaswag", "id": "8163", "gold": "A", "pred": "A", "correct": true}
{"task": "hellaswag", "id": "6901", "gold": "B", "pred": "B", "correct": true}
{"task": "hellaswag", "id": "320", "gold": "D", "pred": "D", "correct": true}
{"task": "hellaswag", "id": "8398", "gold": "B", "pred": "B", "correct": true}
{"task": "hellaswag", "id": "7066", "gold": "A", "pred": "A", "correct": true}
{"task": "hellaswag", "id": "5881", "gold": "A", "pred": "A", "correct": true}
{"task": "hellaswag", "id": "942", "gold": "C", "pred": "C", "correct": true}
{"task": "hellaswag", "id": "3368", "gold": "C", "pred": "C", "correct": true}
{"task": "hellaswag", "id": "578", "gold": "D", "pred": "B", "correct": false}
{"task": "hellaswag", "id": "9652", "gold": "D", "pred": "D", "correct": true}
{"task": "hellaswag", "id": "6047", "gold": "B", "pred": "B", "correct": true}
{"task": "hellaswag", "id": "2816", "gold": "C", "pred": "D", "correct": false}
{"task": "hellaswag", "id": "3539", "gold": "B", "pred": "B", "correct": true}
{"task": "hellaswag", "id": "5943", "gold": "B", "pred": "B", "correct": true}
{"task": "hellaswag", "id": "9265", "gold": "B", "pred": "B", "correct": true}
{"task": "hellaswag", "id": "6040", "gold": "C", "pred": "C", "correct": true}
{"task": "hellaswag", "id": "9372", "gold": "B", "pred": "B", "correct": true}
{"task": "hellaswag", "id": "4608", "gold": "C", "pred": "A", "correct": false}
{"task": "hellaswag", "id": "5150", "gold": "B", "pred": "B", "correct": true}
{"task": "hellaswag", "id": "9387", "gold": "C", "pred": "C", "correct": true}
{"task": "hellaswag", "id": "1404", "gold": "D", "pred": "D", "correct": true}
{"task": "hellaswag", "id": "7767", "gold": "B", "pred": "B", "correct": true}
{"task": "hellaswag", "id": "2910", "gold": "C", "pred": "C", "correct": true}
{"task": "hellaswag", "id": "7914", "gold": "B", "pred": "B", "correct": true}
{"task": "hellaswag", "id": "9676", "gold": "D", "pred": "D", "correct": true}
{"task": "hellaswag", "id": "7331", "gold": "A", "pred": "B", "correct": false}
{"task": "hellaswag", "id": "2680", "gold": "C", "pred": "C", "correct": true}
{"task": "hellaswag", "id": "2982", "gold": "B", "pred": "B", "correct": true}
{"task": "hellaswag", "id": "2925", "gold": "B", "pred": "B", "correct": true}
{"task": "hellaswag", "id": "8742", "gold": "D", "pred": "D", "correct": true}
{"task": "hellaswag", "id": "5298", "gold": "D", "pred": "D", "correct": true}
Using the latest cached version of the dataset since google/boolq couldn't be found on the Hugging Face Hub (offline mode is enabled).
Found the latest cached dataset configuration 'default' at /root/.cache/huggingface/datasets/google___boolq/default/0.0.0/35b264d03638db9f4ce671b711558bf7ff0f80d5 (last modified on Tue Jun  9 22:23:07 2026).
{"task": "boolq", "id": "3192", "gold": "yes", "pred": "yes", "correct": true}
{"task": "boolq", "id": "1187", "gold": "no", "pred": "no", "correct": true}
{"task": "boolq", "id": "342", "gold": "yes", "pred": "no", "correct": false}
{"task": "boolq", "id": "69", "gold": "yes", "pred": "yes", "correct": true}
{"task": "boolq", "id": "2424", "gold": "yes", "pred": "yes", "correct": true}
{"task": "boolq", "id": "1256", "gold": "no", "pred": "no", "correct": true}
{"task": "boolq", "id": "1735", "gold": "no", "pred": "no", "correct": true}
{"task": "boolq", "id": "1553", "gold": "no", "pred": "no", "correct": true}
{"task": "boolq", "id": "2171", "gold": "no", "pred": "no", "correct": true}
{"task": "boolq", "id": "1466", "gold": "yes", "pred": "yes", "correct": true}
{"task": "boolq", "id": "533", "gold": "no", "pred": "no", "correct": true}
{"task": "boolq", "id": "2973", "gold": "yes", "pred": "yes", "correct": true}
{"task": "boolq", "id": "786", "gold": "no", "pred": "no", "correct": true}
{"task": "boolq", "id": "1095", "gold": "yes", "pred": "yes", "correct": true}
{"task": "boolq", "id": "1820", "gold": "yes", "pred": "no", "correct": false}
{"task": "boolq", "id": "57", "gold": "yes", "pred": "yes", "correct": true}
{"task": "boolq", "id": "905", "gold": "yes", "pred": "yes", "correct": true}
{"task": "boolq", "id": "2540", "gold": "no", "pred": "no", "correct": true}
{"task": "boolq", "id": "1863", "gold": "yes", "pred": "yes", "correct": true}
{"task": "boolq", "id": "101", "gold": "no", "pred": "yes", "correct": false}
{"task": "boolq", "id": "433", "gold": "no", "pred": "no", "correct": true}
{"task": "boolq", "id": "351", "gold": "no", "pred": "no", "correct": true}
{"task": "boolq", "id": "2908", "gold": "no", "pred": "no", "correct": true}
{"task": "boolq", "id": "2040", "gold": "yes", "pred": "yes", "correct": true}
{"task": "boolq", "id": "1725", "gold": "no", "pred": "yes", "correct": false}
{"task": "boolq", "id": "80", "gold": "no", "pred": "no", "correct": true}
{"task": "boolq", "id": "2099", "gold": "yes", "pred": "yes", "correct": true}
{"task": "boolq", "id": "2570", "gold": "no", "pred": "no", "correct": true}
{"task": "boolq", "id": "3007", "gold": "no", "pred": "no", "correct": true}
{"task": "boolq", "id": "1766", "gold": "yes", "pred": "yes", "correct": true}
{"task": "boolq", "id": "1470", "gold": "no", "pred": "no", "correct": true}
{"task": "boolq", "id": "3157", "gold": "yes", "pred": "yes", "correct": true}
{"task": "boolq", "id": "235", "gold": "no", "pred": "no", "correct": true}
{"task": "boolq", "id": "842", "gold": "yes", "pred": "yes", "correct": true}
{"task": "boolq", "id": "3207", "gold": "no", "pred": "no", "correct": true}
{"task": "boolq", "id": "144", "gold": "no", "pred": "no", "correct": true}
{"task": "boolq", "id": "2413", "gold": "yes", "pred": "yes", "correct": true}
{"task": "boolq", "id": "1511", "gold": "yes", "pred": "yes", "correct": true}
{"task": "boolq", "id": "2694", "gold": "no", "pred": "no", "correct": true}
{"task": "boolq", "id": "704", "gold": "yes", "pred": "yes", "correct": true}
{"task": "boolq", "id": "2543", "gold": "yes", "pred": "yes", "correct": true}
{"task": "boolq", "id": "884", "gold": "no", "pred": "no", "correct": true}
{"task": "boolq", "id": "3011", "gold": "yes", "pred": "yes", "correct": true}
{"task": "boolq", "id": "1485", "gold": "yes", "pred": "yes", "correct": true}
{"task": "boolq", "id": "2316", "gold": "no", "pred": "no", "correct": true}
{"task": "boolq", "id": "3112", "gold": "no", "pred": "no", "correct": true}
{"task": "boolq", "id": "1510", "gold": "yes", "pred": "yes", "correct": true}
{"task": "boolq", "id": "2343", "gold": "yes", "pred": "yes", "correct": true}
{"task": "boolq", "id": "1152", "gold": "yes", "pred": "yes", "correct": true}
{"task": "boolq", "id": "2705", "gold": "yes", "pred": "no", "correct": false}
{
  "mmlu_pro": {
    "accuracy": 0.42,
    "n": 50,
    "seconds": 95.06523847579956,
    "peak_mem_gb": 15.57691240310669
  },
  "pubmedqa": {
    "accuracy": 0.74,
    "n": 50,
    "seconds": 110.10699439048767,
    "peak_mem_gb": 15.523051738739014
  },
  "ceval_computer_network": {
    "accuracy": 0.7,
    "n": 50,
    "seconds": 58.76666450500488,
    "peak_mem_gb": 15.19445276260376
  },
  "sciq": {
    "accuracy": 0.92,
    "n": 50,
    "seconds": 60.25411105155945,
    "peak_mem_gb": 15.171726703643799
  },
  "winogrande": {
    "accuracy": 0.76,
    "n": 50,
    "seconds": 60.13159251213074,
    "peak_mem_gb": 15.140877723693848
  },
  "commonsenseqa": {
    "accuracy": 0.9,
    "n": 50,
    "seconds": 60.217732191085815,
    "peak_mem_gb": 15.161360263824463
  },
  "arc_challenge": {
    "accuracy": 0.84,
    "n": 50,
    "seconds": 58.635122299194336,
    "peak_mem_gb": 15.195881366729736
  },
  "hellaswag": {
    "accuracy": 0.8,
    "n": 50,
    "seconds": 77.86923670768738,
    "peak_mem_gb": 15.305891036987305
  },
  "boolq": {
    "accuracy": 0.9,
    "n": 50,
    "seconds": 70.76578187942505,
    "peak_mem_gb": 15.388757228851318
  }
}
[Wed Jun 10 12:07:01 CST 2026] train balanced_loraplus_r16_s100 variant=loraplus mode=vanilla steps=100 lr=1e-4
Loading checkpoint shards:   0%|          | 0/6 [00:00<?, ?it/s]Loading checkpoint shards: 100%|██████████| 6/6 [00:00<00:00, 169.41it/s]
gradient_checkpointing skipped: LLaDAModelLM does not support gradient checkpointing.
trainable params: 20,971,520 || all params: 8,036,552,704 || trainable%: 0.2610
LoRA+ optimizer: lr_A=0.0001, lr_B=0.0008, n_A=8,388,608, n_B=12,582,912
{"step": 1, "loss": 10.819173812866211, "choice_loss": 3.5940499305725098, "denoise_loss": 10.819173812866211, "consistency_loss": 0.0}
{"step": 10, "loss": 0.5580916404724121, "choice_loss": 0.5492885112762451, "denoise_loss": 0.5580916404724121, "consistency_loss": 0.0}
{"step": 20, "loss": 0.8991273045539856, "choice_loss": 0.8516847491264343, "denoise_loss": 0.8991273045539856, "consistency_loss": 0.0}
{"step": 30, "loss": 0.8132954835891724, "choice_loss": 0.8107926845550537, "denoise_loss": 0.8132954835891724, "consistency_loss": 0.0}
{"step": 40, "loss": 0.03166597709059715, "choice_loss": 0.028837239369750023, "denoise_loss": 0.03166597709059715, "consistency_loss": 0.0}
{"step": 50, "loss": 0.18084579706192017, "choice_loss": 0.1797446459531784, "denoise_loss": 0.18084579706192017, "consistency_loss": 0.0}
{"step": 60, "loss": 0.18210461735725403, "choice_loss": 0.1797446459531784, "denoise_loss": 0.18210461735725403, "consistency_loss": 0.0}
{"step": 70, "loss": 0.0012559153838083148, "choice_loss": 0.0009095107670873404, "denoise_loss": 0.0012559153838083148, "consistency_loss": 0.0}
{"step": 80, "loss": 0.0030611343681812286, "choice_loss": 0.002830429933965206, "denoise_loss": 0.0030611343681812286, "consistency_loss": 0.0}
{"step": 90, "loss": 0.012168810702860355, "choice_loss": 0.01038186065852642, "denoise_loss": 0.012168810702860355, "consistency_loss": 0.0}
{"step": 100, "loss": 0.043399959802627563, "choice_loss": 0.0417027622461319, "denoise_loss": 0.043399959802627563, "consistency_loss": 0.0}
[Wed Jun 10 12:08:51 CST 2026] eval balanced_loraplus_r16_s100
Loading checkpoint shards:   0%|          | 0/6 [00:00<?, ?it/s]Loading checkpoint shards: 100%|██████████| 6/6 [00:00<00:00, 161.71it/s]
Using the latest cached version of the dataset since TIGER-Lab/MMLU-Pro couldn't be found on the Hugging Face Hub (offline mode is enabled).
Found the latest cached dataset configuration 'default' at /root/.cache/huggingface/datasets/TIGER-Lab___mmlu-pro/default/0.0.0/b189ec765aa7ed75c8acfea42df31fdae71f97be (last modified on Tue Jun  9 21:21:47 2026).
{"task": "mmlu_pro", "id": "4888", "gold": "H", "pred": "H", "correct": true}
{"task": "mmlu_pro", "id": "1458", "gold": "C", "pred": "B", "correct": false}
{"task": "mmlu_pro", "id": "351", "gold": "H", "pred": "C", "correct": false}
{"task": "mmlu_pro", "id": "9891", "gold": "I", "pred": "I", "correct": true}
{"task": "mmlu_pro", "id": "5167", "gold": "B", "pred": "B", "correct": true}
{"task": "mmlu_pro", "id": "7112", "gold": "G", "pred": "A", "correct": false}
{"task": "mmlu_pro", "id": "6376", "gold": "E", "pred": "A", "correct": false}
{"task": "mmlu_pro", "id": "8872", "gold": "A", "pred": "C", "correct": false}
{"task": "mmlu_pro", "id": "6026", "gold": "A", "pred": "F", "correct": false}
{"task": "mmlu_pro", "id": "2234", "gold": "C", "pred": "I", "correct": false}
{"task": "mmlu_pro", "id": "12119", "gold": "F", "pred": "A", "correct": false}
{"task": "mmlu_pro", "id": "3266", "gold": "J", "pred": "B", "correct": false}
{"task": "mmlu_pro", "id": "4512", "gold": "D", "pred": "D", "correct": true}
{"task": "mmlu_pro", "id": "7463", "gold": "D", "pred": "D", "correct": true}
{"task": "mmlu_pro", "id": "302", "gold": "H", "pred": "H", "correct": true}
{"task": "mmlu_pro", "id": "3744", "gold": "A", "pred": "I", "correct": false}
{"task": "mmlu_pro", "id": "10362", "gold": "A", "pred": "A", "correct": true}
{"task": "mmlu_pro", "id": "7638", "gold": "E", "pred": "E", "correct": true}
{"task": "mmlu_pro", "id": "479", "gold": "B", "pred": "D", "correct": false}
{"task": "mmlu_pro", "id": "1830", "gold": "I", "pred": "D", "correct": false}
{"task": "mmlu_pro", "id": "1496", "gold": "C", "pred": "A", "correct": false}
{"task": "mmlu_pro", "id": "11856", "gold": "I", "pred": "I", "correct": true}
{"task": "mmlu_pro", "id": "8350", "gold": "I", "pred": "I", "correct": true}
{"task": "mmlu_pro", "id": "7071", "gold": "F", "pred": "E", "correct": false}
{"task": "mmlu_pro", "id": "393", "gold": "J", "pred": "J", "correct": true}
{"task": "mmlu_pro", "id": "8585", "gold": "C", "pred": "J", "correct": false}
{"task": "mmlu_pro", "id": "10488", "gold": "D", "pred": "D", "correct": true}
{"task": "mmlu_pro", "id": "12254", "gold": "F", "pred": "F", "correct": true}
{"task": "mmlu_pro", "id": "7239", "gold": "F", "pred": "B", "correct": false}
{"task": "mmlu_pro", "id": "6041", "gold": "B", "pred": "H", "correct": false}
{"task": "mmlu_pro", "id": "1021", "gold": "E", "pred": "H", "correct": false}
{"task": "mmlu_pro", "id": "3489", "gold": "I", "pred": "I", "correct": true}
{"task": "mmlu_pro", "id": "654", "gold": "A", "pred": "D", "correct": false}
{"task": "mmlu_pro", "id": "9843", "gold": "A", "pred": "A", "correct": true}
{"task": "mmlu_pro", "id": "6209", "gold": "I", "pred": "I", "correct": true}
{"task": "mmlu_pro", "id": "10994", "gold": "E", "pred": "E", "correct": true}
{"task": "mmlu_pro", "id": "2934", "gold": "F", "pred": "B", "correct": false}
{"task": "mmlu_pro", "id": "10376", "gold": "A", "pred": "D", "correct": false}
{"task": "mmlu_pro", "id": "3660", "gold": "B", "pred": "B", "correct": true}
{"task": "mmlu_pro", "id": "6104", "gold": "I", "pred": "I", "correct": true}
{"task": "mmlu_pro", "id": "9454", "gold": "I", "pred": "F", "correct": false}
{"task": "mmlu_pro", "id": "6202", "gold": "F", "pred": "I", "correct": false}
{"task": "mmlu_pro", "id": "9561", "gold": "F", "pred": "J", "correct": false}
{"task": "mmlu_pro", "id": "4740", "gold": "C", "pred": "A", "correct": false}
{"task": "mmlu_pro", "id": "11039", "gold": "D", "pred": "A", "correct": false}
{"task": "mmlu_pro", "id": "5292", "gold": "C", "pred": "A", "correct": false}
{"task": "mmlu_pro", "id": "9576", "gold": "B", "pred": "H", "correct": false}
{"task": "mmlu_pro", "id": "1495", "gold": "D", "pred": "H", "correct": false}
{"task": "mmlu_pro", "id": "7950", "gold": "C", "pred": "C", "correct": true}
{"task": "mmlu_pro", "id": "3028", "gold": "D", "pred": "D", "correct": true}
Using the latest cached version of the dataset since qiaojin/PubMedQA couldn't be found on the Hugging Face Hub (offline mode is enabled).
Found the latest cached dataset configuration 'pqa_labeled' at /root/.cache/huggingface/datasets/qiaojin___pub_med_qa/pqa_labeled/0.0.0/9001f2853fb87cab8d220904e0de81ac6973b318 (last modified on Tue Jun  9 21:22:06 2026).
{"task": "pubmedqa", "id": "24098953", "gold": "yes", "pred": "yes", "correct": true}
{"task": "pubmedqa", "id": "25103647", "gold": "maybe", "pred": "yes", "correct": false}
{"task": "pubmedqa", "id": "23972333", "gold": "yes", "pred": "yes", "correct": true}
{"task": "pubmedqa", "id": "10759659", "gold": "yes", "pred": "yes", "correct": true}
{"task": "pubmedqa", "id": "21880023", "gold": "no", "pred": "no", "correct": true}
{"task": "pubmedqa", "id": "14627582", "gold": "no", "pred": "yes", "correct": false}
{"task": "pubmedqa", "id": "22427593", "gold": "maybe", "pred": "yes", "correct": false}
{"task": "pubmedqa", "id": "17096624", "gold": "yes", "pred": "yes", "correct": true}
{"task": "pubmedqa", "id": "20497146", "gold": "yes", "pred": "yes", "correct": true}
{"task": "pubmedqa", "id": "15939071", "gold": "yes", "pred": "yes", "correct": true}
{"task": "pubmedqa", "id": "17259061", "gold": "yes", "pred": "yes", "correct": true}
{"task": "pubmedqa", "id": "21346501", "gold": "yes", "pred": "yes", "correct": true}
{"task": "pubmedqa", "id": "26818046", "gold": "yes", "pred": "yes", "correct": true}
{"task": "pubmedqa", "id": "26548832", "gold": "yes", "pred": "yes", "correct": true}
{"task": "pubmedqa", "id": "25311479", "gold": "yes", "pred": "yes", "correct": true}
{"task": "pubmedqa", "id": "23088164", "gold": "no", "pred": "no", "correct": true}
{"task": "pubmedqa", "id": "18714572", "gold": "maybe", "pred": "yes", "correct": false}
{"task": "pubmedqa", "id": "14551704", "gold": "yes", "pred": "yes", "correct": true}
{"task": "pubmedqa", "id": "20353735", "gold": "no", "pred": "no", "correct": true}
{"task": "pubmedqa", "id": "24866606", "gold": "yes", "pred": "yes", "correct": true}
{"task": "pubmedqa", "id": "22236315", "gold": "no", "pred": "yes", "correct": false}
{"task": "pubmedqa", "id": "12970636", "gold": "no", "pred": "no", "correct": true}
{"task": "pubmedqa", "id": "10490564", "gold": "yes", "pred": "yes", "correct": true}
{"task": "pubmedqa", "id": "9722752", "gold": "yes", "pred": "yes", "correct": true}
{"task": "pubmedqa", "id": "10966943", "gold": "no", "pred": "no", "correct": true}
{"task": "pubmedqa", "id": "27217036", "gold": "yes", "pred": "no", "correct": false}
{"task": "pubmedqa", "id": "19757704", "gold": "yes", "pred": "yes", "correct": true}
{"task": "pubmedqa", "id": "24599411", "gold": "yes", "pred": "yes", "correct": true}
{"task": "pubmedqa", "id": "19419587", "gold": "yes", "pred": "yes", "correct": true}
{"task": "pubmedqa", "id": "10158597", "gold": "yes", "pred": "yes", "correct": true}
{"task": "pubmedqa", "id": "19394934", "gold": "yes", "pred": "no", "correct": false}
{"task": "pubmedqa", "id": "14976655", "gold": "yes", "pred": "no", "correct": false}
{"task": "pubmedqa", "id": "26175531", "gold": "no", "pred": "no", "correct": true}
{"task": "pubmedqa", "id": "12790890", "gold": "maybe", "pred": "no", "correct": false}
{"task": "pubmedqa", "id": "14631523", "gold": "no", "pred": "no", "correct": true}
{"task": "pubmedqa", "id": "15879722", "gold": "yes", "pred": "yes", "correct": true}
{"task": "pubmedqa", "id": "18319270", "gold": "no", "pred": "no", "correct": true}
{"task": "pubmedqa", "id": "14612308", "gold": "no", "pred": "yes", "correct": false}
{"task": "pubmedqa", "id": "25488308", "gold": "no", "pred": "yes", "correct": false}
{"task": "pubmedqa", "id": "18802997", "gold": "maybe", "pred": "yes", "correct": false}
{"task": "pubmedqa", "id": "8847047", "gold": "no", "pred": "yes", "correct": false}
{"task": "pubmedqa", "id": "25255719", "gold": "yes", "pred": "no", "correct": false}
{"task": "pubmedqa", "id": "19852337", "gold": "yes", "pred": "yes", "correct": true}
{"task": "pubmedqa", "id": "2503176", "gold": "yes", "pred": "yes", "correct": true}
{"task": "pubmedqa", "id": "25156467", "gold": "yes", "pred": "yes", "correct": true}
{"task": "pubmedqa", "id": "26485091", "gold": "no", "pred": "no", "correct": true}
{"task": "pubmedqa", "id": "10456814", "gold": "no", "pred": "no", "correct": true}
{"task": "pubmedqa", "id": "23449952", "gold": "no", "pred": "no", "correct": true}
{"task": "pubmedqa", "id": "18948835", "gold": "yes", "pred": "yes", "correct": true}
{"task": "pubmedqa", "id": "17089900", "gold": "yes", "pred": "yes", "correct": true}
Using the latest cached version of the dataset since ceval/ceval-exam couldn't be found on the Hugging Face Hub (offline mode is enabled).
Found the latest cached dataset configuration 'computer_network' at /root/.cache/huggingface/datasets/ceval___ceval-exam/computer_network/0.0.0/617524a00b307ff6f9933702f724131fe12ca7ce (last modified on Tue Jun  9 21:22:29 2026).
{"task": "ceval_computer_network", "id": "74", "gold": "B", "pred": "B", "correct": true}
{"task": "ceval_computer_network", "id": "21", "gold": "C", "pred": "C", "correct": true}
{"task": "ceval_computer_network", "id": "4", "gold": "A", "pred": "A", "correct": true}
{"task": "ceval_computer_network", "id": "151", "gold": "C", "pred": "C", "correct": true}
{"task": "ceval_computer_network", "id": "78", "gold": "D", "pred": "B", "correct": false}
{"task": "ceval_computer_network", "id": "108", "gold": "A", "pred": "B", "correct": false}
{"task": "ceval_computer_network", "id": "97", "gold": "B", "pred": "A", "correct": false}
{"task": "ceval_computer_network", "id": "135", "gold": "A", "pred": "A", "correct": true}
{"task": "ceval_computer_network", "id": "91", "gold": "B", "pred": "A", "correct": false}
{"task": "ceval_computer_network", "id": "33", "gold": "A", "pred": "B", "correct": false}
{"task": "ceval_computer_network", "id": "49", "gold": "B", "pred": "B", "correct": true}
{"task": "ceval_computer_network", "id": "68", "gold": "C", "pred": "C", "correct": true}
{"task": "ceval_computer_network", "id": "113", "gold": "D", "pred": "B", "correct": false}
{"task": "ceval_computer_network", "id": "3", "gold": "C", "pred": "C", "correct": true}
{"task": "ceval_computer_network", "id": "56", "gold": "A", "pred": "A", "correct": true}
{"task": "ceval_computer_network", "id": "116", "gold": "B", "pred": "B", "correct": true}
{"task": "ceval_computer_network", "id": "6", "gold": "C", "pred": "B", "correct": false}
{"task": "ceval_computer_network", "id": "27", "gold": "C", "pred": "A", "correct": false}
{"task": "ceval_computer_network", "id": "169", "gold": "D", "pred": "D", "correct": true}
{"task": "ceval_computer_network", "id": "127", "gold": "B", "pred": "B", "correct": true}
{"task": "ceval_computer_network", "id": "107", "gold": "D", "pred": "D", "correct": true}
{"task": "ceval_computer_network", "id": "5", "gold": "D", "pred": "A", "correct": false}
{"task": "ceval_computer_network", "id": "131", "gold": "A", "pred": "A", "correct": true}
{"task": "ceval_computer_network", "id": "110", "gold": "D", "pred": "D", "correct": true}
{"task": "ceval_computer_network", "id": "162", "gold": "A", "pred": "A", "correct": true}
{"task": "ceval_computer_network", "id": "14", "gold": "B", "pred": "D", "correct": false}
{"task": "ceval_computer_network", "id": "52", "gold": "D", "pred": "D", "correct": true}
{"task": "ceval_computer_network", "id": "9", "gold": "D", "pred": "A", "correct": false}
{"task": "ceval_computer_network", "id": "94", "gold": "B", "pred": "C", "correct": false}
{"task": "ceval_computer_network", "id": "44", "gold": "D", "pred": "D", "correct": true}
{"task": "ceval_computer_network", "id": "55", "gold": "B", "pred": "A", "correct": false}
{"task": "ceval_computer_network", "id": "92", "gold": "B", "pred": "B", "correct": true}
{"task": "ceval_computer_network", "id": "142", "gold": "B", "pred": "B", "correct": true}
{"task": "ceval_computer_network", "id": "72", "gold": "C", "pred": "C", "correct": true}
{"task": "ceval_computer_network", "id": "80", "gold": "D", "pred": "B", "correct": false}
{"task": "ceval_computer_network", "id": "152", "gold": "B", "pred": "B", "correct": true}
{"task": "ceval_computer_network", "id": "121", "gold": "C", "pred": "B", "correct": false}
{"task": "ceval_computer_network", "id": "45", "gold": "A", "pred": "A", "correct": true}
{"task": "ceval_computer_network", "id": "123", "gold": "B", "pred": "B", "correct": true}
{"task": "ceval_computer_network", "id": "114", "gold": "C", "pred": "B", "correct": false}
{"task": "ceval_computer_network", "id": "41", "gold": "A", "pred": "A", "correct": true}
{"task": "ceval_computer_network", "id": "46", "gold": "C", "pred": "C", "correct": true}
{"task": "ceval_computer_network", "id": "133", "gold": "D", "pred": "B", "correct": false}
{"task": "ceval_computer_network", "id": "82", "gold": "D", "pred": "C", "correct": false}
{"task": "ceval_computer_network", "id": "86", "gold": "A", "pred": "B", "correct": false}
{"task": "ceval_computer_network", "id": "104", "gold": "A", "pred": "D", "correct": false}
{"task": "ceval_computer_network", "id": "66", "gold": "B", "pred": "B", "correct": true}
{"task": "ceval_computer_network", "id": "25", "gold": "B", "pred": "A", "correct": false}
{"task": "ceval_computer_network", "id": "170", "gold": "A", "pred": "B", "correct": false}
{"task": "ceval_computer_network", "id": "145", "gold": "A", "pred": "A", "correct": true}
Using the latest cached version of the dataset since allenai/sciq couldn't be found on the Hugging Face Hub (offline mode is enabled).
Found the latest cached dataset configuration 'default' at /root/.cache/huggingface/datasets/allenai___sciq/default/0.0.0/2c94ad3e1aafab77146f384e23536f97a4849815 (last modified on Tue Jun  9 21:22:56 2026).
{"task": "sciq", "id": "947", "gold": "C", "pred": "C", "correct": true}
{"task": "sciq", "id": "798", "gold": "B", "pred": "B", "correct": true}
{"task": "sciq", "id": "971", "gold": "B", "pred": "B", "correct": true}
{"task": "sciq", "id": "296", "gold": "D", "pred": "D", "correct": true}
{"task": "sciq", "id": "913", "gold": "D", "pred": "D", "correct": true}
{"task": "sciq", "id": "849", "gold": "A", "pred": "A", "correct": true}
{"task": "sciq", "id": "85", "gold": "A", "pred": "A", "correct": true}
{"task": "sciq", "id": "17", "gold": "B", "pred": "B", "correct": true}
{"task": "sciq", "id": "606", "gold": "B", "pred": "B", "correct": true}
{"task": "sciq", "id": "314", "gold": "B", "pred": "B", "correct": true}
{"task": "sciq", "id": "433", "gold": "B", "pred": "B", "correct": true}
{"task": "sciq", "id": "388", "gold": "D", "pred": "D", "correct": true}
{"task": "sciq", "id": "542", "gold": "C", "pred": "C", "correct": true}
{"task": "sciq", "id": "366", "gold": "A", "pred": "A", "correct": true}
{"task": "sciq", "id": "133", "gold": "D", "pred": "D", "correct": true}
{"task": "sciq", "id": "743", "gold": "D", "pred": "D", "correct": true}
{"task": "sciq", "id": "196", "gold": "C", "pred": "A", "correct": false}
{"task": "sciq", "id": "273", "gold": "C", "pred": "C", "correct": true}
{"task": "sciq", "id": "455", "gold": "A", "pred": "A", "correct": true}
{"task": "sciq", "id": "14", "gold": "D", "pred": "D", "correct": true}
{"task": "sciq", "id": "226", "gold": "A", "pred": "A", "correct": true}
{"task": "sciq", "id": "635", "gold": "D", "pred": "D", "correct": true}
{"task": "sciq", "id": "465", "gold": "C", "pred": "C", "correct": true}
{"task": "sciq", "id": "923", "gold": "A", "pred": "A", "correct": true}
{"task": "sciq", "id": "25", "gold": "C", "pred": "D", "correct": false}
{"task": "sciq", "id": "108", "gold": "C", "pred": "C", "correct": true}
{"task": "sciq", "id": "87", "gold": "B", "pred": "B", "correct": true}
{"task": "sciq", "id": "727", "gold": "D", "pred": "D", "correct": true}
{"task": "sciq", "id": "510", "gold": "D", "pred": "D", "correct": true}
{"task": "sciq", "id": "431", "gold": "A", "pred": "A", "correct": true}
{"task": "sciq", "id": "20", "gold": "D", "pred": "D", "correct": true}
{"task": "sciq", "id": "524", "gold": "C", "pred": "C", "correct": true}
{"task": "sciq", "id": "642", "gold": "A", "pred": "B", "correct": false}
{"task": "sciq", "id": "751", "gold": "D", "pred": "A", "correct": false}
{"task": "sciq", "id": "441", "gold": "B", "pred": "B", "correct": true}
{"task": "sciq", "id": "367", "gold": "B", "pred": "B", "correct": true}
{"task": "sciq", "id": "789", "gold": "C", "pred": "C", "correct": true}
{"task": "sciq", "id": "58", "gold": "D", "pred": "D", "correct": true}
{"task": "sciq", "id": "210", "gold": "B", "pred": "B", "correct": true}
{"task": "sciq", "id": "801", "gold": "C", "pred": "C", "correct": true}
{"task": "sciq", "id": "36", "gold": "B", "pred": "B", "correct": true}
{"task": "sciq", "id": "603", "gold": "A", "pred": "A", "correct": true}
{"task": "sciq", "id": "377", "gold": "A", "pred": "A", "correct": true}
{"task": "sciq", "id": "673", "gold": "D", "pred": "D", "correct": true}
{"task": "sciq", "id": "176", "gold": "A", "pred": "A", "correct": true}
{"task": "sciq", "id": "221", "gold": "B", "pred": "B", "correct": true}
{"task": "sciq", "id": "994", "gold": "C", "pred": "C", "correct": true}
{"task": "sciq", "id": "752", "gold": "B", "pred": "B", "correct": true}
{"task": "sciq", "id": "371", "gold": "C", "pred": "C", "correct": true}
{"task": "sciq", "id": "579", "gold": "A", "pred": "A", "correct": true}
Using the latest cached version of the dataset since allenai/winogrande couldn't be found on the Hugging Face Hub (offline mode is enabled).
Found the latest cached dataset configuration 'winogrande_xl' at /root/.cache/huggingface/datasets/allenai___winogrande/winogrande_xl/0.0.0/01e74176c63542e6b0bcb004dcdea22d94fb67b5 (last modified on Tue Jun  9 21:23:22 2026).
{"task": "winogrande", "id": "593", "gold": "A", "pred": "A", "correct": true}
{"task": "winogrande", "id": "171", "gold": "A", "pred": "A", "correct": true}
{"task": "winogrande", "id": "34", "gold": "B", "pred": "B", "correct": true}
{"task": "winogrande", "id": "1212", "gold": "B", "pred": "B", "correct": true}
{"task": "winogrande", "id": "628", "gold": "A", "pred": "B", "correct": false}
{"task": "winogrande", "id": "867", "gold": "A", "pred": "A", "correct": true}
{"task": "winogrande", "id": "776", "gold": "A", "pred": "A", "correct": true}
{"task": "winogrande", "id": "1085", "gold": "A", "pred": "B", "correct": false}
{"task": "winogrande", "id": "733", "gold": "A", "pred": "A", "correct": true}
{"task": "winogrande", "id": "266", "gold": "B", "pred": "B", "correct": true}
{"task": "winogrande", "id": "393", "gold": "B", "pred": "B", "correct": true}
{"task": "winogrande", "id": "547", "gold": "A", "pred": "A", "correct": true}
{"task": "winogrande", "id": "910", "gold": "A", "pred": "B", "correct": false}
{"task": "winogrande", "id": "28", "gold": "A", "pred": "A", "correct": true}
{"task": "winogrande", "id": "452", "gold": "A", "pred": "A", "correct": true}
{"task": "winogrande", "id": "931", "gold": "B", "pred": "A", "correct": false}
{"task": "winogrande", "id": "50", "gold": "A", "pred": "A", "correct": true}
{"task": "winogrande", "id": "216", "gold": "A", "pred": "A", "correct": true}
{"task": "winogrande", "id": "175", "gold": "B", "pred": "B", "correct": true}
{"task": "winogrande", "id": "1020", "gold": "B", "pred": "B", "correct": true}
{"task": "winogrande", "id": "862", "gold": "A", "pred": "A", "correct": true}
{"task": "winogrande", "id": "40", "gold": "A", "pred": "A", "correct": true}
{"task": "winogrande", "id": "1049", "gold": "A", "pred": "B", "correct": false}
{"task": "winogrande", "id": "883", "gold": "B", "pred": "B", "correct": true}
{"task": "winogrande", "id": "735", "gold": "B", "pred": "B", "correct": true}
{"task": "winogrande", "id": "117", "gold": "B", "pred": "B", "correct": true}
{"task": "winogrande", "id": "421", "gold": "B", "pred": "A", "correct": false}
{"task": "winogrande", "id": "72", "gold": "A", "pred": "A", "correct": true}
{"task": "winogrande", "id": "1206", "gold": "A", "pred": "A", "correct": true}
{"task": "winogrande", "id": "755", "gold": "A", "pred": "A", "correct": true}
{"task": "winogrande", "id": "352", "gold": "B", "pred": "B", "correct": true}
{"task": "winogrande", "id": "442", "gold": "B", "pred": "B", "correct": true}
{"task": "winogrande", "id": "742", "gold": "A", "pred": "B", "correct": false}
{"task": "winogrande", "id": "1158", "gold": "B", "pred": "B", "correct": true}
{"task": "winogrande", "id": "1171", "gold": "B", "pred": "B", "correct": true}
{"task": "winogrande", "id": "576", "gold": "A", "pred": "A", "correct": true}
{"task": "winogrande", "id": "643", "gold": "A", "pred": "B", "correct": false}
{"task": "winogrande", "id": "1173", "gold": "B", "pred": "B", "correct": true}
{"task": "winogrande", "id": "970", "gold": "A", "pred": "A", "correct": true}
{"task": "winogrande", "id": "363", "gold": "A", "pred": "A", "correct": true}
{"task": "winogrande", "id": "989", "gold": "A", "pred": "A", "correct": true}
{"task": "winogrande", "id": "1209", "gold": "B", "pred": "B", "correct": true}
{"task": "winogrande", "id": "916", "gold": "A", "pred": "A", "correct": true}
{"task": "winogrande", "id": "335", "gold": "A", "pred": "A", "correct": true}
{"task": "winogrande", "id": "372", "gold": "B", "pred": "B", "correct": true}
{"task": "winogrande", "id": "365", "gold": "B", "pred": "B", "correct": true}
{"task": "winogrande", "id": "1092", "gold": "B", "pred": "B", "correct": true}
{"task": "winogrande", "id": "662", "gold": "A", "pred": "A", "correct": true}
{"task": "winogrande", "id": "1065", "gold": "B", "pred": "B", "correct": true}
{"task": "winogrande", "id": "400", "gold": "B", "pred": "B", "correct": true}
Using the latest cached version of the dataset since tau/commonsense_qa couldn't be found on the Hugging Face Hub (offline mode is enabled).
Found the latest cached dataset configuration 'default' at /root/.cache/huggingface/datasets/tau___commonsense_qa/default/0.0.0/94630fe30dad47192a8546eb75f094926d47e155 (last modified on Tue Jun  9 21:40:30 2026).
{"task": "commonsenseqa", "id": "8b25332de2894ab38784235838d38cec", "gold": "E", "pred": "E", "correct": true}
{"task": "commonsenseqa", "id": "8ea5720718c0e122efa6277edb511569", "gold": "D", "pred": "D", "correct": true}
{"task": "commonsenseqa", "id": "4acd496cc78d96c2431279a5fd87de7c", "gold": "E", "pred": "E", "correct": true}
{"task": "commonsenseqa", "id": "01794dde3ca2991615f1aa2f63fb22e3", "gold": "E", "pred": "E", "correct": true}
{"task": "commonsenseqa", "id": "41bab71fea3fa04e5a4e10a2f86996df", "gold": "E", "pred": "E", "correct": true}
{"task": "commonsenseqa", "id": "c7ce02d9365fe9275f88338ad51cbde6", "gold": "A", "pred": "A", "correct": true}
{"task": "commonsenseqa", "id": "c9f7d07e6d363a99f5fadd68a4dfa35a", "gold": "B", "pred": "B", "correct": true}
{"task": "commonsenseqa", "id": "29c194d032a266a7160bff6f546a4d9d", "gold": "D", "pred": "D", "correct": true}
{"task": "commonsenseqa", "id": "32d5b7fcae24f0d4871cfb219c5a4b47", "gold": "C", "pred": "C", "correct": true}
{"task": "commonsenseqa", "id": "46351b3a6beb694c5f623583a3b1473d", "gold": "B", "pred": "B", "correct": true}
{"task": "commonsenseqa", "id": "5a50ea4bb2d13dc4f620ebd45025d445", "gold": "E", "pred": "E", "correct": true}
{"task": "commonsenseqa", "id": "5c2bc4335c8860342ec2d568ceb6ac6b", "gold": "C", "pred": "C", "correct": true}
{"task": "commonsenseqa", "id": "b3dc6d6a5e2f9d7da8eb72816c80b3f8_1", "gold": "A", "pred": "A", "correct": true}
{"task": "commonsenseqa", "id": "9889e5389917d812c09d6e5d382d333d", "gold": "B", "pred": "B", "correct": true}
{"task": "commonsenseqa", "id": "4ef3d70648ee3cea028bc5ed0fdfda28", "gold": "C", "pred": "C", "correct": true}
{"task": "commonsenseqa", "id": "359aed918343d228e67cef329b693904", "gold": "C", "pred": "C", "correct": true}
{"task": "commonsenseqa", "id": "011096bcfff30fd38046cf9db3a411c5", "gold": "C", "pred": "C", "correct": true}
{"task": "commonsenseqa", "id": "0f2377604e628c55ba588366139396b9", "gold": "E", "pred": "D", "correct": false}
{"task": "commonsenseqa", "id": "900492bd731f8f615ed7c08155737d44", "gold": "E", "pred": "E", "correct": true}
{"task": "commonsenseqa", "id": "0b52cc905fff0ca69a45e6353d10e401", "gold": "D", "pred": "D", "correct": true}
{"task": "commonsenseqa", "id": "6f48ee564a48293eb501cc0d8197bdd9", "gold": "C", "pred": "B", "correct": false}
{"task": "commonsenseqa", "id": "ba640b9634ad6b4ad98b17b4f152e562", "gold": "B", "pred": "B", "correct": true}
{"task": "commonsenseqa", "id": "5d4233146435ab0ca211e8ac9bfce76f", "gold": "A", "pred": "A", "correct": true}
{"task": "commonsenseqa", "id": "bd773d64f4e22db2358c6e00cbdf2d83", "gold": "A", "pred": "A", "correct": true}
{"task": "commonsenseqa", "id": "ef3d5d35128678937c36438466e0fc93", "gold": "E", "pred": "E", "correct": true}
{"task": "commonsenseqa", "id": "9dffd2021771e0ecddb19031acf3701b", "gold": "C", "pred": "B", "correct": false}
{"task": "commonsenseqa", "id": "8b3b598a647dfd2d63fcedce5f461040", "gold": "A", "pred": "A", "correct": true}
{"task": "commonsenseqa", "id": "821b32d39f57396979069b948030afe9", "gold": "D", "pred": "D", "correct": true}
{"task": "commonsenseqa", "id": "8f2976690c83be6b8fa3a1196dfd9722", "gold": "E", "pred": "E", "correct": true}
{"task": "commonsenseqa", "id": "66bfb6e209c94e6be5b0d04b0c7e2064", "gold": "C", "pred": "C", "correct": true}
{"task": "commonsenseqa", "id": "0bf4d64ad0eee7224acb3a4eb85accb2", "gold": "B", "pred": "B", "correct": true}
{"task": "commonsenseqa", "id": "ec86900559a0faf2aef066e511a4cfa6", "gold": "B", "pred": "B", "correct": true}
{"task": "commonsenseqa", "id": "7c45033e9fd9f1a759923971b14390ed", "gold": "E", "pred": "E", "correct": true}
{"task": "commonsenseqa", "id": "0f7425ecbe369bf41a230aab92d84132", "gold": "B", "pred": "C", "correct": false}
{"task": "commonsenseqa", "id": "42520bf3f93f8de23670044e019001a3", "gold": "E", "pred": "E", "correct": true}
{"task": "commonsenseqa", "id": "07fd8b0aed06406fedb137d11b07a890", "gold": "D", "pred": "C", "correct": false}
{"task": "commonsenseqa", "id": "3eb397b96b6c3a245c81ab30205943f1", "gold": "C", "pred": "C", "correct": true}
{"task": "commonsenseqa", "id": "ed50555f8db2b8f66caf9868dcd7e13b", "gold": "A", "pred": "A", "correct": true}
{"task": "commonsenseqa", "id": "ec224c1dbfb569cce7ec317fe987ae68", "gold": "B", "pred": "B", "correct": true}
{"task": "commonsenseqa", "id": "42c46e28baf0fc617a07419286178c0a", "gold": "E", "pred": "E", "correct": true}
{"task": "commonsenseqa", "id": "cf8e30dd6956d03e3f0f0397112a8696", "gold": "A", "pred": "A", "correct": true}
{"task": "commonsenseqa", "id": "549cf641318edfc0510fa7c7dbb359e1", "gold": "C", "pred": "C", "correct": true}
{"task": "commonsenseqa", "id": "5c171b9837af49211891ce40e4a10204", "gold": "D", "pred": "D", "correct": true}
{"task": "commonsenseqa", "id": "303aedda3a5ab8d853cbe4edc4b914c6", "gold": "C", "pred": "C", "correct": true}
{"task": "commonsenseqa", "id": "1d8d9e3504c8c58a3b923ddc155c19b0", "gold": "B", "pred": "B", "correct": true}
{"task": "commonsenseqa", "id": "8b23cd355ffc8b6e7aa5459ffb21b4e0", "gold": "B", "pred": "E", "correct": false}
{"task": "commonsenseqa", "id": "d78baca23e0a636a8961e17119047e63", "gold": "C", "pred": "C", "correct": true}
{"task": "commonsenseqa", "id": "a5dcac512870e79f5aa2b22dbd662404", "gold": "B", "pred": "B", "correct": true}
{"task": "commonsenseqa", "id": "c7526b682e64f355384631b35cd78fc9", "gold": "B", "pred": "E", "correct": false}
{"task": "commonsenseqa", "id": "1ef68db97654f30cd3701b942fadc934", "gold": "B", "pred": "B", "correct": true}
Using the latest cached version of the dataset since ai2_arc couldn't be found on the Hugging Face Hub (offline mode is enabled).
Found the latest cached dataset configuration 'ARC-Challenge' at /root/.cache/huggingface/datasets/ai2_arc/ARC-Challenge/0.0.0/210d026faf9955653af8916fad021475a3f00453 (last modified on Tue Jun  9 21:50:43 2026).
{"task": "arc_challenge", "id": "593", "gold": "A", "pred": "A", "correct": true}
{"task": "arc_challenge", "id": "171", "gold": "D", "pred": "D", "correct": true}
{"task": "arc_challenge", "id": "34", "gold": "A", "pred": "A", "correct": true}
{"task": "arc_challenge", "id": "628", "gold": "C", "pred": "C", "correct": true}
{"task": "arc_challenge", "id": "867", "gold": "C", "pred": "C", "correct": true}
{"task": "arc_challenge", "id": "776", "gold": "A", "pred": "A", "correct": true}
{"task": "arc_challenge", "id": "1085", "gold": "A", "pred": "A", "correct": true}
{"task": "arc_challenge", "id": "733", "gold": "C", "pred": "C", "correct": true}
{"task": "arc_challenge", "id": "266", "gold": "A", "pred": "A", "correct": true}
{"task": "arc_challenge", "id": "393", "gold": "B", "pred": "B", "correct": true}
{"task": "arc_challenge", "id": "547", "gold": "C", "pred": "C", "correct": true}
{"task": "arc_challenge", "id": "910", "gold": "D", "pred": "D", "correct": true}
{"task": "arc_challenge", "id": "28", "gold": "C", "pred": "C", "correct": true}
{"task": "arc_challenge", "id": "452", "gold": "D", "pred": "B", "correct": false}
{"task": "arc_challenge", "id": "931", "gold": "B", "pred": "C", "correct": false}
{"task": "arc_challenge", "id": "50", "gold": "D", "pred": "D", "correct": true}
{"task": "arc_challenge", "id": "216", "gold": "D", "pred": "D", "correct": true}
{"task": "arc_challenge", "id": "175", "gold": "A", "pred": "B", "correct": false}
{"task": "arc_challenge", "id": "1020", "gold": "C", "pred": "C", "correct": true}
{"task": "arc_challenge", "id": "862", "gold": "D", "pred": "D", "correct": true}
{"task": "arc_challenge", "id": "40", "gold": "C", "pred": "C", "correct": true}
{"task": "arc_challenge", "id": "1049", "gold": "A", "pred": "A", "correct": true}
{"task": "arc_challenge", "id": "883", "gold": "C", "pred": "C", "correct": true}
{"task": "arc_challenge", "id": "735", "gold": "D", "pred": "B", "correct": false}
{"task": "arc_challenge", "id": "117", "gold": "C", "pred": "C", "correct": true}
{"task": "arc_challenge", "id": "421", "gold": "C", "pred": "C", "correct": true}
{"task": "arc_challenge", "id": "72", "gold": "B", "pred": "B", "correct": true}
{"task": "arc_challenge", "id": "755", "gold": "D", "pred": "C", "correct": false}
{"task": "arc_challenge", "id": "352", "gold": "D", "pred": "D", "correct": true}
{"task": "arc_challenge", "id": "442", "gold": "A", "pred": "A", "correct": true}
{"task": "arc_challenge", "id": "742", "gold": "B", "pred": "B", "correct": true}
{"task": "arc_challenge", "id": "1158", "gold": "A", "pred": "A", "correct": true}
{"task": "arc_challenge", "id": "1171", "gold": "A", "pred": "A", "correct": true}
{"task": "arc_challenge", "id": "576", "gold": "A", "pred": "A", "correct": true}
{"task": "arc_challenge", "id": "643", "gold": "B", "pred": "B", "correct": true}
{"task": "arc_challenge", "id": "970", "gold": "A", "pred": "A", "correct": true}
{"task": "arc_challenge", "id": "363", "gold": "A", "pred": "A", "correct": true}
{"task": "arc_challenge", "id": "989", "gold": "D", "pred": "B", "correct": false}
{"task": "arc_challenge", "id": "916", "gold": "B", "pred": "B", "correct": true}
{"task": "arc_challenge", "id": "335", "gold": "D", "pred": "D", "correct": true}
{"task": "arc_challenge", "id": "372", "gold": "B", "pred": "B", "correct": true}
{"task": "arc_challenge", "id": "365", "gold": "B", "pred": "B", "correct": true}
{"task": "arc_challenge", "id": "1092", "gold": "B", "pred": "B", "correct": true}
{"task": "arc_challenge", "id": "662", "gold": "C", "pred": "C", "correct": true}
{"task": "arc_challenge", "id": "1065", "gold": "C", "pred": "B", "correct": false}
{"task": "arc_challenge", "id": "400", "gold": "C", "pred": "B", "correct": false}
{"task": "arc_challenge", "id": "234", "gold": "C", "pred": "C", "correct": true}
{"task": "arc_challenge", "id": "168", "gold": "A", "pred": "A", "correct": true}
{"task": "arc_challenge", "id": "201", "gold": "C", "pred": "C", "correct": true}
{"task": "arc_challenge", "id": "872", "gold": "C", "pred": "C", "correct": true}
Using the latest cached version of the dataset since Rowan/hellaswag couldn't be found on the Hugging Face Hub (offline mode is enabled).
Found the latest cached dataset configuration 'default' at /root/.cache/huggingface/datasets/Rowan___hellaswag/default/0.0.0/218ec52e09a7e7462a5400043bb9a69a41d06b76 (last modified on Tue Jun  9 22:21:06 2026).
{"task": "hellaswag", "id": "4749", "gold": "B", "pred": "B", "correct": true}
{"task": "hellaswag", "id": "1368", "gold": "A", "pred": "A", "correct": true}
{"task": "hellaswag", "id": "279", "gold": "A", "pred": "A", "correct": true}
{"task": "hellaswag", "id": "9699", "gold": "C", "pred": "C", "correct": true}
{"task": "hellaswag", "id": "5025", "gold": "C", "pred": "C", "correct": true}
{"task": "hellaswag", "id": "6942", "gold": "C", "pred": "C", "correct": true}
{"task": "hellaswag", "id": "6212", "gold": "B", "pred": "B", "correct": true}
{"task": "hellaswag", "id": "8684", "gold": "B", "pred": "C", "correct": false}
{"task": "hellaswag", "id": "5866", "gold": "B", "pred": "B", "correct": true}
{"task": "hellaswag", "id": "2134", "gold": "B", "pred": "B", "correct": true}
{"task": "hellaswag", "id": "3145", "gold": "D", "pred": "D", "correct": true}
{"task": "hellaswag", "id": "4380", "gold": "A", "pred": "A", "correct": true}
{"task": "hellaswag", "id": "7283", "gold": "B", "pred": "B", "correct": true}
{"task": "hellaswag", "id": "230", "gold": "B", "pred": "D", "correct": false}
{"task": "hellaswag", "id": "3621", "gold": "A", "pred": "A", "correct": true}
{"task": "hellaswag", "id": "7455", "gold": "D", "pred": "D", "correct": true}
{"task": "hellaswag", "id": "405", "gold": "C", "pred": "C", "correct": true}
{"task": "hellaswag", "id": "1735", "gold": "A", "pred": "B", "correct": false}
{"task": "hellaswag", "id": "1405", "gold": "C", "pred": "A", "correct": false}
{"task": "hellaswag", "id": "8163", "gold": "A", "pred": "A", "correct": true}
{"task": "hellaswag", "id": "6901", "gold": "B", "pred": "B", "correct": true}
{"task": "hellaswag", "id": "320", "gold": "D", "pred": "D", "correct": true}
{"task": "hellaswag", "id": "8398", "gold": "B", "pred": "B", "correct": true}
{"task": "hellaswag", "id": "7066", "gold": "A", "pred": "A", "correct": true}
{"task": "hellaswag", "id": "5881", "gold": "A", "pred": "A", "correct": true}
{"task": "hellaswag", "id": "942", "gold": "C", "pred": "C", "correct": true}
{"task": "hellaswag", "id": "3368", "gold": "C", "pred": "C", "correct": true}
{"task": "hellaswag", "id": "578", "gold": "D", "pred": "B", "correct": false}
{"task": "hellaswag", "id": "9652", "gold": "D", "pred": "D", "correct": true}
{"task": "hellaswag", "id": "6047", "gold": "B", "pred": "B", "correct": true}
{"task": "hellaswag", "id": "2816", "gold": "C", "pred": "D", "correct": false}
{"task": "hellaswag", "id": "3539", "gold": "B", "pred": "B", "correct": true}
{"task": "hellaswag", "id": "5943", "gold": "B", "pred": "B", "correct": true}
{"task": "hellaswag", "id": "9265", "gold": "B", "pred": "A", "correct": false}
{"task": "hellaswag", "id": "6040", "gold": "C", "pred": "C", "correct": true}
{"task": "hellaswag", "id": "9372", "gold": "B", "pred": "B", "correct": true}
{"task": "hellaswag", "id": "4608", "gold": "C", "pred": "A", "correct": false}
{"task": "hellaswag", "id": "5150", "gold": "B", "pred": "B", "correct": true}
{"task": "hellaswag", "id": "9387", "gold": "C", "pred": "C", "correct": true}
{"task": "hellaswag", "id": "1404", "gold": "D", "pred": "D", "correct": true}
{"task": "hellaswag", "id": "7767", "gold": "B", "pred": "B", "correct": true}
{"task": "hellaswag", "id": "2910", "gold": "C", "pred": "C", "correct": true}
{"task": "hellaswag", "id": "7914", "gold": "B", "pred": "B", "correct": true}
{"task": "hellaswag", "id": "9676", "gold": "D", "pred": "D", "correct": true}
{"task": "hellaswag", "id": "7331", "gold": "A", "pred": "B", "correct": false}
{"task": "hellaswag", "id": "2680", "gold": "C", "pred": "C", "correct": true}
{"task": "hellaswag", "id": "2982", "gold": "B", "pred": "B", "correct": true}
{"task": "hellaswag", "id": "2925", "gold": "B", "pred": "B", "correct": true}
{"task": "hellaswag", "id": "8742", "gold": "D", "pred": "D", "correct": true}
{"task": "hellaswag", "id": "5298", "gold": "D", "pred": "D", "correct": true}
Using the latest cached version of the dataset since google/boolq couldn't be found on the Hugging Face Hub (offline mode is enabled).
Found the latest cached dataset configuration 'default' at /root/.cache/huggingface/datasets/google___boolq/default/0.0.0/35b264d03638db9f4ce671b711558bf7ff0f80d5 (last modified on Tue Jun  9 22:23:07 2026).
{"task": "boolq", "id": "3192", "gold": "yes", "pred": "yes", "correct": true}
{"task": "boolq", "id": "1187", "gold": "no", "pred": "no", "correct": true}
{"task": "boolq", "id": "342", "gold": "yes", "pred": "no", "correct": false}
{"task": "boolq", "id": "69", "gold": "yes", "pred": "yes", "correct": true}
{"task": "boolq", "id": "2424", "gold": "yes", "pred": "yes", "correct": true}
{"task": "boolq", "id": "1256", "gold": "no", "pred": "no", "correct": true}
{"task": "boolq", "id": "1735", "gold": "no", "pred": "no", "correct": true}
{"task": "boolq", "id": "1553", "gold": "no", "pred": "no", "correct": true}
{"task": "boolq", "id": "2171", "gold": "no", "pred": "yes", "correct": false}
{"task": "boolq", "id": "1466", "gold": "yes", "pred": "yes", "correct": true}
{"task": "boolq", "id": "533", "gold": "no", "pred": "yes", "correct": false}
{"task": "boolq", "id": "2973", "gold": "yes", "pred": "yes", "correct": true}
{"task": "boolq", "id": "786", "gold": "no", "pred": "no", "correct": true}
{"task": "boolq", "id": "1095", "gold": "yes", "pred": "yes", "correct": true}
{"task": "boolq", "id": "1820", "gold": "yes", "pred": "no", "correct": false}
{"task": "boolq", "id": "57", "gold": "yes", "pred": "yes", "correct": true}
{"task": "boolq", "id": "905", "gold": "yes", "pred": "yes", "correct": true}
{"task": "boolq", "id": "2540", "gold": "no", "pred": "no", "correct": true}
{"task": "boolq", "id": "1863", "gold": "yes", "pred": "yes", "correct": true}
{"task": "boolq", "id": "101", "gold": "no", "pred": "no", "correct": true}
{"task": "boolq", "id": "433", "gold": "no", "pred": "no", "correct": true}
{"task": "boolq", "id": "351", "gold": "no", "pred": "no", "correct": true}
{"task": "boolq", "id": "2908", "gold": "no", "pred": "no", "correct": true}
{"task": "boolq", "id": "2040", "gold": "yes", "pred": "yes", "correct": true}
{"task": "boolq", "id": "1725", "gold": "no", "pred": "yes", "correct": false}
{"task": "boolq", "id": "80", "gold": "no", "pred": "no", "correct": true}
{"task": "boolq", "id": "2099", "gold": "yes", "pred": "yes", "correct": true}
{"task": "boolq", "id": "2570", "gold": "no", "pred": "no", "correct": true}
{"task": "boolq", "id": "3007", "gold": "no", "pred": "no", "correct": true}
{"task": "boolq", "id": "1766", "gold": "yes", "pred": "yes", "correct": true}
{"task": "boolq", "id": "1470", "gold": "no", "pred": "no", "correct": true}
{"task": "boolq", "id": "3157", "gold": "yes", "pred": "yes", "correct": true}
{"task": "boolq", "id": "235", "gold": "no", "pred": "no", "correct": true}
{"task": "boolq", "id": "842", "gold": "yes", "pred": "yes", "correct": true}
{"task": "boolq", "id": "3207", "gold": "no", "pred": "no", "correct": true}
{"task": "boolq", "id": "144", "gold": "no", "pred": "no", "correct": true}
{"task": "boolq", "id": "2413", "gold": "yes", "pred": "yes", "correct": true}
{"task": "boolq", "id": "1511", "gold": "yes", "pred": "yes", "correct": true}
{"task": "boolq", "id": "2694", "gold": "no", "pred": "no", "correct": true}
{"task": "boolq", "id": "704", "gold": "yes", "pred": "yes", "correct": true}
{"task": "boolq", "id": "2543", "gold": "yes", "pred": "yes", "correct": true}
{"task": "boolq", "id": "884", "gold": "no", "pred": "no", "correct": true}
{"task": "boolq", "id": "3011", "gold": "yes", "pred": "yes", "correct": true}
{"task": "boolq", "id": "1485", "gold": "yes", "pred": "yes", "correct": true}
{"task": "boolq", "id": "2316", "gold": "no", "pred": "no", "correct": true}
{"task": "boolq", "id": "3112", "gold": "no", "pred": "no", "correct": true}
{"task": "boolq", "id": "1510", "gold": "yes", "pred": "yes", "correct": true}
{"task": "boolq", "id": "2343", "gold": "yes", "pred": "yes", "correct": true}
{"task": "boolq", "id": "1152", "gold": "yes", "pred": "yes", "correct": true}
{"task": "boolq", "id": "2705", "gold": "yes", "pred": "no", "correct": false}
{
  "mmlu_pro": {
    "accuracy": 0.42,
    "n": 50,
    "seconds": 95.16520166397095,
    "peak_mem_gb": 15.57691240310669
  },
  "pubmedqa": {
    "accuracy": 0.72,
    "n": 50,
    "seconds": 110.17315411567688,
    "peak_mem_gb": 15.523051738739014
  },
  "ceval_computer_network": {
    "accuracy": 0.56,
    "n": 50,
    "seconds": 58.9301176071167,
    "peak_mem_gb": 15.19445276260376
  },
  "sciq": {
    "accuracy": 0.92,
    "n": 50,
    "seconds": 60.38866138458252,
    "peak_mem_gb": 15.171726703643799
  },
  "winogrande": {
    "accuracy": 0.84,
    "n": 50,
    "seconds": 60.138153314590454,
    "peak_mem_gb": 15.140877723693848
  },
  "commonsenseqa": {
    "accuracy": 0.86,
    "n": 50,
    "seconds": 60.25958704948425,
    "peak_mem_gb": 15.161360263824463
  },
  "arc_challenge": {
    "accuracy": 0.84,
    "n": 50,
    "seconds": 58.76032519340515,
    "peak_mem_gb": 15.195881366729736
  },
  "hellaswag": {
    "accuracy": 0.82,
    "n": 50,
    "seconds": 77.87145829200745,
    "peak_mem_gb": 15.305891036987305
  },
  "boolq": {
    "accuracy": 0.88,
    "n": 50,
    "seconds": 70.83106470108032,
    "peak_mem_gb": 15.388757228851318
  }
}
[Wed Jun 10 12:20:00 CST 2026] train balanced_vanilla_r8_s150_lr5e5 variant=lora mode=vanilla steps=150 lr=5e-5
Loading checkpoint shards:   0%|          | 0/6 [00:00<?, ?it/s]Loading checkpoint shards: 100%|██████████| 6/6 [00:00<00:00, 161.32it/s]
gradient_checkpointing skipped: LLaDAModelLM does not support gradient checkpointing.
trainable params: 10,485,760 || all params: 8,026,066,944 || trainable%: 0.1306
{"step": 1, "loss": 10.819173812866211, "choice_loss": 3.5940499305725098, "denoise_loss": 10.819173812866211, "consistency_loss": 0.0}
{"step": 10, "loss": 2.190105438232422, "choice_loss": 2.1633806228637695, "denoise_loss": 2.190105438232422, "consistency_loss": 0.0}
{"step": 20, "loss": 1.2693673372268677, "choice_loss": 1.213965654373169, "denoise_loss": 1.2693673372268677, "consistency_loss": 0.0}
{"step": 30, "loss": 0.6542692184448242, "choice_loss": 0.650842010974884, "denoise_loss": 0.6542692184448242, "consistency_loss": 0.0}
{"step": 40, "loss": 0.01086309552192688, "choice_loss": 0.008866936899721622, "denoise_loss": 0.01086309552192688, "consistency_loss": 0.0}
{"step": 50, "loss": 0.1455392986536026, "choice_loss": 0.14267508685588837, "denoise_loss": 0.1455392986536026, "consistency_loss": 0.0}
{"step": 60, "loss": 0.6969990134239197, "choice_loss": 0.6931471824645996, "denoise_loss": 0.6969990134239197, "consistency_loss": 0.0}
{"step": 70, "loss": 0.001518169417977333, "choice_loss": 0.0008361419313587248, "denoise_loss": 0.001518169417977333, "consistency_loss": 0.0}
{"step": 80, "loss": 0.0007416835287585855, "choice_loss": 0.00047874910524114966, "denoise_loss": 0.0007416835287585855, "consistency_loss": 0.0}
{"step": 90, "loss": 0.02374916896224022, "choice_loss": 0.020541900768876076, "denoise_loss": 0.02374916896224022, "consistency_loss": 0.0}
{"step": 100, "loss": 0.01708187349140644, "choice_loss": 0.015681173652410507, "denoise_loss": 0.01708187349140644, "consistency_loss": 0.0}
{"step": 110, "loss": 0.008991939015686512, "choice_loss": 0.008116712793707848, "denoise_loss": 0.008991939015686512, "consistency_loss": 0.0}
{"step": 120, "loss": 0.00178927939850837, "choice_loss": 0.00031513971043750644, "denoise_loss": 0.00178927939850837, "consistency_loss": 0.0}
{"step": 130, "loss": 2.5306544303894043, "choice_loss": 2.521270275115967, "denoise_loss": 2.5306544303894043, "consistency_loss": 0.0}
{"step": 140, "loss": 0.11622893065214157, "choice_loss": 0.10633727163076401, "denoise_loss": 0.11622893065214157, "consistency_loss": 0.0}
{"step": 150, "loss": 0.15764835476875305, "choice_loss": 0.15581856667995453, "denoise_loss": 0.15764835476875305, "consistency_loss": 0.0}
[Wed Jun 10 12:22:33 CST 2026] eval balanced_vanilla_r8_s150_lr5e5
Loading checkpoint shards:   0%|          | 0/6 [00:00<?, ?it/s]Loading checkpoint shards: 100%|██████████| 6/6 [00:00<00:00, 148.32it/s]
Using the latest cached version of the dataset since TIGER-Lab/MMLU-Pro couldn't be found on the Hugging Face Hub (offline mode is enabled).
Found the latest cached dataset configuration 'default' at /root/.cache/huggingface/datasets/TIGER-Lab___mmlu-pro/default/0.0.0/b189ec765aa7ed75c8acfea42df31fdae71f97be (last modified on Tue Jun  9 21:21:47 2026).
{"task": "mmlu_pro", "id": "4888", "gold": "H", "pred": "H", "correct": true}
{"task": "mmlu_pro", "id": "1458", "gold": "C", "pred": "B", "correct": false}
{"task": "mmlu_pro", "id": "351", "gold": "H", "pred": "H", "correct": true}
{"task": "mmlu_pro", "id": "9891", "gold": "I", "pred": "I", "correct": true}
{"task": "mmlu_pro", "id": "5167", "gold": "B", "pred": "B", "correct": true}
{"task": "mmlu_pro", "id": "7112", "gold": "G", "pred": "A", "correct": false}
{"task": "mmlu_pro", "id": "6376", "gold": "E", "pred": "D", "correct": false}
{"task": "mmlu_pro", "id": "8872", "gold": "A", "pred": "C", "correct": false}
{"task": "mmlu_pro", "id": "6026", "gold": "A", "pred": "F", "correct": false}
{"task": "mmlu_pro", "id": "2234", "gold": "C", "pred": "I", "correct": false}
{"task": "mmlu_pro", "id": "12119", "gold": "F", "pred": "F", "correct": true}
{"task": "mmlu_pro", "id": "3266", "gold": "J", "pred": "B", "correct": false}
{"task": "mmlu_pro", "id": "4512", "gold": "D", "pred": "D", "correct": true}
{"task": "mmlu_pro", "id": "7463", "gold": "D", "pred": "D", "correct": true}
{"task": "mmlu_pro", "id": "302", "gold": "H", "pred": "H", "correct": true}
{"task": "mmlu_pro", "id": "3744", "gold": "A", "pred": "I", "correct": false}
{"task": "mmlu_pro", "id": "10362", "gold": "A", "pred": "B", "correct": false}
{"task": "mmlu_pro", "id": "7638", "gold": "E", "pred": "E", "correct": true}
{"task": "mmlu_pro", "id": "479", "gold": "B", "pred": "D", "correct": false}
{"task": "mmlu_pro", "id": "1830", "gold": "I", "pred": "D", "correct": false}
{"task": "mmlu_pro", "id": "1496", "gold": "C", "pred": "D", "correct": false}
{"task": "mmlu_pro", "id": "11856", "gold": "I", "pred": "I", "correct": true}
{"task": "mmlu_pro", "id": "8350", "gold": "I", "pred": "I", "correct": true}
{"task": "mmlu_pro", "id": "7071", "gold": "F", "pred": "E", "correct": false}
{"task": "mmlu_pro", "id": "393", "gold": "J", "pred": "J", "correct": true}
{"task": "mmlu_pro", "id": "8585", "gold": "C", "pred": "D", "correct": false}
{"task": "mmlu_pro", "id": "10488", "gold": "D", "pred": "D", "correct": true}
{"task": "mmlu_pro", "id": "12254", "gold": "F", "pred": "F", "correct": true}
{"task": "mmlu_pro", "id": "7239", "gold": "F", "pred": "F", "correct": true}
{"task": "mmlu_pro", "id": "6041", "gold": "B", "pred": "H", "correct": false}
{"task": "mmlu_pro", "id": "1021", "gold": "E", "pred": "H", "correct": false}
{"task": "mmlu_pro", "id": "3489", "gold": "I", "pred": "I", "correct": true}
{"task": "mmlu_pro", "id": "654", "gold": "A", "pred": "A", "correct": true}
{"task": "mmlu_pro", "id": "9843", "gold": "A", "pred": "A", "correct": true}
{"task": "mmlu_pro", "id": "6209", "gold": "I", "pred": "I", "correct": true}
{"task": "mmlu_pro", "id": "10994", "gold": "E", "pred": "B", "correct": false}
{"task": "mmlu_pro", "id": "2934", "gold": "F", "pred": "A", "correct": false}
{"task": "mmlu_pro", "id": "10376", "gold": "A", "pred": "D", "correct": false}
{"task": "mmlu_pro", "id": "3660", "gold": "B", "pred": "B", "correct": true}
{"task": "mmlu_pro", "id": "6104", "gold": "I", "pred": "B", "correct": false}
{"task": "mmlu_pro", "id": "9454", "gold": "I", "pred": "D", "correct": false}
{"task": "mmlu_pro", "id": "6202", "gold": "F", "pred": "G", "correct": false}
{"task": "mmlu_pro", "id": "9561", "gold": "F", "pred": "B", "correct": false}
{"task": "mmlu_pro", "id": "4740", "gold": "C", "pred": "A", "correct": false}
{"task": "mmlu_pro", "id": "11039", "gold": "D", "pred": "A", "correct": false}
{"task": "mmlu_pro", "id": "5292", "gold": "C", "pred": "D", "correct": false}
{"task": "mmlu_pro", "id": "9576", "gold": "B", "pred": "H", "correct": false}
{"task": "mmlu_pro", "id": "1495", "gold": "D", "pred": "H", "correct": false}
{"task": "mmlu_pro", "id": "7950", "gold": "C", "pred": "I", "correct": false}
{"task": "mmlu_pro", "id": "3028", "gold": "D", "pred": "D", "correct": true}
Using the latest cached version of the dataset since qiaojin/PubMedQA couldn't be found on the Hugging Face Hub (offline mode is enabled).
Found the latest cached dataset configuration 'pqa_labeled' at /root/.cache/huggingface/datasets/qiaojin___pub_med_qa/pqa_labeled/0.0.0/9001f2853fb87cab8d220904e0de81ac6973b318 (last modified on Tue Jun  9 21:22:06 2026).
{"task": "pubmedqa", "id": "24098953", "gold": "yes", "pred": "yes", "correct": true}
{"task": "pubmedqa", "id": "25103647", "gold": "maybe", "pred": "yes", "correct": false}
{"task": "pubmedqa", "id": "23972333", "gold": "yes", "pred": "yes", "correct": true}
{"task": "pubmedqa", "id": "10759659", "gold": "yes", "pred": "yes", "correct": true}
{"task": "pubmedqa", "id": "21880023", "gold": "no", "pred": "no", "correct": true}
{"task": "pubmedqa", "id": "14627582", "gold": "no", "pred": "yes", "correct": false}
{"task": "pubmedqa", "id": "22427593", "gold": "maybe", "pred": "yes", "correct": false}
{"task": "pubmedqa", "id": "17096624", "gold": "yes", "pred": "yes", "correct": true}
{"task": "pubmedqa", "id": "20497146", "gold": "yes", "pred": "yes", "correct": true}
{"task": "pubmedqa", "id": "15939071", "gold": "yes", "pred": "yes", "correct": true}
{"task": "pubmedqa", "id": "17259061", "gold": "yes", "pred": "yes", "correct": true}
{"task": "pubmedqa", "id": "21346501", "gold": "yes", "pred": "yes", "correct": true}
{"task": "pubmedqa", "id": "26818046", "gold": "yes", "pred": "yes", "correct": true}
{"task": "pubmedqa", "id": "26548832", "gold": "yes", "pred": "yes", "correct": true}
{"task": "pubmedqa", "id": "25311479", "gold": "yes", "pred": "yes", "correct": true}
{"task": "pubmedqa", "id": "23088164", "gold": "no", "pred": "no", "correct": true}
{"task": "pubmedqa", "id": "18714572", "gold": "maybe", "pred": "yes", "correct": false}
{"task": "pubmedqa", "id": "14551704", "gold": "yes", "pred": "yes", "correct": true}
{"task": "pubmedqa", "id": "20353735", "gold": "no", "pred": "no", "correct": true}
{"task": "pubmedqa", "id": "24866606", "gold": "yes", "pred": "yes", "correct": true}
{"task": "pubmedqa", "id": "22236315", "gold": "no", "pred": "yes", "correct": false}
{"task": "pubmedqa", "id": "12970636", "gold": "no", "pred": "no", "correct": true}
{"task": "pubmedqa", "id": "10490564", "gold": "yes", "pred": "yes", "correct": true}
{"task": "pubmedqa", "id": "9722752", "gold": "yes", "pred": "yes", "correct": true}
{"task": "pubmedqa", "id": "10966943", "gold": "no", "pred": "no", "correct": true}
{"task": "pubmedqa", "id": "27217036", "gold": "yes", "pred": "no", "correct": false}
{"task": "pubmedqa", "id": "19757704", "gold": "yes", "pred": "yes", "correct": true}
{"task": "pubmedqa", "id": "24599411", "gold": "yes", "pred": "yes", "correct": true}
{"task": "pubmedqa", "id": "19419587", "gold": "yes", "pred": "yes", "correct": true}
{"task": "pubmedqa", "id": "10158597", "gold": "yes", "pred": "yes", "correct": true}
{"task": "pubmedqa", "id": "19394934", "gold": "yes", "pred": "no", "correct": false}
{"task": "pubmedqa", "id": "14976655", "gold": "yes", "pred": "no", "correct": false}
{"task": "pubmedqa", "id": "26175531", "gold": "no", "pred": "no", "correct": true}
{"task": "pubmedqa", "id": "12790890", "gold": "maybe", "pred": "no", "correct": false}
{"task": "pubmedqa", "id": "14631523", "gold": "no", "pred": "no", "correct": true}
{"task": "pubmedqa", "id": "15879722", "gold": "yes", "pred": "yes", "correct": true}
{"task": "pubmedqa", "id": "18319270", "gold": "no", "pred": "no", "correct": true}
{"task": "pubmedqa", "id": "14612308", "gold": "no", "pred": "yes", "correct": false}
{"task": "pubmedqa", "id": "25488308", "gold": "no", "pred": "yes", "correct": false}
{"task": "pubmedqa", "id": "18802997", "gold": "maybe", "pred": "yes", "correct": false}
{"task": "pubmedqa", "id": "8847047", "gold": "no", "pred": "no", "correct": true}
{"task": "pubmedqa", "id": "25255719", "gold": "yes", "pred": "no", "correct": false}
{"task": "pubmedqa", "id": "19852337", "gold": "yes", "pred": "yes", "correct": true}
{"task": "pubmedqa", "id": "2503176", "gold": "yes", "pred": "yes", "correct": true}
{"task": "pubmedqa", "id": "25156467", "gold": "yes", "pred": "yes", "correct": true}
{"task": "pubmedqa", "id": "26485091", "gold": "no", "pred": "no", "correct": true}
{"task": "pubmedqa", "id": "10456814", "gold": "no", "pred": "no", "correct": true}
{"task": "pubmedqa", "id": "23449952", "gold": "no", "pred": "no", "correct": true}
{"task": "pubmedqa", "id": "18948835", "gold": "yes", "pred": "yes", "correct": true}
{"task": "pubmedqa", "id": "17089900", "gold": "yes", "pred": "yes", "correct": true}
Using the latest cached version of the dataset since ceval/ceval-exam couldn't be found on the Hugging Face Hub (offline mode is enabled).
Found the latest cached dataset configuration 'computer_network' at /root/.cache/huggingface/datasets/ceval___ceval-exam/computer_network/0.0.0/617524a00b307ff6f9933702f724131fe12ca7ce (last modified on Tue Jun  9 21:22:29 2026).
{"task": "ceval_computer_network", "id": "74", "gold": "B", "pred": "C", "correct": false}
{"task": "ceval_computer_network", "id": "21", "gold": "C", "pred": "C", "correct": true}
{"task": "ceval_computer_network", "id": "4", "gold": "A", "pred": "C", "correct": false}
{"task": "ceval_computer_network", "id": "151", "gold": "C", "pred": "C", "correct": true}
{"task": "ceval_computer_network", "id": "78", "gold": "D", "pred": "C", "correct": false}
{"task": "ceval_computer_network", "id": "108", "gold": "A", "pred": "A", "correct": true}
{"task": "ceval_computer_network", "id": "97", "gold": "B", "pred": "B", "correct": true}
{"task": "ceval_computer_network", "id": "135", "gold": "A", "pred": "A", "correct": true}
{"task": "ceval_computer_network", "id": "91", "gold": "B", "pred": "A", "correct": false}
{"task": "ceval_computer_network", "id": "33", "gold": "A", "pred": "B", "correct": false}
{"task": "ceval_computer_network", "id": "49", "gold": "B", "pred": "B", "correct": true}
{"task": "ceval_computer_network", "id": "68", "gold": "C", "pred": "C", "correct": true}
{"task": "ceval_computer_network", "id": "113", "gold": "D", "pred": "B", "correct": false}
{"task": "ceval_computer_network", "id": "3", "gold": "C", "pred": "C", "correct": true}
{"task": "ceval_computer_network", "id": "56", "gold": "A", "pred": "A", "correct": true}
{"task": "ceval_computer_network", "id": "116", "gold": "B", "pred": "B", "correct": true}
{"task": "ceval_computer_network", "id": "6", "gold": "C", "pred": "C", "correct": true}
{"task": "ceval_computer_network", "id": "27", "gold": "C", "pred": "A", "correct": false}
{"task": "ceval_computer_network", "id": "169", "gold": "D", "pred": "C", "correct": false}
{"task": "ceval_computer_network", "id": "127", "gold": "B", "pred": "B", "correct": true}
{"task": "ceval_computer_network", "id": "107", "gold": "D", "pred": "C", "correct": false}
{"task": "ceval_computer_network", "id": "5", "gold": "D", "pred": "B", "correct": false}
{"task": "ceval_computer_network", "id": "131", "gold": "A", "pred": "A", "correct": true}
{"task": "ceval_computer_network", "id": "110", "gold": "D", "pred": "D", "correct": true}
{"task": "ceval_computer_network", "id": "162", "gold": "A", "pred": "A", "correct": true}
{"task": "ceval_computer_network", "id": "14", "gold": "B", "pred": "B", "correct": true}
{"task": "ceval_computer_network", "id": "52", "gold": "D", "pred": "D", "correct": true}
{"task": "ceval_computer_network", "id": "9", "gold": "D", "pred": "B", "correct": false}
{"task": "ceval_computer_network", "id": "94", "gold": "B", "pred": "C", "correct": false}
{"task": "ceval_computer_network", "id": "44", "gold": "D", "pred": "D", "correct": true}
{"task": "ceval_computer_network", "id": "55", "gold": "B", "pred": "B", "correct": true}
{"task": "ceval_computer_network", "id": "92", "gold": "B", "pred": "B", "correct": true}
{"task": "ceval_computer_network", "id": "142", "gold": "B", "pred": "B", "correct": true}
{"task": "ceval_computer_network", "id": "72", "gold": "C", "pred": "C", "correct": true}
{"task": "ceval_computer_network", "id": "80", "gold": "D", "pred": "D", "correct": true}
{"task": "ceval_computer_network", "id": "152", "gold": "B", "pred": "B", "correct": true}
{"task": "ceval_computer_network", "id": "121", "gold": "C", "pred": "C", "correct": true}
{"task": "ceval_computer_network", "id": "45", "gold": "A", "pred": "A", "correct": true}
{"task": "ceval_computer_network", "id": "123", "gold": "B", "pred": "B", "correct": true}
{"task": "ceval_computer_network", "id": "114", "gold": "C", "pred": "B", "correct": false}
{"task": "ceval_computer_network", "id": "41", "gold": "A", "pred": "A", "correct": true}
{"task": "ceval_computer_network", "id": "46", "gold": "C", "pred": "C", "correct": true}
{"task": "ceval_computer_network", "id": "133", "gold": "D", "pred": "B", "correct": false}
{"task": "ceval_computer_network", "id": "82", "gold": "D", "pred": "C", "correct": false}
{"task": "ceval_computer_network", "id": "86", "gold": "A", "pred": "B", "correct": false}
{"task": "ceval_computer_network", "id": "104", "gold": "A", "pred": "D", "correct": false}
{"task": "ceval_computer_network", "id": "66", "gold": "B", "pred": "D", "correct": false}
{"task": "ceval_computer_network", "id": "25", "gold": "B", "pred": "A", "correct": false}
{"task": "ceval_computer_network", "id": "170", "gold": "A", "pred": "A", "correct": true}
{"task": "ceval_computer_network", "id": "145", "gold": "A", "pred": "A", "correct": true}
Using the latest cached version of the dataset since allenai/sciq couldn't be found on the Hugging Face Hub (offline mode is enabled).
Found the latest cached dataset configuration 'default' at /root/.cache/huggingface/datasets/allenai___sciq/default/0.0.0/2c94ad3e1aafab77146f384e23536f97a4849815 (last modified on Tue Jun  9 21:22:56 2026).
{"task": "sciq", "id": "947", "gold": "C", "pred": "C", "correct": true}
{"task": "sciq", "id": "798", "gold": "B", "pred": "B", "correct": true}
{"task": "sciq", "id": "971", "gold": "B", "pred": "B", "correct": true}
{"task": "sciq", "id": "296", "gold": "D", "pred": "D", "correct": true}
{"task": "sciq", "id": "913", "gold": "D", "pred": "D", "correct": true}
{"task": "sciq", "id": "849", "gold": "A", "pred": "A", "correct": true}
{"task": "sciq", "id": "85", "gold": "A", "pred": "A", "correct": true}
{"task": "sciq", "id": "17", "gold": "B", "pred": "B", "correct": true}
{"task": "sciq", "id": "606", "gold": "B", "pred": "B", "correct": true}
{"task": "sciq", "id": "314", "gold": "B", "pred": "B", "correct": true}
{"task": "sciq", "id": "433", "gold": "B", "pred": "B", "correct": true}
{"task": "sciq", "id": "388", "gold": "D", "pred": "D", "correct": true}
{"task": "sciq", "id": "542", "gold": "C", "pred": "C", "correct": true}
{"task": "sciq", "id": "366", "gold": "A", "pred": "A", "correct": true}
{"task": "sciq", "id": "133", "gold": "D", "pred": "D", "correct": true}
{"task": "sciq", "id": "743", "gold": "D", "pred": "D", "correct": true}
{"task": "sciq", "id": "196", "gold": "C", "pred": "B", "correct": false}
{"task": "sciq", "id": "273", "gold": "C", "pred": "C", "correct": true}
{"task": "sciq", "id": "455", "gold": "A", "pred": "A", "correct": true}
{"task": "sciq", "id": "14", "gold": "D", "pred": "D", "correct": true}
{"task": "sciq", "id": "226", "gold": "A", "pred": "A", "correct": true}
{"task": "sciq", "id": "635", "gold": "D", "pred": "D", "correct": true}
{"task": "sciq", "id": "465", "gold": "C", "pred": "C", "correct": true}
{"task": "sciq", "id": "923", "gold": "A", "pred": "A", "correct": true}
{"task": "sciq", "id": "25", "gold": "C", "pred": "D", "correct": false}
{"task": "sciq", "id": "108", "gold": "C", "pred": "C", "correct": true}
{"task": "sciq", "id": "87", "gold": "B", "pred": "B", "correct": true}
{"task": "sciq", "id": "727", "gold": "D", "pred": "D", "correct": true}
{"task": "sciq", "id": "510", "gold": "D", "pred": "D", "correct": true}
{"task": "sciq", "id": "431", "gold": "A", "pred": "A", "correct": true}
{"task": "sciq", "id": "20", "gold": "D", "pred": "D", "correct": true}
{"task": "sciq", "id": "524", "gold": "C", "pred": "C", "correct": true}
{"task": "sciq", "id": "642", "gold": "A", "pred": "B", "correct": false}
{"task": "sciq", "id": "751", "gold": "D", "pred": "A", "correct": false}
{"task": "sciq", "id": "441", "gold": "B", "pred": "B", "correct": true}
{"task": "sciq", "id": "367", "gold": "B", "pred": "B", "correct": true}
{"task": "sciq", "id": "789", "gold": "C", "pred": "C", "correct": true}
{"task": "sciq", "id": "58", "gold": "D", "pred": "D", "correct": true}
{"task": "sciq", "id": "210", "gold": "B", "pred": "B", "correct": true}
{"task": "sciq", "id": "801", "gold": "C", "pred": "C", "correct": true}
{"task": "sciq", "id": "36", "gold": "B", "pred": "B", "correct": true}
{"task": "sciq", "id": "603", "gold": "A", "pred": "A", "correct": true}
{"task": "sciq", "id": "377", "gold": "A", "pred": "A", "correct": true}
{"task": "sciq", "id": "673", "gold": "D", "pred": "D", "correct": true}
{"task": "sciq", "id": "176", "gold": "A", "pred": "A", "correct": true}
{"task": "sciq", "id": "221", "gold": "B", "pred": "B", "correct": true}
{"task": "sciq", "id": "994", "gold": "C", "pred": "C", "correct": true}
{"task": "sciq", "id": "752", "gold": "B", "pred": "B", "correct": true}
{"task": "sciq", "id": "371", "gold": "C", "pred": "C", "correct": true}
{"task": "sciq", "id": "579", "gold": "A", "pred": "A", "correct": true}
Using the latest cached version of the dataset since allenai/winogrande couldn't be found on the Hugging Face Hub (offline mode is enabled).
Found the latest cached dataset configuration 'winogrande_xl' at /root/.cache/huggingface/datasets/allenai___winogrande/winogrande_xl/0.0.0/01e74176c63542e6b0bcb004dcdea22d94fb67b5 (last modified on Tue Jun  9 21:23:22 2026).
{"task": "winogrande", "id": "593", "gold": "A", "pred": "B", "correct": false}
{"task": "winogrande", "id": "171", "gold": "A", "pred": "A", "correct": true}
{"task": "winogrande", "id": "34", "gold": "B", "pred": "B", "correct": true}
{"task": "winogrande", "id": "1212", "gold": "B", "pred": "B", "correct": true}
{"task": "winogrande", "id": "628", "gold": "A", "pred": "B", "correct": false}
{"task": "winogrande", "id": "867", "gold": "A", "pred": "A", "correct": true}
{"task": "winogrande", "id": "776", "gold": "A", "pred": "B", "correct": false}
{"task": "winogrande", "id": "1085", "gold": "A", "pred": "A", "correct": true}
{"task": "winogrande", "id": "733", "gold": "A", "pred": "A", "correct": true}
{"task": "winogrande", "id": "266", "gold": "B", "pred": "B", "correct": true}
{"task": "winogrande", "id": "393", "gold": "B", "pred": "B", "correct": true}
{"task": "winogrande", "id": "547", "gold": "A", "pred": "A", "correct": true}
{"task": "winogrande", "id": "910", "gold": "A", "pred": "B", "correct": false}
{"task": "winogrande", "id": "28", "gold": "A", "pred": "A", "correct": true}
{"task": "winogrande", "id": "452", "gold": "A", "pred": "A", "correct": true}
{"task": "winogrande", "id": "931", "gold": "B", "pred": "A", "correct": false}
{"task": "winogrande", "id": "50", "gold": "A", "pred": "B", "correct": false}
{"task": "winogrande", "id": "216", "gold": "A", "pred": "A", "correct": true}
{"task": "winogrande", "id": "175", "gold": "B", "pred": "B", "correct": true}
{"task": "winogrande", "id": "1020", "gold": "B", "pred": "A", "correct": false}
{"task": "winogrande", "id": "862", "gold": "A", "pred": "A", "correct": true}
{"task": "winogrande", "id": "40", "gold": "A", "pred": "A", "correct": true}
{"task": "winogrande", "id": "1049", "gold": "A", "pred": "B", "correct": false}
{"task": "winogrande", "id": "883", "gold": "B", "pred": "B", "correct": true}
{"task": "winogrande", "id": "735", "gold": "B", "pred": "B", "correct": true}
{"task": "winogrande", "id": "117", "gold": "B", "pred": "B", "correct": true}
{"task": "winogrande", "id": "421", "gold": "B", "pred": "A", "correct": false}
{"task": "winogrande", "id": "72", "gold": "A", "pred": "A", "correct": true}
{"task": "winogrande", "id": "1206", "gold": "A", "pred": "A", "correct": true}
{"task": "winogrande", "id": "755", "gold": "A", "pred": "A", "correct": true}
{"task": "winogrande", "id": "352", "gold": "B", "pred": "B", "correct": true}
{"task": "winogrande", "id": "442", "gold": "B", "pred": "A", "correct": false}
{"task": "winogrande", "id": "742", "gold": "A", "pred": "B", "correct": false}
{"task": "winogrande", "id": "1158", "gold": "B", "pred": "B", "correct": true}
{"task": "winogrande", "id": "1171", "gold": "B", "pred": "B", "correct": true}
{"task": "winogrande", "id": "576", "gold": "A", "pred": "A", "correct": true}
{"task": "winogrande", "id": "643", "gold": "A", "pred": "B", "correct": false}
{"task": "winogrande", "id": "1173", "gold": "B", "pred": "B", "correct": true}
{"task": "winogrande", "id": "970", "gold": "A", "pred": "A", "correct": true}
{"task": "winogrande", "id": "363", "gold": "A", "pred": "A", "correct": true}
{"task": "winogrande", "id": "989", "gold": "A", "pred": "A", "correct": true}
{"task": "winogrande", "id": "1209", "gold": "B", "pred": "B", "correct": true}
{"task": "winogrande", "id": "916", "gold": "A", "pred": "A", "correct": true}
{"task": "winogrande", "id": "335", "gold": "A", "pred": "A", "correct": true}
{"task": "winogrande", "id": "372", "gold": "B", "pred": "B", "correct": true}
{"task": "winogrande", "id": "365", "gold": "B", "pred": "B", "correct": true}
{"task": "winogrande", "id": "1092", "gold": "B", "pred": "B", "correct": true}
{"task": "winogrande", "id": "662", "gold": "A", "pred": "B", "correct": false}
{"task": "winogrande", "id": "1065", "gold": "B", "pred": "B", "correct": true}
{"task": "winogrande", "id": "400", "gold": "B", "pred": "B", "correct": true}
Using the latest cached version of the dataset since tau/commonsense_qa couldn't be found on the Hugging Face Hub (offline mode is enabled).
Found the latest cached dataset configuration 'default' at /root/.cache/huggingface/datasets/tau___commonsense_qa/default/0.0.0/94630fe30dad47192a8546eb75f094926d47e155 (last modified on Tue Jun  9 21:40:30 2026).
{"task": "commonsenseqa", "id": "8b25332de2894ab38784235838d38cec", "gold": "E", "pred": "E", "correct": true}
{"task": "commonsenseqa", "id": "8ea5720718c0e122efa6277edb511569", "gold": "D", "pred": "D", "correct": true}
{"task": "commonsenseqa", "id": "4acd496cc78d96c2431279a5fd87de7c", "gold": "E", "pred": "E", "correct": true}
{"task": "commonsenseqa", "id": "01794dde3ca2991615f1aa2f63fb22e3", "gold": "E", "pred": "E", "correct": true}
{"task": "commonsenseqa", "id": "41bab71fea3fa04e5a4e10a2f86996df", "gold": "E", "pred": "E", "correct": true}
{"task": "commonsenseqa", "id": "c7ce02d9365fe9275f88338ad51cbde6", "gold": "A", "pred": "A", "correct": true}
{"task": "commonsenseqa", "id": "c9f7d07e6d363a99f5fadd68a4dfa35a", "gold": "B", "pred": "B", "correct": true}
{"task": "commonsenseqa", "id": "29c194d032a266a7160bff6f546a4d9d", "gold": "D", "pred": "D", "correct": true}
{"task": "commonsenseqa", "id": "32d5b7fcae24f0d4871cfb219c5a4b47", "gold": "C", "pred": "C", "correct": true}
{"task": "commonsenseqa", "id": "46351b3a6beb694c5f623583a3b1473d", "gold": "B", "pred": "B", "correct": true}
{"task": "commonsenseqa", "id": "5a50ea4bb2d13dc4f620ebd45025d445", "gold": "E", "pred": "E", "correct": true}
{"task": "commonsenseqa", "id": "5c2bc4335c8860342ec2d568ceb6ac6b", "gold": "C", "pred": "C", "correct": true}
{"task": "commonsenseqa", "id": "b3dc6d6a5e2f9d7da8eb72816c80b3f8_1", "gold": "A", "pred": "A", "correct": true}
{"task": "commonsenseqa", "id": "9889e5389917d812c09d6e5d382d333d", "gold": "B", "pred": "B", "correct": true}
{"task": "commonsenseqa", "id": "4ef3d70648ee3cea028bc5ed0fdfda28", "gold": "C", "pred": "C", "correct": true}
{"task": "commonsenseqa", "id": "359aed918343d228e67cef329b693904", "gold": "C", "pred": "C", "correct": true}
{"task": "commonsenseqa", "id": "011096bcfff30fd38046cf9db3a411c5", "gold": "C", "pred": "C", "correct": true}
{"task": "commonsenseqa", "id": "0f2377604e628c55ba588366139396b9", "gold": "E", "pred": "D", "correct": false}
{"task": "commonsenseqa", "id": "900492bd731f8f615ed7c08155737d44", "gold": "E", "pred": "E", "correct": true}
{"task": "commonsenseqa", "id": "0b52cc905fff0ca69a45e6353d10e401", "gold": "D", "pred": "D", "correct": true}
{"task": "commonsenseqa", "id": "6f48ee564a48293eb501cc0d8197bdd9", "gold": "C", "pred": "B", "correct": false}
{"task": "commonsenseqa", "id": "ba640b9634ad6b4ad98b17b4f152e562", "gold": "B", "pred": "B", "correct": true}
{"task": "commonsenseqa", "id": "5d4233146435ab0ca211e8ac9bfce76f", "gold": "A", "pred": "A", "correct": true}
{"task": "commonsenseqa", "id": "bd773d64f4e22db2358c6e00cbdf2d83", "gold": "A", "pred": "A", "correct": true}
{"task": "commonsenseqa", "id": "ef3d5d35128678937c36438466e0fc93", "gold": "E", "pred": "E", "correct": true}
{"task": "commonsenseqa", "id": "9dffd2021771e0ecddb19031acf3701b", "gold": "C", "pred": "B", "correct": false}
{"task": "commonsenseqa", "id": "8b3b598a647dfd2d63fcedce5f461040", "gold": "A", "pred": "A", "correct": true}
{"task": "commonsenseqa", "id": "821b32d39f57396979069b948030afe9", "gold": "D", "pred": "D", "correct": true}
{"task": "commonsenseqa", "id": "8f2976690c83be6b8fa3a1196dfd9722", "gold": "E", "pred": "E", "correct": true}
{"task": "commonsenseqa", "id": "66bfb6e209c94e6be5b0d04b0c7e2064", "gold": "C", "pred": "C", "correct": true}
{"task": "commonsenseqa", "id": "0bf4d64ad0eee7224acb3a4eb85accb2", "gold": "B", "pred": "B", "correct": true}
{"task": "commonsenseqa", "id": "ec86900559a0faf2aef066e511a4cfa6", "gold": "B", "pred": "B", "correct": true}
{"task": "commonsenseqa", "id": "7c45033e9fd9f1a759923971b14390ed", "gold": "E", "pred": "E", "correct": true}
{"task": "commonsenseqa", "id": "0f7425ecbe369bf41a230aab92d84132", "gold": "B", "pred": "B", "correct": true}
{"task": "commonsenseqa", "id": "42520bf3f93f8de23670044e019001a3", "gold": "E", "pred": "E", "correct": true}
{"task": "commonsenseqa", "id": "07fd8b0aed06406fedb137d11b07a890", "gold": "D", "pred": "C", "correct": false}
{"task": "commonsenseqa", "id": "3eb397b96b6c3a245c81ab30205943f1", "gold": "C", "pred": "C", "correct": true}
{"task": "commonsenseqa", "id": "ed50555f8db2b8f66caf9868dcd7e13b", "gold": "A", "pred": "A", "correct": true}
{"task": "commonsenseqa", "id": "ec224c1dbfb569cce7ec317fe987ae68", "gold": "B", "pred": "B", "correct": true}
{"task": "commonsenseqa", "id": "42c46e28baf0fc617a07419286178c0a", "gold": "E", "pred": "E", "correct": true}
{"task": "commonsenseqa", "id": "cf8e30dd6956d03e3f0f0397112a8696", "gold": "A", "pred": "A", "correct": true}
{"task": "commonsenseqa", "id": "549cf641318edfc0510fa7c7dbb359e1", "gold": "C", "pred": "C", "correct": true}
{"task": "commonsenseqa", "id": "5c171b9837af49211891ce40e4a10204", "gold": "D", "pred": "D", "correct": true}
{"task": "commonsenseqa", "id": "303aedda3a5ab8d853cbe4edc4b914c6", "gold": "C", "pred": "C", "correct": true}
{"task": "commonsenseqa", "id": "1d8d9e3504c8c58a3b923ddc155c19b0", "gold": "B", "pred": "B", "correct": true}
{"task": "commonsenseqa", "id": "8b23cd355ffc8b6e7aa5459ffb21b4e0", "gold": "B", "pred": "B", "correct": true}
{"task": "commonsenseqa", "id": "d78baca23e0a636a8961e17119047e63", "gold": "C", "pred": "C", "correct": true}
{"task": "commonsenseqa", "id": "a5dcac512870e79f5aa2b22dbd662404", "gold": "B", "pred": "B", "correct": true}
{"task": "commonsenseqa", "id": "c7526b682e64f355384631b35cd78fc9", "gold": "B", "pred": "B", "correct": true}
{"task": "commonsenseqa", "id": "1ef68db97654f30cd3701b942fadc934", "gold": "B", "pred": "B", "correct": true}
Using the latest cached version of the dataset since ai2_arc couldn't be found on the Hugging Face Hub (offline mode is enabled).
Found the latest cached dataset configuration 'ARC-Challenge' at /root/.cache/huggingface/datasets/ai2_arc/ARC-Challenge/0.0.0/210d026faf9955653af8916fad021475a3f00453 (last modified on Tue Jun  9 21:50:43 2026).
{"task": "arc_challenge", "id": "593", "gold": "A", "pred": "A", "correct": true}
{"task": "arc_challenge", "id": "171", "gold": "D", "pred": "D", "correct": true}
{"task": "arc_challenge", "id": "34", "gold": "A", "pred": "A", "correct": true}
{"task": "arc_challenge", "id": "628", "gold": "C", "pred": "C", "correct": true}
{"task": "arc_challenge", "id": "867", "gold": "C", "pred": "C", "correct": true}
{"task": "arc_challenge", "id": "776", "gold": "A", "pred": "A", "correct": true}
{"task": "arc_challenge", "id": "1085", "gold": "A", "pred": "A", "correct": true}
{"task": "arc_challenge", "id": "733", "gold": "C", "pred": "C", "correct": true}
{"task": "arc_challenge", "id": "266", "gold": "A", "pred": "A", "correct": true}
{"task": "arc_challenge", "id": "393", "gold": "B", "pred": "B", "correct": true}
{"task": "arc_challenge", "id": "547", "gold": "C", "pred": "C", "correct": true}
{"task": "arc_challenge", "id": "910", "gold": "D", "pred": "D", "correct": true}
{"task": "arc_challenge", "id": "28", "gold": "C", "pred": "C", "correct": true}
{"task": "arc_challenge", "id": "452", "gold": "D", "pred": "B", "correct": false}
{"task": "arc_challenge", "id": "931", "gold": "B", "pred": "C", "correct": false}
{"task": "arc_challenge", "id": "50", "gold": "D", "pred": "D", "correct": true}
{"task": "arc_challenge", "id": "216", "gold": "D", "pred": "D", "correct": true}
{"task": "arc_challenge", "id": "175", "gold": "A", "pred": "B", "correct": false}
{"task": "arc_challenge", "id": "1020", "gold": "C", "pred": "C", "correct": true}
{"task": "arc_challenge", "id": "862", "gold": "D", "pred": "D", "correct": true}
{"task": "arc_challenge", "id": "40", "gold": "C", "pred": "C", "correct": true}
{"task": "arc_challenge", "id": "1049", "gold": "A", "pred": "A", "correct": true}
{"task": "arc_challenge", "id": "883", "gold": "C", "pred": "C", "correct": true}
{"task": "arc_challenge", "id": "735", "gold": "D", "pred": "B", "correct": false}
{"task": "arc_challenge", "id": "117", "gold": "C", "pred": "C", "correct": true}
{"task": "arc_challenge", "id": "421", "gold": "C", "pred": "C", "correct": true}
{"task": "arc_challenge", "id": "72", "gold": "B", "pred": "B", "correct": true}
{"task": "arc_challenge", "id": "755", "gold": "D", "pred": "D", "correct": true}
{"task": "arc_challenge", "id": "352", "gold": "D", "pred": "D", "correct": true}
{"task": "arc_challenge", "id": "442", "gold": "A", "pred": "A", "correct": true}
{"task": "arc_challenge", "id": "742", "gold": "B", "pred": "B", "correct": true}
{"task": "arc_challenge", "id": "1158", "gold": "A", "pred": "A", "correct": true}
{"task": "arc_challenge", "id": "1171", "gold": "A", "pred": "B", "correct": false}
{"task": "arc_challenge", "id": "576", "gold": "A", "pred": "A", "correct": true}
{"task": "arc_challenge", "id": "643", "gold": "B", "pred": "B", "correct": true}
{"task": "arc_challenge", "id": "970", "gold": "A", "pred": "A", "correct": true}
{"task": "arc_challenge", "id": "363", "gold": "A", "pred": "A", "correct": true}
{"task": "arc_challenge", "id": "989", "gold": "D", "pred": "B", "correct": false}
{"task": "arc_challenge", "id": "916", "gold": "B", "pred": "B", "correct": true}
{"task": "arc_challenge", "id": "335", "gold": "D", "pred": "D", "correct": true}
{"task": "arc_challenge", "id": "372", "gold": "B", "pred": "B", "correct": true}
{"task": "arc_challenge", "id": "365", "gold": "B", "pred": "B", "correct": true}
{"task": "arc_challenge", "id": "1092", "gold": "B", "pred": "B", "correct": true}
{"task": "arc_challenge", "id": "662", "gold": "C", "pred": "C", "correct": true}
{"task": "arc_challenge", "id": "1065", "gold": "C", "pred": "B", "correct": false}
{"task": "arc_challenge", "id": "400", "gold": "C", "pred": "B", "correct": false}
{"task": "arc_challenge", "id": "234", "gold": "C", "pred": "C", "correct": true}
{"task": "arc_challenge", "id": "168", "gold": "A", "pred": "A", "correct": true}
{"task": "arc_challenge", "id": "201", "gold": "C", "pred": "C", "correct": true}
{"task": "arc_challenge", "id": "872", "gold": "C", "pred": "C", "correct": true}
Using the latest cached version of the dataset since Rowan/hellaswag couldn't be found on the Hugging Face Hub (offline mode is enabled).
Found the latest cached dataset configuration 'default' at /root/.cache/huggingface/datasets/Rowan___hellaswag/default/0.0.0/218ec52e09a7e7462a5400043bb9a69a41d06b76 (last modified on Tue Jun  9 22:21:06 2026).
{"task": "hellaswag", "id": "4749", "gold": "B", "pred": "B", "correct": true}
{"task": "hellaswag", "id": "1368", "gold": "A", "pred": "A", "correct": true}
{"task": "hellaswag", "id": "279", "gold": "A", "pred": "D", "correct": false}
{"task": "hellaswag", "id": "9699", "gold": "C", "pred": "C", "correct": true}
{"task": "hellaswag", "id": "5025", "gold": "C", "pred": "C", "correct": true}
{"task": "hellaswag", "id": "6942", "gold": "C", "pred": "C", "correct": true}
{"task": "hellaswag", "id": "6212", "gold": "B", "pred": "B", "correct": true}
{"task": "hellaswag", "id": "8684", "gold": "B", "pred": "C", "correct": false}
{"task": "hellaswag", "id": "5866", "gold": "B", "pred": "B", "correct": true}
{"task": "hellaswag", "id": "2134", "gold": "B", "pred": "B", "correct": true}
{"task": "hellaswag", "id": "3145", "gold": "D", "pred": "D", "correct": true}
{"task": "hellaswag", "id": "4380", "gold": "A", "pred": "C", "correct": false}
{"task": "hellaswag", "id": "7283", "gold": "B", "pred": "D", "correct": false}
{"task": "hellaswag", "id": "230", "gold": "B", "pred": "A", "correct": false}
{"task": "hellaswag", "id": "3621", "gold": "A", "pred": "C", "correct": false}
{"task": "hellaswag", "id": "7455", "gold": "D", "pred": "D", "correct": true}
{"task": "hellaswag", "id": "405", "gold": "C", "pred": "C", "correct": true}
{"task": "hellaswag", "id": "1735", "gold": "A", "pred": "B", "correct": false}
{"task": "hellaswag", "id": "1405", "gold": "C", "pred": "A", "correct": false}
{"task": "hellaswag", "id": "8163", "gold": "A", "pred": "A", "correct": true}
{"task": "hellaswag", "id": "6901", "gold": "B", "pred": "B", "correct": true}
{"task": "hellaswag", "id": "320", "gold": "D", "pred": "D", "correct": true}
{"task": "hellaswag", "id": "8398", "gold": "B", "pred": "B", "correct": true}
{"task": "hellaswag", "id": "7066", "gold": "A", "pred": "A", "correct": true}
{"task": "hellaswag", "id": "5881", "gold": "A", "pred": "A", "correct": true}
{"task": "hellaswag", "id": "942", "gold": "C", "pred": "C", "correct": true}
{"task": "hellaswag", "id": "3368", "gold": "C", "pred": "C", "correct": true}
{"task": "hellaswag", "id": "578", "gold": "D", "pred": "B", "correct": false}
{"task": "hellaswag", "id": "9652", "gold": "D", "pred": "D", "correct": true}
{"task": "hellaswag", "id": "6047", "gold": "B", "pred": "B", "correct": true}
{"task": "hellaswag", "id": "2816", "gold": "C", "pred": "D", "correct": false}
{"task": "hellaswag", "id": "3539", "gold": "B", "pred": "B", "correct": true}
{"task": "hellaswag", "id": "5943", "gold": "B", "pred": "B", "correct": true}
{"task": "hellaswag", "id": "9265", "gold": "B", "pred": "A", "correct": false}
{"task": "hellaswag", "id": "6040", "gold": "C", "pred": "C", "correct": true}
{"task": "hellaswag", "id": "9372", "gold": "B", "pred": "B", "correct": true}
{"task": "hellaswag", "id": "4608", "gold": "C", "pred": "A", "correct": false}
{"task": "hellaswag", "id": "5150", "gold": "B", "pred": "B", "correct": true}
{"task": "hellaswag", "id": "9387", "gold": "C", "pred": "C", "correct": true}
{"task": "hellaswag", "id": "1404", "gold": "D", "pred": "D", "correct": true}
{"task": "hellaswag", "id": "7767", "gold": "B", "pred": "B", "correct": true}
{"task": "hellaswag", "id": "2910", "gold": "C", "pred": "C", "correct": true}
{"task": "hellaswag", "id": "7914", "gold": "B", "pred": "B", "correct": true}
{"task": "hellaswag", "id": "9676", "gold": "D", "pred": "D", "correct": true}
{"task": "hellaswag", "id": "7331", "gold": "A", "pred": "B", "correct": false}
{"task": "hellaswag", "id": "2680", "gold": "C", "pred": "C", "correct": true}
{"task": "hellaswag", "id": "2982", "gold": "B", "pred": "B", "correct": true}
{"task": "hellaswag", "id": "2925", "gold": "B", "pred": "B", "correct": true}
{"task": "hellaswag", "id": "8742", "gold": "D", "pred": "D", "correct": true}
{"task": "hellaswag", "id": "5298", "gold": "D", "pred": "D", "correct": true}
Using the latest cached version of the dataset since google/boolq couldn't be found on the Hugging Face Hub (offline mode is enabled).
Found the latest cached dataset configuration 'default' at /root/.cache/huggingface/datasets/google___boolq/default/0.0.0/35b264d03638db9f4ce671b711558bf7ff0f80d5 (last modified on Tue Jun  9 22:23:07 2026).
{"task": "boolq", "id": "3192", "gold": "yes", "pred": "yes", "correct": true}
{"task": "boolq", "id": "1187", "gold": "no", "pred": "no", "correct": true}
{"task": "boolq", "id": "342", "gold": "yes", "pred": "no", "correct": false}
{"task": "boolq", "id": "69", "gold": "yes", "pred": "yes", "correct": true}
{"task": "boolq", "id": "2424", "gold": "yes", "pred": "yes", "correct": true}
{"task": "boolq", "id": "1256", "gold": "no", "pred": "no", "correct": true}
{"task": "boolq", "id": "1735", "gold": "no", "pred": "no", "correct": true}
{"task": "boolq", "id": "1553", "gold": "no", "pred": "no", "correct": true}
{"task": "boolq", "id": "2171", "gold": "no", "pred": "no", "correct": true}
{"task": "boolq", "id": "1466", "gold": "yes", "pred": "no", "correct": false}
{"task": "boolq", "id": "533", "gold": "no", "pred": "no", "correct": true}
{"task": "boolq", "id": "2973", "gold": "yes", "pred": "yes", "correct": true}
{"task": "boolq", "id": "786", "gold": "no", "pred": "no", "correct": true}
{"task": "boolq", "id": "1095", "gold": "yes", "pred": "yes", "correct": true}
{"task": "boolq", "id": "1820", "gold": "yes", "pred": "no", "correct": false}
{"task": "boolq", "id": "57", "gold": "yes", "pred": "yes", "correct": true}
{"task": "boolq", "id": "905", "gold": "yes", "pred": "yes", "correct": true}
{"task": "boolq", "id": "2540", "gold": "no", "pred": "no", "correct": true}
{"task": "boolq", "id": "1863", "gold": "yes", "pred": "yes", "correct": true}
{"task": "boolq", "id": "101", "gold": "no", "pred": "no", "correct": true}
{"task": "boolq", "id": "433", "gold": "no", "pred": "no", "correct": true}
{"task": "boolq", "id": "351", "gold": "no", "pred": "no", "correct": true}
{"task": "boolq", "id": "2908", "gold": "no", "pred": "no", "correct": true}
{"task": "boolq", "id": "2040", "gold": "yes", "pred": "yes", "correct": true}
{"task": "boolq", "id": "1725", "gold": "no", "pred": "yes", "correct": false}
{"task": "boolq", "id": "80", "gold": "no", "pred": "no", "correct": true}
{"task": "boolq", "id": "2099", "gold": "yes", "pred": "yes", "correct": true}
{"task": "boolq", "id": "2570", "gold": "no", "pred": "no", "correct": true}
{"task": "boolq", "id": "3007", "gold": "no", "pred": "no", "correct": true}
{"task": "boolq", "id": "1766", "gold": "yes", "pred": "yes", "correct": true}
{"task": "boolq", "id": "1470", "gold": "no", "pred": "no", "correct": true}
{"task": "boolq", "id": "3157", "gold": "yes", "pred": "yes", "correct": true}
{"task": "boolq", "id": "235", "gold": "no", "pred": "no", "correct": true}
{"task": "boolq", "id": "842", "gold": "yes", "pred": "yes", "correct": true}
{"task": "boolq", "id": "3207", "gold": "no", "pred": "no", "correct": true}
{"task": "boolq", "id": "144", "gold": "no", "pred": "no", "correct": true}
{"task": "boolq", "id": "2413", "gold": "yes", "pred": "yes", "correct": true}
{"task": "boolq", "id": "1511", "gold": "yes", "pred": "yes", "correct": true}
{"task": "boolq", "id": "2694", "gold": "no", "pred": "no", "correct": true}
{"task": "boolq", "id": "704", "gold": "yes", "pred": "yes", "correct": true}
{"task": "boolq", "id": "2543", "gold": "yes", "pred": "yes", "correct": true}
{"task": "boolq", "id": "884", "gold": "no", "pred": "no", "correct": true}
{"task": "boolq", "id": "3011", "gold": "yes", "pred": "yes", "correct": true}
{"task": "boolq", "id": "1485", "gold": "yes", "pred": "yes", "correct": true}
{"task": "boolq", "id": "2316", "gold": "no", "pred": "no", "correct": true}
{"task": "boolq", "id": "3112", "gold": "no", "pred": "no", "correct": true}
{"task": "boolq", "id": "1510", "gold": "yes", "pred": "yes", "correct": true}
{"task": "boolq", "id": "2343", "gold": "yes", "pred": "yes", "correct": true}
{"task": "boolq", "id": "1152", "gold": "yes", "pred": "yes", "correct": true}
{"task": "boolq", "id": "2705", "gold": "yes", "pred": "no", "correct": false}
{
  "mmlu_pro": {
    "accuracy": 0.42,
    "n": 50,
    "seconds": 94.66846442222595,
    "peak_mem_gb": 15.53784990310669
  },
  "pubmedqa": {
    "accuracy": 0.74,
    "n": 50,
    "seconds": 109.67649245262146,
    "peak_mem_gb": 15.483989238739014
  },
  "ceval_computer_network": {
    "accuracy": 0.62,
    "n": 50,
    "seconds": 58.542176723480225,
    "peak_mem_gb": 15.15539026260376
  },
  "sciq": {
    "accuracy": 0.92,
    "n": 50,
    "seconds": 60.10453915596008,
    "peak_mem_gb": 15.132664203643799
  },
  "winogrande": {
    "accuracy": 0.74,
    "n": 50,
    "seconds": 59.95258450508118,
    "peak_mem_gb": 15.101815223693848
  },
  "commonsenseqa": {
    "accuracy": 0.92,
    "n": 50,
    "seconds": 59.93821668624878,
    "peak_mem_gb": 15.122297763824463
  },
  "arc_challenge": {
    "accuracy": 0.84,
    "n": 50,
    "seconds": 58.477749824523926,
    "peak_mem_gb": 15.156818866729736
  },
  "hellaswag": {
    "accuracy": 0.74,
    "n": 50,
    "seconds": 77.40518617630005,
    "peak_mem_gb": 15.266828536987305
  },
  "boolq": {
    "accuracy": 0.9,
    "n": 50,
    "seconds": 70.30962443351746,
    "peak_mem_gb": 15.349694728851318
  }
}
[Wed Jun 10 12:33:39 CST 2026] lora opt v1 queue done
