[Wed Jun 10 03:13:17 CST 2026] train rslora_vanilla variant=rslora mode=vanilla steps=100
Loading checkpoint shards:   0%|          | 0/6 [00:00<?, ?it/s]Loading checkpoint shards:  50%|█████     | 3/6 [00:00<00:00, 13.95it/s]Loading checkpoint shards:  83%|████████▎ | 5/6 [00:00<00:00, 13.86it/s]Loading checkpoint shards: 100%|██████████| 6/6 [00:00<00:00, 15.05it/s]
gradient_checkpointing skipped: LLaDAModelLM does not support gradient checkpointing.
trainable params: 10,485,760 || all params: 8,026,066,944 || trainable%: 0.1306
{"step": 1, "loss": 0.027861902490258217, "choice_loss": 0.0005062728887423873, "denoise_loss": 0.027861902490258217, "consistency_loss": 0.0}
{"step": 10, "loss": 0.3938879668712616, "choice_loss": 0.38687101006507874, "denoise_loss": 0.3938879668712616, "consistency_loss": 0.0}
{"step": 20, "loss": 0.056156959384679794, "choice_loss": 0.05232494696974754, "denoise_loss": 0.056156959384679794, "consistency_loss": 0.0}
{"step": 30, "loss": 1.1553621292114258, "choice_loss": 1.1408709287643433, "denoise_loss": 1.1553621292114258, "consistency_loss": 0.0}
{"step": 40, "loss": 0.016453418880701065, "choice_loss": 0.01429390162229538, "denoise_loss": 0.016453418880701065, "consistency_loss": 0.0}
{"step": 50, "loss": 1.3705556392669678, "choice_loss": 1.341118574142456, "denoise_loss": 1.3705556392669678, "consistency_loss": 0.0}
{"step": 60, "loss": 0.0024945589248090982, "choice_loss": 0.0007557396893389523, "denoise_loss": 0.0024945589248090982, "consistency_loss": 0.0}
{"step": 70, "loss": 0.0008419782971031964, "choice_loss": 0.00046456989366561174, "denoise_loss": 0.0008419782971031964, "consistency_loss": 0.0}
{"step": 80, "loss": 0.004413150716573, "choice_loss": 0.004059646278619766, "denoise_loss": 0.004413150716573, "consistency_loss": 0.0}
{"step": 90, "loss": 0.6337466239929199, "choice_loss": 0.6314226388931274, "denoise_loss": 0.6337466239929199, "consistency_loss": 0.0}
{"step": 100, "loss": 0.0003212174342479557, "choice_loss": 4.827859811484814e-05, "denoise_loss": 0.0003212174342479557, "consistency_loss": 0.0}
[Wed Jun 10 03:15:52 CST 2026] eval rslora_vanilla
Loading checkpoint shards:   0%|          | 0/6 [00:00<?, ?it/s]Loading checkpoint shards: 100%|██████████| 6/6 [00:00<00:00, 160.96it/s]
{"task": "mmlu_pro", "id": "4888", "gold": "H", "pred": "H", "correct": true}
{"task": "mmlu_pro", "id": "1458", "gold": "C", "pred": "B", "correct": false}
{"task": "mmlu_pro", "id": "351", "gold": "H", "pred": "H", "correct": true}
{"task": "mmlu_pro", "id": "9891", "gold": "I", "pred": "I", "correct": true}
{"task": "mmlu_pro", "id": "5167", "gold": "B", "pred": "B", "correct": true}
{"task": "mmlu_pro", "id": "7112", "gold": "G", "pred": "H", "correct": false}
{"task": "mmlu_pro", "id": "6376", "gold": "E", "pred": "E", "correct": true}
{"task": "mmlu_pro", "id": "8872", "gold": "A", "pred": "C", "correct": false}
{"task": "mmlu_pro", "id": "6026", "gold": "A", "pred": "F", "correct": false}
{"task": "mmlu_pro", "id": "2234", "gold": "C", "pred": "I", "correct": false}
{"task": "mmlu_pro", "id": "12119", "gold": "F", "pred": "I", "correct": false}
{"task": "mmlu_pro", "id": "3266", "gold": "J", "pred": "B", "correct": false}
{"task": "mmlu_pro", "id": "4512", "gold": "D", "pred": "D", "correct": true}
{"task": "mmlu_pro", "id": "7463", "gold": "D", "pred": "D", "correct": true}
{"task": "mmlu_pro", "id": "302", "gold": "H", "pred": "H", "correct": true}
{"task": "mmlu_pro", "id": "3744", "gold": "A", "pred": "I", "correct": false}
{"task": "mmlu_pro", "id": "10362", "gold": "A", "pred": "C", "correct": false}
{"task": "mmlu_pro", "id": "7638", "gold": "E", "pred": "E", "correct": true}
{"task": "mmlu_pro", "id": "479", "gold": "B", "pred": "D", "correct": false}
{"task": "mmlu_pro", "id": "1830", "gold": "I", "pred": "D", "correct": false}
{"task": "mmlu_pro", "id": "1496", "gold": "C", "pred": "D", "correct": false}
{"task": "mmlu_pro", "id": "11856", "gold": "I", "pred": "I", "correct": true}
{"task": "mmlu_pro", "id": "8350", "gold": "I", "pred": "I", "correct": true}
{"task": "mmlu_pro", "id": "7071", "gold": "F", "pred": "E", "correct": false}
{"task": "mmlu_pro", "id": "393", "gold": "J", "pred": "J", "correct": true}
{"task": "mmlu_pro", "id": "8585", "gold": "C", "pred": "D", "correct": false}
{"task": "mmlu_pro", "id": "10488", "gold": "D", "pred": "D", "correct": true}
{"task": "mmlu_pro", "id": "12254", "gold": "F", "pred": "F", "correct": true}
{"task": "mmlu_pro", "id": "7239", "gold": "F", "pred": "I", "correct": false}
{"task": "mmlu_pro", "id": "6041", "gold": "B", "pred": "H", "correct": false}
{"task": "mmlu_pro", "id": "1021", "gold": "E", "pred": "H", "correct": false}
{"task": "mmlu_pro", "id": "3489", "gold": "I", "pred": "I", "correct": true}
{"task": "mmlu_pro", "id": "654", "gold": "A", "pred": "A", "correct": true}
{"task": "mmlu_pro", "id": "9843", "gold": "A", "pred": "J", "correct": false}
{"task": "mmlu_pro", "id": "6209", "gold": "I", "pred": "I", "correct": true}
{"task": "mmlu_pro", "id": "10994", "gold": "E", "pred": "B", "correct": false}
{"task": "mmlu_pro", "id": "2934", "gold": "F", "pred": "F", "correct": true}
{"task": "mmlu_pro", "id": "10376", "gold": "A", "pred": "H", "correct": false}
{"task": "mmlu_pro", "id": "3660", "gold": "B", "pred": "F", "correct": false}
{"task": "mmlu_pro", "id": "6104", "gold": "I", "pred": "B", "correct": false}
{"task": "mmlu_pro", "id": "9454", "gold": "I", "pred": "C", "correct": false}
{"task": "mmlu_pro", "id": "6202", "gold": "F", "pred": "G", "correct": false}
{"task": "mmlu_pro", "id": "9561", "gold": "F", "pred": "H", "correct": false}
{"task": "mmlu_pro", "id": "4740", "gold": "C", "pred": "H", "correct": false}
{"task": "mmlu_pro", "id": "11039", "gold": "D", "pred": "J", "correct": false}
{"task": "mmlu_pro", "id": "5292", "gold": "C", "pred": "A", "correct": false}
{"task": "mmlu_pro", "id": "9576", "gold": "B", "pred": "H", "correct": false}
{"task": "mmlu_pro", "id": "1495", "gold": "D", "pred": "H", "correct": false}
{"task": "mmlu_pro", "id": "7950", "gold": "C", "pred": "I", "correct": false}
{"task": "mmlu_pro", "id": "3028", "gold": "D", "pred": "D", "correct": true}
{"task": "pubmedqa", "id": "24098953", "gold": "yes", "pred": "yes", "correct": true}
{"task": "pubmedqa", "id": "25103647", "gold": "maybe", "pred": "yes", "correct": false}
{"task": "pubmedqa", "id": "23972333", "gold": "yes", "pred": "yes", "correct": true}
{"task": "pubmedqa", "id": "10759659", "gold": "yes", "pred": "yes", "correct": true}
{"task": "pubmedqa", "id": "21880023", "gold": "no", "pred": "yes", "correct": false}
{"task": "pubmedqa", "id": "14627582", "gold": "no", "pred": "yes", "correct": false}
{"task": "pubmedqa", "id": "22427593", "gold": "maybe", "pred": "maybe", "correct": true}
{"task": "pubmedqa", "id": "17096624", "gold": "yes", "pred": "yes", "correct": true}
{"task": "pubmedqa", "id": "20497146", "gold": "yes", "pred": "yes", "correct": true}
{"task": "pubmedqa", "id": "15939071", "gold": "yes", "pred": "yes", "correct": true}
{"task": "pubmedqa", "id": "17259061", "gold": "yes", "pred": "yes", "correct": true}
{"task": "pubmedqa", "id": "21346501", "gold": "yes", "pred": "yes", "correct": true}
{"task": "pubmedqa", "id": "26818046", "gold": "yes", "pred": "yes", "correct": true}
{"task": "pubmedqa", "id": "26548832", "gold": "yes", "pred": "yes", "correct": true}
{"task": "pubmedqa", "id": "25311479", "gold": "yes", "pred": "yes", "correct": true}
{"task": "pubmedqa", "id": "23088164", "gold": "no", "pred": "no", "correct": true}
{"task": "pubmedqa", "id": "18714572", "gold": "maybe", "pred": "no", "correct": false}
{"task": "pubmedqa", "id": "14551704", "gold": "yes", "pred": "yes", "correct": true}
{"task": "pubmedqa", "id": "20353735", "gold": "no", "pred": "no", "correct": true}
{"task": "pubmedqa", "id": "24866606", "gold": "yes", "pred": "yes", "correct": true}
{"task": "pubmedqa", "id": "22236315", "gold": "no", "pred": "yes", "correct": false}
{"task": "pubmedqa", "id": "12970636", "gold": "no", "pred": "no", "correct": true}
{"task": "pubmedqa", "id": "10490564", "gold": "yes", "pred": "yes", "correct": true}
{"task": "pubmedqa", "id": "9722752", "gold": "yes", "pred": "yes", "correct": true}
{"task": "pubmedqa", "id": "10966943", "gold": "no", "pred": "no", "correct": true}
{"task": "pubmedqa", "id": "27217036", "gold": "yes", "pred": "no", "correct": false}
{"task": "pubmedqa", "id": "19757704", "gold": "yes", "pred": "yes", "correct": true}
{"task": "pubmedqa", "id": "24599411", "gold": "yes", "pred": "yes", "correct": true}
{"task": "pubmedqa", "id": "19419587", "gold": "yes", "pred": "yes", "correct": true}
{"task": "pubmedqa", "id": "10158597", "gold": "yes", "pred": "yes", "correct": true}
{"task": "pubmedqa", "id": "19394934", "gold": "yes", "pred": "no", "correct": false}
{"task": "pubmedqa", "id": "14976655", "gold": "yes", "pred": "no", "correct": false}
{"task": "pubmedqa", "id": "26175531", "gold": "no", "pred": "no", "correct": true}
{"task": "pubmedqa", "id": "12790890", "gold": "maybe", "pred": "no", "correct": false}
{"task": "pubmedqa", "id": "14631523", "gold": "no", "pred": "no", "correct": true}
{"task": "pubmedqa", "id": "15879722", "gold": "yes", "pred": "yes", "correct": true}
{"task": "pubmedqa", "id": "18319270", "gold": "no", "pred": "no", "correct": true}
{"task": "pubmedqa", "id": "14612308", "gold": "no", "pred": "maybe", "correct": false}
{"task": "pubmedqa", "id": "25488308", "gold": "no", "pred": "yes", "correct": false}
{"task": "pubmedqa", "id": "18802997", "gold": "maybe", "pred": "yes", "correct": false}
{"task": "pubmedqa", "id": "8847047", "gold": "no", "pred": "no", "correct": true}
{"task": "pubmedqa", "id": "25255719", "gold": "yes", "pred": "no", "correct": false}
{"task": "pubmedqa", "id": "19852337", "gold": "yes", "pred": "yes", "correct": true}
{"task": "pubmedqa", "id": "2503176", "gold": "yes", "pred": "yes", "correct": true}
{"task": "pubmedqa", "id": "25156467", "gold": "yes", "pred": "yes", "correct": true}
{"task": "pubmedqa", "id": "26485091", "gold": "no", "pred": "no", "correct": true}
{"task": "pubmedqa", "id": "10456814", "gold": "no", "pred": "no", "correct": true}
{"task": "pubmedqa", "id": "23449952", "gold": "no", "pred": "no", "correct": true}
{"task": "pubmedqa", "id": "18948835", "gold": "yes", "pred": "yes", "correct": true}
{"task": "pubmedqa", "id": "17089900", "gold": "yes", "pred": "yes", "correct": true}
{"task": "ceval_computer_network", "id": "74", "gold": "B", "pred": "C", "correct": false}
{"task": "ceval_computer_network", "id": "21", "gold": "C", "pred": "C", "correct": true}
{"task": "ceval_computer_network", "id": "4", "gold": "A", "pred": "A", "correct": true}
{"task": "ceval_computer_network", "id": "151", "gold": "C", "pred": "C", "correct": true}
{"task": "ceval_computer_network", "id": "78", "gold": "D", "pred": "C", "correct": false}
{"task": "ceval_computer_network", "id": "108", "gold": "A", "pred": "A", "correct": true}
{"task": "ceval_computer_network", "id": "97", "gold": "B", "pred": "A", "correct": false}
{"task": "ceval_computer_network", "id": "135", "gold": "A", "pred": "A", "correct": true}
{"task": "ceval_computer_network", "id": "91", "gold": "B", "pred": "A", "correct": false}
{"task": "ceval_computer_network", "id": "33", "gold": "A", "pred": "B", "correct": false}
{"task": "ceval_computer_network", "id": "49", "gold": "B", "pred": "B", "correct": true}
{"task": "ceval_computer_network", "id": "68", "gold": "C", "pred": "C", "correct": true}
{"task": "ceval_computer_network", "id": "113", "gold": "D", "pred": "B", "correct": false}
{"task": "ceval_computer_network", "id": "3", "gold": "C", "pred": "C", "correct": true}
{"task": "ceval_computer_network", "id": "56", "gold": "A", "pred": "A", "correct": true}
{"task": "ceval_computer_network", "id": "116", "gold": "B", "pred": "C", "correct": false}
{"task": "ceval_computer_network", "id": "6", "gold": "C", "pred": "C", "correct": true}
{"task": "ceval_computer_network", "id": "27", "gold": "C", "pred": "C", "correct": true}
{"task": "ceval_computer_network", "id": "169", "gold": "D", "pred": "C", "correct": false}
{"task": "ceval_computer_network", "id": "127", "gold": "B", "pred": "B", "correct": true}
{"task": "ceval_computer_network", "id": "107", "gold": "D", "pred": "C", "correct": false}
{"task": "ceval_computer_network", "id": "5", "gold": "D", "pred": "D", "correct": true}
{"task": "ceval_computer_network", "id": "131", "gold": "A", "pred": "A", "correct": true}
{"task": "ceval_computer_network", "id": "110", "gold": "D", "pred": "D", "correct": true}
{"task": "ceval_computer_network", "id": "162", "gold": "A", "pred": "A", "correct": true}
{"task": "ceval_computer_network", "id": "14", "gold": "B", "pred": "C", "correct": false}
{"task": "ceval_computer_network", "id": "52", "gold": "D", "pred": "D", "correct": true}
{"task": "ceval_computer_network", "id": "9", "gold": "D", "pred": "A", "correct": false}
{"task": "ceval_computer_network", "id": "94", "gold": "B", "pred": "D", "correct": false}
{"task": "ceval_computer_network", "id": "44", "gold": "D", "pred": "D", "correct": true}
{"task": "ceval_computer_network", "id": "55", "gold": "B", "pred": "A", "correct": false}
{"task": "ceval_computer_network", "id": "92", "gold": "B", "pred": "B", "correct": true}
{"task": "ceval_computer_network", "id": "142", "gold": "B", "pred": "B", "correct": true}
{"task": "ceval_computer_network", "id": "72", "gold": "C", "pred": "C", "correct": true}
{"task": "ceval_computer_network", "id": "80", "gold": "D", "pred": "D", "correct": true}
{"task": "ceval_computer_network", "id": "152", "gold": "B", "pred": "B", "correct": true}
{"task": "ceval_computer_network", "id": "121", "gold": "C", "pred": "C", "correct": true}
{"task": "ceval_computer_network", "id": "45", "gold": "A", "pred": "A", "correct": true}
{"task": "ceval_computer_network", "id": "123", "gold": "B", "pred": "B", "correct": true}
{"task": "ceval_computer_network", "id": "114", "gold": "C", "pred": "B", "correct": false}
{"task": "ceval_computer_network", "id": "41", "gold": "A", "pred": "A", "correct": true}
{"task": "ceval_computer_network", "id": "46", "gold": "C", "pred": "C", "correct": true}
{"task": "ceval_computer_network", "id": "133", "gold": "D", "pred": "B", "correct": false}
{"task": "ceval_computer_network", "id": "82", "gold": "D", "pred": "A", "correct": false}
{"task": "ceval_computer_network", "id": "86", "gold": "A", "pred": "B", "correct": false}
{"task": "ceval_computer_network", "id": "104", "gold": "A", "pred": "D", "correct": false}
{"task": "ceval_computer_network", "id": "66", "gold": "B", "pred": "D", "correct": false}
{"task": "ceval_computer_network", "id": "25", "gold": "B", "pred": "A", "correct": false}
{"task": "ceval_computer_network", "id": "170", "gold": "A", "pred": "A", "correct": true}
{"task": "ceval_computer_network", "id": "145", "gold": "A", "pred": "A", "correct": true}
{"task": "sciq", "id": "947", "gold": "C", "pred": "C", "correct": true}
{"task": "sciq", "id": "798", "gold": "B", "pred": "B", "correct": true}
{"task": "sciq", "id": "971", "gold": "B", "pred": "B", "correct": true}
{"task": "sciq", "id": "296", "gold": "D", "pred": "D", "correct": true}
{"task": "sciq", "id": "913", "gold": "D", "pred": "D", "correct": true}
{"task": "sciq", "id": "849", "gold": "A", "pred": "A", "correct": true}
{"task": "sciq", "id": "85", "gold": "A", "pred": "A", "correct": true}
{"task": "sciq", "id": "17", "gold": "B", "pred": "B", "correct": true}
{"task": "sciq", "id": "606", "gold": "B", "pred": "D", "correct": false}
{"task": "sciq", "id": "314", "gold": "B", "pred": "B", "correct": true}
{"task": "sciq", "id": "433", "gold": "B", "pred": "B", "correct": true}
{"task": "sciq", "id": "388", "gold": "D", "pred": "D", "correct": true}
{"task": "sciq", "id": "542", "gold": "C", "pred": "C", "correct": true}
{"task": "sciq", "id": "366", "gold": "A", "pred": "A", "correct": true}
{"task": "sciq", "id": "133", "gold": "D", "pred": "D", "correct": true}
{"task": "sciq", "id": "743", "gold": "D", "pred": "D", "correct": true}
{"task": "sciq", "id": "196", "gold": "C", "pred": "A", "correct": false}
{"task": "sciq", "id": "273", "gold": "C", "pred": "C", "correct": true}
{"task": "sciq", "id": "455", "gold": "A", "pred": "A", "correct": true}
{"task": "sciq", "id": "14", "gold": "D", "pred": "D", "correct": true}
{"task": "sciq", "id": "226", "gold": "A", "pred": "A", "correct": true}
{"task": "sciq", "id": "635", "gold": "D", "pred": "D", "correct": true}
{"task": "sciq", "id": "465", "gold": "C", "pred": "C", "correct": true}
{"task": "sciq", "id": "923", "gold": "A", "pred": "A", "correct": true}
{"task": "sciq", "id": "25", "gold": "C", "pred": "D", "correct": false}
{"task": "sciq", "id": "108", "gold": "C", "pred": "C", "correct": true}
{"task": "sciq", "id": "87", "gold": "B", "pred": "B", "correct": true}
{"task": "sciq", "id": "727", "gold": "D", "pred": "D", "correct": true}
{"task": "sciq", "id": "510", "gold": "D", "pred": "D", "correct": true}
{"task": "sciq", "id": "431", "gold": "A", "pred": "A", "correct": true}
{"task": "sciq", "id": "20", "gold": "D", "pred": "D", "correct": true}
{"task": "sciq", "id": "524", "gold": "C", "pred": "C", "correct": true}
{"task": "sciq", "id": "642", "gold": "A", "pred": "B", "correct": false}
{"task": "sciq", "id": "751", "gold": "D", "pred": "A", "correct": false}
{"task": "sciq", "id": "441", "gold": "B", "pred": "B", "correct": true}
{"task": "sciq", "id": "367", "gold": "B", "pred": "B", "correct": true}
{"task": "sciq", "id": "789", "gold": "C", "pred": "C", "correct": true}
{"task": "sciq", "id": "58", "gold": "D", "pred": "D", "correct": true}
{"task": "sciq", "id": "210", "gold": "B", "pred": "B", "correct": true}
{"task": "sciq", "id": "801", "gold": "C", "pred": "C", "correct": true}
{"task": "sciq", "id": "36", "gold": "B", "pred": "D", "correct": false}
{"task": "sciq", "id": "603", "gold": "A", "pred": "A", "correct": true}
{"task": "sciq", "id": "377", "gold": "A", "pred": "A", "correct": true}
{"task": "sciq", "id": "673", "gold": "D", "pred": "D", "correct": true}
{"task": "sciq", "id": "176", "gold": "A", "pred": "A", "correct": true}
{"task": "sciq", "id": "221", "gold": "B", "pred": "B", "correct": true}
{"task": "sciq", "id": "994", "gold": "C", "pred": "C", "correct": true}
{"task": "sciq", "id": "752", "gold": "B", "pred": "B", "correct": true}
{"task": "sciq", "id": "371", "gold": "C", "pred": "C", "correct": true}
{"task": "sciq", "id": "579", "gold": "A", "pred": "A", "correct": true}
{"task": "winogrande", "id": "593", "gold": "A", "pred": "A", "correct": true}
{"task": "winogrande", "id": "171", "gold": "A", "pred": "A", "correct": true}
{"task": "winogrande", "id": "34", "gold": "B", "pred": "B", "correct": true}
{"task": "winogrande", "id": "1212", "gold": "B", "pred": "B", "correct": true}
{"task": "winogrande", "id": "628", "gold": "A", "pred": "B", "correct": false}
{"task": "winogrande", "id": "867", "gold": "A", "pred": "A", "correct": true}
{"task": "winogrande", "id": "776", "gold": "A", "pred": "A", "correct": true}
{"task": "winogrande", "id": "1085", "gold": "A", "pred": "B", "correct": false}
{"task": "winogrande", "id": "733", "gold": "A", "pred": "A", "correct": true}
{"task": "winogrande", "id": "266", "gold": "B", "pred": "B", "correct": true}
{"task": "winogrande", "id": "393", "gold": "B", "pred": "B", "correct": true}
{"task": "winogrande", "id": "547", "gold": "A", "pred": "A", "correct": true}
{"task": "winogrande", "id": "910", "gold": "A", "pred": "A", "correct": true}
{"task": "winogrande", "id": "28", "gold": "A", "pred": "A", "correct": true}
{"task": "winogrande", "id": "452", "gold": "A", "pred": "A", "correct": true}
{"task": "winogrande", "id": "931", "gold": "B", "pred": "A", "correct": false}
{"task": "winogrande", "id": "50", "gold": "A", "pred": "A", "correct": true}
{"task": "winogrande", "id": "216", "gold": "A", "pred": "A", "correct": true}
{"task": "winogrande", "id": "175", "gold": "B", "pred": "B", "correct": true}
{"task": "winogrande", "id": "1020", "gold": "B", "pred": "A", "correct": false}
{"task": "winogrande", "id": "862", "gold": "A", "pred": "A", "correct": true}
{"task": "winogrande", "id": "40", "gold": "A", "pred": "A", "correct": true}
{"task": "winogrande", "id": "1049", "gold": "A", "pred": "B", "correct": false}
{"task": "winogrande", "id": "883", "gold": "B", "pred": "B", "correct": true}
{"task": "winogrande", "id": "735", "gold": "B", "pred": "B", "correct": true}
{"task": "winogrande", "id": "117", "gold": "B", "pred": "B", "correct": true}
{"task": "winogrande", "id": "421", "gold": "B", "pred": "B", "correct": true}
{"task": "winogrande", "id": "72", "gold": "A", "pred": "A", "correct": true}
{"task": "winogrande", "id": "1206", "gold": "A", "pred": "A", "correct": true}
{"task": "winogrande", "id": "755", "gold": "A", "pred": "A", "correct": true}
{"task": "winogrande", "id": "352", "gold": "B", "pred": "A", "correct": false}
{"task": "winogrande", "id": "442", "gold": "B", "pred": "A", "correct": false}
{"task": "winogrande", "id": "742", "gold": "A", "pred": "B", "correct": false}
{"task": "winogrande", "id": "1158", "gold": "B", "pred": "B", "correct": true}
{"task": "winogrande", "id": "1171", "gold": "B", "pred": "B", "correct": true}
{"task": "winogrande", "id": "576", "gold": "A", "pred": "A", "correct": true}
{"task": "winogrande", "id": "643", "gold": "A", "pred": "B", "correct": false}
{"task": "winogrande", "id": "1173", "gold": "B", "pred": "B", "correct": true}
{"task": "winogrande", "id": "970", "gold": "A", "pred": "A", "correct": true}
{"task": "winogrande", "id": "363", "gold": "A", "pred": "A", "correct": true}
{"task": "winogrande", "id": "989", "gold": "A", "pred": "A", "correct": true}
{"task": "winogrande", "id": "1209", "gold": "B", "pred": "B", "correct": true}
{"task": "winogrande", "id": "916", "gold": "A", "pred": "A", "correct": true}
{"task": "winogrande", "id": "335", "gold": "A", "pred": "A", "correct": true}
{"task": "winogrande", "id": "372", "gold": "B", "pred": "B", "correct": true}
{"task": "winogrande", "id": "365", "gold": "B", "pred": "B", "correct": true}
{"task": "winogrande", "id": "1092", "gold": "B", "pred": "A", "correct": false}
{"task": "winogrande", "id": "662", "gold": "A", "pred": "B", "correct": false}
{"task": "winogrande", "id": "1065", "gold": "B", "pred": "B", "correct": true}
{"task": "winogrande", "id": "400", "gold": "B", "pred": "B", "correct": true}
{"task": "commonsenseqa", "id": "8b25332de2894ab38784235838d38cec", "gold": "E", "pred": "E", "correct": true}
{"task": "commonsenseqa", "id": "8ea5720718c0e122efa6277edb511569", "gold": "D", "pred": "D", "correct": true}
{"task": "commonsenseqa", "id": "4acd496cc78d96c2431279a5fd87de7c", "gold": "E", "pred": "E", "correct": true}
{"task": "commonsenseqa", "id": "01794dde3ca2991615f1aa2f63fb22e3", "gold": "E", "pred": "E", "correct": true}
{"task": "commonsenseqa", "id": "41bab71fea3fa04e5a4e10a2f86996df", "gold": "E", "pred": "E", "correct": true}
{"task": "commonsenseqa", "id": "c7ce02d9365fe9275f88338ad51cbde6", "gold": "A", "pred": "A", "correct": true}
{"task": "commonsenseqa", "id": "c9f7d07e6d363a99f5fadd68a4dfa35a", "gold": "B", "pred": "B", "correct": true}
{"task": "commonsenseqa", "id": "29c194d032a266a7160bff6f546a4d9d", "gold": "D", "pred": "D", "correct": true}
{"task": "commonsenseqa", "id": "32d5b7fcae24f0d4871cfb219c5a4b47", "gold": "C", "pred": "C", "correct": true}
{"task": "commonsenseqa", "id": "46351b3a6beb694c5f623583a3b1473d", "gold": "B", "pred": "B", "correct": true}
{"task": "commonsenseqa", "id": "5a50ea4bb2d13dc4f620ebd45025d445", "gold": "E", "pred": "E", "correct": true}
{"task": "commonsenseqa", "id": "5c2bc4335c8860342ec2d568ceb6ac6b", "gold": "C", "pred": "E", "correct": false}
{"task": "commonsenseqa", "id": "b3dc6d6a5e2f9d7da8eb72816c80b3f8_1", "gold": "A", "pred": "A", "correct": true}
{"task": "commonsenseqa", "id": "9889e5389917d812c09d6e5d382d333d", "gold": "B", "pred": "B", "correct": true}
{"task": "commonsenseqa", "id": "4ef3d70648ee3cea028bc5ed0fdfda28", "gold": "C", "pred": "C", "correct": true}
{"task": "commonsenseqa", "id": "359aed918343d228e67cef329b693904", "gold": "C", "pred": "C", "correct": true}
{"task": "commonsenseqa", "id": "011096bcfff30fd38046cf9db3a411c5", "gold": "C", "pred": "C", "correct": true}
{"task": "commonsenseqa", "id": "0f2377604e628c55ba588366139396b9", "gold": "E", "pred": "D", "correct": false}
{"task": "commonsenseqa", "id": "900492bd731f8f615ed7c08155737d44", "gold": "E", "pred": "E", "correct": true}
{"task": "commonsenseqa", "id": "0b52cc905fff0ca69a45e6353d10e401", "gold": "D", "pred": "D", "correct": true}
{"task": "commonsenseqa", "id": "6f48ee564a48293eb501cc0d8197bdd9", "gold": "C", "pred": "B", "correct": false}
{"task": "commonsenseqa", "id": "ba640b9634ad6b4ad98b17b4f152e562", "gold": "B", "pred": "B", "correct": true}
{"task": "commonsenseqa", "id": "5d4233146435ab0ca211e8ac9bfce76f", "gold": "A", "pred": "A", "correct": true}
{"task": "commonsenseqa", "id": "bd773d64f4e22db2358c6e00cbdf2d83", "gold": "A", "pred": "A", "correct": true}
{"task": "commonsenseqa", "id": "ef3d5d35128678937c36438466e0fc93", "gold": "E", "pred": "E", "correct": true}
{"task": "commonsenseqa", "id": "9dffd2021771e0ecddb19031acf3701b", "gold": "C", "pred": "B", "correct": false}
{"task": "commonsenseqa", "id": "8b3b598a647dfd2d63fcedce5f461040", "gold": "A", "pred": "A", "correct": true}
{"task": "commonsenseqa", "id": "821b32d39f57396979069b948030afe9", "gold": "D", "pred": "D", "correct": true}
{"task": "commonsenseqa", "id": "8f2976690c83be6b8fa3a1196dfd9722", "gold": "E", "pred": "E", "correct": true}
{"task": "commonsenseqa", "id": "66bfb6e209c94e6be5b0d04b0c7e2064", "gold": "C", "pred": "C", "correct": true}
{"task": "commonsenseqa", "id": "0bf4d64ad0eee7224acb3a4eb85accb2", "gold": "B", "pred": "B", "correct": true}
{"task": "commonsenseqa", "id": "ec86900559a0faf2aef066e511a4cfa6", "gold": "B", "pred": "B", "correct": true}
{"task": "commonsenseqa", "id": "7c45033e9fd9f1a759923971b14390ed", "gold": "E", "pred": "E", "correct": true}
{"task": "commonsenseqa", "id": "0f7425ecbe369bf41a230aab92d84132", "gold": "B", "pred": "C", "correct": false}
{"task": "commonsenseqa", "id": "42520bf3f93f8de23670044e019001a3", "gold": "E", "pred": "E", "correct": true}
{"task": "commonsenseqa", "id": "07fd8b0aed06406fedb137d11b07a890", "gold": "D", "pred": "C", "correct": false}
{"task": "commonsenseqa", "id": "3eb397b96b6c3a245c81ab30205943f1", "gold": "C", "pred": "C", "correct": true}
{"task": "commonsenseqa", "id": "ed50555f8db2b8f66caf9868dcd7e13b", "gold": "A", "pred": "A", "correct": true}
{"task": "commonsenseqa", "id": "ec224c1dbfb569cce7ec317fe987ae68", "gold": "B", "pred": "A", "correct": false}
{"task": "commonsenseqa", "id": "42c46e28baf0fc617a07419286178c0a", "gold": "E", "pred": "E", "correct": true}
{"task": "commonsenseqa", "id": "cf8e30dd6956d03e3f0f0397112a8696", "gold": "A", "pred": "A", "correct": true}
{"task": "commonsenseqa", "id": "549cf641318edfc0510fa7c7dbb359e1", "gold": "C", "pred": "C", "correct": true}
{"task": "commonsenseqa", "id": "5c171b9837af49211891ce40e4a10204", "gold": "D", "pred": "D", "correct": true}
{"task": "commonsenseqa", "id": "303aedda3a5ab8d853cbe4edc4b914c6", "gold": "C", "pred": "C", "correct": true}
{"task": "commonsenseqa", "id": "1d8d9e3504c8c58a3b923ddc155c19b0", "gold": "B", "pred": "B", "correct": true}
{"task": "commonsenseqa", "id": "8b23cd355ffc8b6e7aa5459ffb21b4e0", "gold": "B", "pred": "E", "correct": false}
{"task": "commonsenseqa", "id": "d78baca23e0a636a8961e17119047e63", "gold": "C", "pred": "C", "correct": true}
{"task": "commonsenseqa", "id": "a5dcac512870e79f5aa2b22dbd662404", "gold": "B", "pred": "B", "correct": true}
{"task": "commonsenseqa", "id": "c7526b682e64f355384631b35cd78fc9", "gold": "B", "pred": "B", "correct": true}
{"task": "commonsenseqa", "id": "1ef68db97654f30cd3701b942fadc934", "gold": "B", "pred": "B", "correct": true}
{"task": "arc_challenge", "id": "593", "gold": "A", "pred": "A", "correct": true}
{"task": "arc_challenge", "id": "171", "gold": "D", "pred": "D", "correct": true}
{"task": "arc_challenge", "id": "34", "gold": "A", "pred": "C", "correct": false}
{"task": "arc_challenge", "id": "628", "gold": "C", "pred": "C", "correct": true}
{"task": "arc_challenge", "id": "867", "gold": "C", "pred": "C", "correct": true}
{"task": "arc_challenge", "id": "776", "gold": "A", "pred": "A", "correct": true}
{"task": "arc_challenge", "id": "1085", "gold": "A", "pred": "A", "correct": true}
{"task": "arc_challenge", "id": "733", "gold": "C", "pred": "C", "correct": true}
{"task": "arc_challenge", "id": "266", "gold": "A", "pred": "A", "correct": true}
{"task": "arc_challenge", "id": "393", "gold": "B", "pred": "B", "correct": true}
{"task": "arc_challenge", "id": "547", "gold": "C", "pred": "C", "correct": true}
{"task": "arc_challenge", "id": "910", "gold": "D", "pred": "D", "correct": true}
{"task": "arc_challenge", "id": "28", "gold": "C", "pred": "C", "correct": true}
{"task": "arc_challenge", "id": "452", "gold": "D", "pred": "B", "correct": false}
{"task": "arc_challenge", "id": "931", "gold": "B", "pred": "C", "correct": false}
{"task": "arc_challenge", "id": "50", "gold": "D", "pred": "D", "correct": true}
{"task": "arc_challenge", "id": "216", "gold": "D", "pred": "D", "correct": true}
{"task": "arc_challenge", "id": "175", "gold": "A", "pred": "B", "correct": false}
{"task": "arc_challenge", "id": "1020", "gold": "C", "pred": "C", "correct": true}
{"task": "arc_challenge", "id": "862", "gold": "D", "pred": "D", "correct": true}
{"task": "arc_challenge", "id": "40", "gold": "C", "pred": "C", "correct": true}
{"task": "arc_challenge", "id": "1049", "gold": "A", "pred": "A", "correct": true}
{"task": "arc_challenge", "id": "883", "gold": "C", "pred": "C", "correct": true}
{"task": "arc_challenge", "id": "735", "gold": "D", "pred": "B", "correct": false}
{"task": "arc_challenge", "id": "117", "gold": "C", "pred": "C", "correct": true}
{"task": "arc_challenge", "id": "421", "gold": "C", "pred": "C", "correct": true}
{"task": "arc_challenge", "id": "72", "gold": "B", "pred": "B", "correct": true}
{"task": "arc_challenge", "id": "755", "gold": "D", "pred": "D", "correct": true}
{"task": "arc_challenge", "id": "352", "gold": "D", "pred": "D", "correct": true}
{"task": "arc_challenge", "id": "442", "gold": "A", "pred": "A", "correct": true}
{"task": "arc_challenge", "id": "742", "gold": "B", "pred": "B", "correct": true}
{"task": "arc_challenge", "id": "1158", "gold": "A", "pred": "A", "correct": true}
{"task": "arc_challenge", "id": "1171", "gold": "A", "pred": "A", "correct": true}
{"task": "arc_challenge", "id": "576", "gold": "A", "pred": "A", "correct": true}
{"task": "arc_challenge", "id": "643", "gold": "B", "pred": "B", "correct": true}
{"task": "arc_challenge", "id": "970", "gold": "A", "pred": "A", "correct": true}
{"task": "arc_challenge", "id": "363", "gold": "A", "pred": "A", "correct": true}
{"task": "arc_challenge", "id": "989", "gold": "D", "pred": "B", "correct": false}
{"task": "arc_challenge", "id": "916", "gold": "B", "pred": "B", "correct": true}
{"task": "arc_challenge", "id": "335", "gold": "D", "pred": "D", "correct": true}
{"task": "arc_challenge", "id": "372", "gold": "B", "pred": "B", "correct": true}
{"task": "arc_challenge", "id": "365", "gold": "B", "pred": "B", "correct": true}
{"task": "arc_challenge", "id": "1092", "gold": "B", "pred": "B", "correct": true}
{"task": "arc_challenge", "id": "662", "gold": "C", "pred": "C", "correct": true}
{"task": "arc_challenge", "id": "1065", "gold": "C", "pred": "B", "correct": false}
{"task": "arc_challenge", "id": "400", "gold": "C", "pred": "C", "correct": true}
{"task": "arc_challenge", "id": "234", "gold": "C", "pred": "C", "correct": true}
{"task": "arc_challenge", "id": "168", "gold": "A", "pred": "A", "correct": true}
{"task": "arc_challenge", "id": "201", "gold": "C", "pred": "C", "correct": true}
{"task": "arc_challenge", "id": "872", "gold": "C", "pred": "C", "correct": true}
{"task": "hellaswag", "id": "4749", "gold": "B", "pred": "B", "correct": true}
{"task": "hellaswag", "id": "1368", "gold": "A", "pred": "A", "correct": true}
{"task": "hellaswag", "id": "279", "gold": "A", "pred": "D", "correct": false}
{"task": "hellaswag", "id": "9699", "gold": "C", "pred": "D", "correct": false}
{"task": "hellaswag", "id": "5025", "gold": "C", "pred": "C", "correct": true}
{"task": "hellaswag", "id": "6942", "gold": "C", "pred": "B", "correct": false}
{"task": "hellaswag", "id": "6212", "gold": "B", "pred": "B", "correct": true}
{"task": "hellaswag", "id": "8684", "gold": "B", "pred": "C", "correct": false}
{"task": "hellaswag", "id": "5866", "gold": "B", "pred": "B", "correct": true}
{"task": "hellaswag", "id": "2134", "gold": "B", "pred": "B", "correct": true}
{"task": "hellaswag", "id": "3145", "gold": "D", "pred": "D", "correct": true}
{"task": "hellaswag", "id": "4380", "gold": "A", "pred": "C", "correct": false}
{"task": "hellaswag", "id": "7283", "gold": "B", "pred": "D", "correct": false}
{"task": "hellaswag", "id": "230", "gold": "B", "pred": "D", "correct": false}
{"task": "hellaswag", "id": "3621", "gold": "A", "pred": "B", "correct": false}
{"task": "hellaswag", "id": "7455", "gold": "D", "pred": "D", "correct": true}
{"task": "hellaswag", "id": "405", "gold": "C", "pred": "C", "correct": true}
{"task": "hellaswag", "id": "1735", "gold": "A", "pred": "B", "correct": false}
{"task": "hellaswag", "id": "1405", "gold": "C", "pred": "C", "correct": true}
{"task": "hellaswag", "id": "8163", "gold": "A", "pred": "A", "correct": true}
{"task": "hellaswag", "id": "6901", "gold": "B", "pred": "B", "correct": true}
{"task": "hellaswag", "id": "320", "gold": "D", "pred": "D", "correct": true}
{"task": "hellaswag", "id": "8398", "gold": "B", "pred": "B", "correct": true}
{"task": "hellaswag", "id": "7066", "gold": "A", "pred": "A", "correct": true}
{"task": "hellaswag", "id": "5881", "gold": "A", "pred": "A", "correct": true}
{"task": "hellaswag", "id": "942", "gold": "C", "pred": "C", "correct": true}
{"task": "hellaswag", "id": "3368", "gold": "C", "pred": "C", "correct": true}
{"task": "hellaswag", "id": "578", "gold": "D", "pred": "A", "correct": false}
{"task": "hellaswag", "id": "9652", "gold": "D", "pred": "C", "correct": false}
{"task": "hellaswag", "id": "6047", "gold": "B", "pred": "B", "correct": true}
{"task": "hellaswag", "id": "2816", "gold": "C", "pred": "C", "correct": true}
{"task": "hellaswag", "id": "3539", "gold": "B", "pred": "B", "correct": true}
{"task": "hellaswag", "id": "5943", "gold": "B", "pred": "B", "correct": true}
{"task": "hellaswag", "id": "9265", "gold": "B", "pred": "A", "correct": false}
{"task": "hellaswag", "id": "6040", "gold": "C", "pred": "C", "correct": true}
{"task": "hellaswag", "id": "9372", "gold": "B", "pred": "B", "correct": true}
{"task": "hellaswag", "id": "4608", "gold": "C", "pred": "A", "correct": false}
{"task": "hellaswag", "id": "5150", "gold": "B", "pred": "B", "correct": true}
{"task": "hellaswag", "id": "9387", "gold": "C", "pred": "C", "correct": true}
{"task": "hellaswag", "id": "1404", "gold": "D", "pred": "D", "correct": true}
{"task": "hellaswag", "id": "7767", "gold": "B", "pred": "B", "correct": true}
{"task": "hellaswag", "id": "2910", "gold": "C", "pred": "C", "correct": true}
{"task": "hellaswag", "id": "7914", "gold": "B", "pred": "B", "correct": true}
{"task": "hellaswag", "id": "9676", "gold": "D", "pred": "D", "correct": true}
{"task": "hellaswag", "id": "7331", "gold": "A", "pred": "B", "correct": false}
{"task": "hellaswag", "id": "2680", "gold": "C", "pred": "C", "correct": true}
{"task": "hellaswag", "id": "2982", "gold": "B", "pred": "B", "correct": true}
{"task": "hellaswag", "id": "2925", "gold": "B", "pred": "D", "correct": false}
{"task": "hellaswag", "id": "8742", "gold": "D", "pred": "D", "correct": true}
{"task": "hellaswag", "id": "5298", "gold": "D", "pred": "D", "correct": true}
{"task": "boolq", "id": "3192", "gold": "yes", "pred": "yes", "correct": true}
{"task": "boolq", "id": "1187", "gold": "no", "pred": "no", "correct": true}
{"task": "boolq", "id": "342", "gold": "yes", "pred": "no", "correct": false}
{"task": "boolq", "id": "69", "gold": "yes", "pred": "yes", "correct": true}
{"task": "boolq", "id": "2424", "gold": "yes", "pred": "yes", "correct": true}
{"task": "boolq", "id": "1256", "gold": "no", "pred": "no", "correct": true}
{"task": "boolq", "id": "1735", "gold": "no", "pred": "no", "correct": true}
{"task": "boolq", "id": "1553", "gold": "no", "pred": "no", "correct": true}
{"task": "boolq", "id": "2171", "gold": "no", "pred": "yes", "correct": false}
{"task": "boolq", "id": "1466", "gold": "yes", "pred": "yes", "correct": true}
{"task": "boolq", "id": "533", "gold": "no", "pred": "yes", "correct": false}
{"task": "boolq", "id": "2973", "gold": "yes", "pred": "yes", "correct": true}
{"task": "boolq", "id": "786", "gold": "no", "pred": "yes", "correct": false}
{"task": "boolq", "id": "1095", "gold": "yes", "pred": "yes", "correct": true}
{"task": "boolq", "id": "1820", "gold": "yes", "pred": "no", "correct": false}
{"task": "boolq", "id": "57", "gold": "yes", "pred": "yes", "correct": true}
{"task": "boolq", "id": "905", "gold": "yes", "pred": "yes", "correct": true}
{"task": "boolq", "id": "2540", "gold": "no", "pred": "no", "correct": true}
{"task": "boolq", "id": "1863", "gold": "yes", "pred": "yes", "correct": true}
{"task": "boolq", "id": "101", "gold": "no", "pred": "yes", "correct": false}
{"task": "boolq", "id": "433", "gold": "no", "pred": "no", "correct": true}
{"task": "boolq", "id": "351", "gold": "no", "pred": "no", "correct": true}
{"task": "boolq", "id": "2908", "gold": "no", "pred": "no", "correct": true}
{"task": "boolq", "id": "2040", "gold": "yes", "pred": "yes", "correct": true}
{"task": "boolq", "id": "1725", "gold": "no", "pred": "yes", "correct": false}
{"task": "boolq", "id": "80", "gold": "no", "pred": "no", "correct": true}
{"task": "boolq", "id": "2099", "gold": "yes", "pred": "yes", "correct": true}
{"task": "boolq", "id": "2570", "gold": "no", "pred": "no", "correct": true}
{"task": "boolq", "id": "3007", "gold": "no", "pred": "no", "correct": true}
{"task": "boolq", "id": "1766", "gold": "yes", "pred": "yes", "correct": true}
{"task": "boolq", "id": "1470", "gold": "no", "pred": "no", "correct": true}
{"task": "boolq", "id": "3157", "gold": "yes", "pred": "yes", "correct": true}
{"task": "boolq", "id": "235", "gold": "no", "pred": "no", "correct": true}
{"task": "boolq", "id": "842", "gold": "yes", "pred": "yes", "correct": true}
{"task": "boolq", "id": "3207", "gold": "no", "pred": "no", "correct": true}
{"task": "boolq", "id": "144", "gold": "no", "pred": "no", "correct": true}
{"task": "boolq", "id": "2413", "gold": "yes", "pred": "yes", "correct": true}
{"task": "boolq", "id": "1511", "gold": "yes", "pred": "yes", "correct": true}
{"task": "boolq", "id": "2694", "gold": "no", "pred": "no", "correct": true}
{"task": "boolq", "id": "704", "gold": "yes", "pred": "yes", "correct": true}
{"task": "boolq", "id": "2543", "gold": "yes", "pred": "yes", "correct": true}
{"task": "boolq", "id": "884", "gold": "no", "pred": "no", "correct": true}
{"task": "boolq", "id": "3011", "gold": "yes", "pred": "yes", "correct": true}
{"task": "boolq", "id": "1485", "gold": "yes", "pred": "yes", "correct": true}
{"task": "boolq", "id": "2316", "gold": "no", "pred": "no", "correct": true}
{"task": "boolq", "id": "3112", "gold": "no", "pred": "no", "correct": true}
{"task": "boolq", "id": "1510", "gold": "yes", "pred": "yes", "correct": true}
{"task": "boolq", "id": "2343", "gold": "yes", "pred": "yes", "correct": true}
{"task": "boolq", "id": "1152", "gold": "yes", "pred": "yes", "correct": true}
{"task": "boolq", "id": "2705", "gold": "yes", "pred": "no", "correct": false}
{
  "mmlu_pro": {
    "accuracy": 0.38,
    "n": 50,
    "seconds": 94.31899452209473,
    "peak_mem_gb": 15.53784990310669
  },
  "pubmedqa": {
    "accuracy": 0.74,
    "n": 50,
    "seconds": 109.29311037063599,
    "peak_mem_gb": 15.483989238739014
  },
  "ceval_computer_network": {
    "accuracy": 0.6,
    "n": 50,
    "seconds": 58.37385559082031,
    "peak_mem_gb": 15.15539026260376
  },
  "sciq": {
    "accuracy": 0.88,
    "n": 50,
    "seconds": 59.87390947341919,
    "peak_mem_gb": 15.132664203643799
  },
  "winogrande": {
    "accuracy": 0.78,
    "n": 50,
    "seconds": 59.63199496269226,
    "peak_mem_gb": 15.101815223693848
  },
  "commonsenseqa": {
    "accuracy": 0.84,
    "n": 50,
    "seconds": 59.728352308273315,
    "peak_mem_gb": 15.122297763824463
  },
  "arc_challenge": {
    "accuracy": 0.86,
    "n": 50,
    "seconds": 58.241326332092285,
    "peak_mem_gb": 15.156818866729736
  },
  "hellaswag": {
    "accuracy": 0.7,
    "n": 50,
    "seconds": 77.14102411270142,
    "peak_mem_gb": 15.266828536987305
  },
  "boolq": {
    "accuracy": 0.84,
    "n": 50,
    "seconds": 69.91733050346375,
    "peak_mem_gb": 15.349694728851318
  }
}
[Wed Jun 10 03:29:56 CST 2026] train dora_vanilla variant=dora mode=vanilla steps=100
Loading checkpoint shards:   0%|          | 0/6 [00:00<?, ?it/s]Loading checkpoint shards: 100%|██████████| 6/6 [00:00<00:00, 163.49it/s]
gradient_checkpointing skipped: LLaDAModelLM does not support gradient checkpointing.
trainable params: 11,272,192 || all params: 8,026,853,376 || trainable%: 0.1404
{"step": 1, "loss": 0.035245638340711594, "choice_loss": 0.0005279577453620732, "denoise_loss": 0.035245638340711594, "consistency_loss": 0.0}
{"step": 10, "loss": 0.4369864761829376, "choice_loss": 0.42870065569877625, "denoise_loss": 0.4369864761829376, "consistency_loss": 0.0}
{"step": 20, "loss": 0.07387299090623856, "choice_loss": 0.0697668120265007, "denoise_loss": 0.07387299090623856, "consistency_loss": 0.0}
{"step": 30, "loss": 0.6573857069015503, "choice_loss": 0.6353616118431091, "denoise_loss": 0.6573857069015503, "consistency_loss": 0.0}
{"step": 40, "loss": 0.014233144000172615, "choice_loss": 0.012241940945386887, "denoise_loss": 0.014233144000172615, "consistency_loss": 0.0}
{"step": 50, "loss": 1.3718695640563965, "choice_loss": 1.3396656513214111, "denoise_loss": 1.3718695640563965, "consistency_loss": 0.0}
{"step": 60, "loss": 0.005742955021560192, "choice_loss": 0.0023258081637322903, "denoise_loss": 0.005742955021560192, "consistency_loss": 0.0}
{"step": 70, "loss": 0.0030725435353815556, "choice_loss": 0.0021983047481626272, "denoise_loss": 0.0030725435353815556, "consistency_loss": 0.0}
{"step": 80, "loss": 0.036983001977205276, "choice_loss": 0.03458451107144356, "denoise_loss": 0.036983001977205276, "consistency_loss": 0.0}
{"step": 90, "loss": 1.5677026510238647, "choice_loss": 1.5639148950576782, "denoise_loss": 1.5677026510238647, "consistency_loss": 0.0}
{"step": 100, "loss": 0.0019154074834659696, "choice_loss": 0.0008562712464481592, "denoise_loss": 0.0019154074834659696, "consistency_loss": 0.0}
[Wed Jun 10 03:34:31 CST 2026] eval dora_vanilla
Loading checkpoint shards:   0%|          | 0/6 [00:00<?, ?it/s]Loading checkpoint shards: 100%|██████████| 6/6 [00:00<00:00, 164.73it/s]
{"task": "mmlu_pro", "id": "4888", "gold": "H", "pred": "H", "correct": true}
{"task": "mmlu_pro", "id": "1458", "gold": "C", "pred": "I", "correct": false}
{"task": "mmlu_pro", "id": "351", "gold": "H", "pred": "H", "correct": true}
{"task": "mmlu_pro", "id": "9891", "gold": "I", "pred": "I", "correct": true}
{"task": "mmlu_pro", "id": "5167", "gold": "B", "pred": "B", "correct": true}
{"task": "mmlu_pro", "id": "7112", "gold": "G", "pred": "A", "correct": false}
{"task": "mmlu_pro", "id": "6376", "gold": "E", "pred": "E", "correct": true}
{"task": "mmlu_pro", "id": "8872", "gold": "A", "pred": "C", "correct": false}
{"task": "mmlu_pro", "id": "6026", "gold": "A", "pred": "F", "correct": false}
{"task": "mmlu_pro", "id": "2234", "gold": "C", "pred": "I", "correct": false}
{"task": "mmlu_pro", "id": "12119", "gold": "F", "pred": "I", "correct": false}
{"task": "mmlu_pro", "id": "3266", "gold": "J", "pred": "B", "correct": false}
{"task": "mmlu_pro", "id": "4512", "gold": "D", "pred": "D", "correct": true}
{"task": "mmlu_pro", "id": "7463", "gold": "D", "pred": "D", "correct": true}
{"task": "mmlu_pro", "id": "302", "gold": "H", "pred": "H", "correct": true}
{"task": "mmlu_pro", "id": "3744", "gold": "A", "pred": "I", "correct": false}
{"task": "mmlu_pro", "id": "10362", "gold": "A", "pred": "C", "correct": false}
{"task": "mmlu_pro", "id": "7638", "gold": "E", "pred": "E", "correct": true}
{"task": "mmlu_pro", "id": "479", "gold": "B", "pred": "D", "correct": false}
{"task": "mmlu_pro", "id": "1830", "gold": "I", "pred": "D", "correct": false}
{"task": "mmlu_pro", "id": "1496", "gold": "C", "pred": "D", "correct": false}
{"task": "mmlu_pro", "id": "11856", "gold": "I", "pred": "I", "correct": true}
{"task": "mmlu_pro", "id": "8350", "gold": "I", "pred": "I", "correct": true}
{"task": "mmlu_pro", "id": "7071", "gold": "F", "pred": "E", "correct": false}
{"task": "mmlu_pro", "id": "393", "gold": "J", "pred": "J", "correct": true}
{"task": "mmlu_pro", "id": "8585", "gold": "C", "pred": "D", "correct": false}
{"task": "mmlu_pro", "id": "10488", "gold": "D", "pred": "D", "correct": true}
{"task": "mmlu_pro", "id": "12254", "gold": "F", "pred": "F", "correct": true}
{"task": "mmlu_pro", "id": "7239", "gold": "F", "pred": "I", "correct": false}
{"task": "mmlu_pro", "id": "6041", "gold": "B", "pred": "H", "correct": false}
{"task": "mmlu_pro", "id": "1021", "gold": "E", "pred": "H", "correct": false}
{"task": "mmlu_pro", "id": "3489", "gold": "I", "pred": "I", "correct": true}
{"task": "mmlu_pro", "id": "654", "gold": "A", "pred": "A", "correct": true}
{"task": "mmlu_pro", "id": "9843", "gold": "A", "pred": "I", "correct": false}
{"task": "mmlu_pro", "id": "6209", "gold": "I", "pred": "I", "correct": true}
{"task": "mmlu_pro", "id": "10994", "gold": "E", "pred": "B", "correct": false}
{"task": "mmlu_pro", "id": "2934", "gold": "F", "pred": "F", "correct": true}
{"task": "mmlu_pro", "id": "10376", "gold": "A", "pred": "H", "correct": false}
{"task": "mmlu_pro", "id": "3660", "gold": "B", "pred": "F", "correct": false}
{"task": "mmlu_pro", "id": "6104", "gold": "I", "pred": "B", "correct": false}
{"task": "mmlu_pro", "id": "9454", "gold": "I", "pred": "D", "correct": false}
{"task": "mmlu_pro", "id": "6202", "gold": "F", "pred": "G", "correct": false}
{"task": "mmlu_pro", "id": "9561", "gold": "F", "pred": "H", "correct": false}
{"task": "mmlu_pro", "id": "4740", "gold": "C", "pred": "A", "correct": false}
{"task": "mmlu_pro", "id": "11039", "gold": "D", "pred": "J", "correct": false}
{"task": "mmlu_pro", "id": "5292", "gold": "C", "pred": "D", "correct": false}
{"task": "mmlu_pro", "id": "9576", "gold": "B", "pred": "H", "correct": false}
{"task": "mmlu_pro", "id": "1495", "gold": "D", "pred": "H", "correct": false}
{"task": "mmlu_pro", "id": "7950", "gold": "C", "pred": "I", "correct": false}
{"task": "mmlu_pro", "id": "3028", "gold": "D", "pred": "D", "correct": true}
Using the latest cached version of the dataset since qiaojin/PubMedQA couldn't be found on the Hugging Face Hub
Found the latest cached dataset configuration 'pqa_labeled' at /root/.cache/huggingface/datasets/qiaojin___pub_med_qa/pqa_labeled/0.0.0/9001f2853fb87cab8d220904e0de81ac6973b318 (last modified on Tue Jun  9 21:22:06 2026).
{"task": "pubmedqa", "id": "24098953", "gold": "yes", "pred": "yes", "correct": true}
{"task": "pubmedqa", "id": "25103647", "gold": "maybe", "pred": "yes", "correct": false}
{"task": "pubmedqa", "id": "23972333", "gold": "yes", "pred": "yes", "correct": true}
{"task": "pubmedqa", "id": "10759659", "gold": "yes", "pred": "yes", "correct": true}
{"task": "pubmedqa", "id": "21880023", "gold": "no", "pred": "yes", "correct": false}
{"task": "pubmedqa", "id": "14627582", "gold": "no", "pred": "yes", "correct": false}
{"task": "pubmedqa", "id": "22427593", "gold": "maybe", "pred": "yes", "correct": false}
{"task": "pubmedqa", "id": "17096624", "gold": "yes", "pred": "yes", "correct": true}
{"task": "pubmedqa", "id": "20497146", "gold": "yes", "pred": "yes", "correct": true}
{"task": "pubmedqa", "id": "15939071", "gold": "yes", "pred": "yes", "correct": true}
{"task": "pubmedqa", "id": "17259061", "gold": "yes", "pred": "yes", "correct": true}
{"task": "pubmedqa", "id": "21346501", "gold": "yes", "pred": "yes", "correct": true}
{"task": "pubmedqa", "id": "26818046", "gold": "yes", "pred": "yes", "correct": true}
{"task": "pubmedqa", "id": "26548832", "gold": "yes", "pred": "yes", "correct": true}
{"task": "pubmedqa", "id": "25311479", "gold": "yes", "pred": "yes", "correct": true}
{"task": "pubmedqa", "id": "23088164", "gold": "no", "pred": "no", "correct": true}
{"task": "pubmedqa", "id": "18714572", "gold": "maybe", "pred": "yes", "correct": false}
{"task": "pubmedqa", "id": "14551704", "gold": "yes", "pred": "yes", "correct": true}
{"task": "pubmedqa", "id": "20353735", "gold": "no", "pred": "no", "correct": true}
{"task": "pubmedqa", "id": "24866606", "gold": "yes", "pred": "yes", "correct": true}
{"task": "pubmedqa", "id": "22236315", "gold": "no", "pred": "yes", "correct": false}
{"task": "pubmedqa", "id": "12970636", "gold": "no", "pred": "yes", "correct": false}
{"task": "pubmedqa", "id": "10490564", "gold": "yes", "pred": "yes", "correct": true}
{"task": "pubmedqa", "id": "9722752", "gold": "yes", "pred": "yes", "correct": true}
{"task": "pubmedqa", "id": "10966943", "gold": "no", "pred": "no", "correct": true}
{"task": "pubmedqa", "id": "27217036", "gold": "yes", "pred": "no", "correct": false}
{"task": "pubmedqa", "id": "19757704", "gold": "yes", "pred": "yes", "correct": true}
{"task": "pubmedqa", "id": "24599411", "gold": "yes", "pred": "yes", "correct": true}
{"task": "pubmedqa", "id": "19419587", "gold": "yes", "pred": "yes", "correct": true}
{"task": "pubmedqa", "id": "10158597", "gold": "yes", "pred": "yes", "correct": true}
{"task": "pubmedqa", "id": "19394934", "gold": "yes", "pred": "no", "correct": false}
{"task": "pubmedqa", "id": "14976655", "gold": "yes", "pred": "no", "correct": false}
{"task": "pubmedqa", "id": "26175531", "gold": "no", "pred": "no", "correct": true}
{"task": "pubmedqa", "id": "12790890", "gold": "maybe", "pred": "no", "correct": false}
{"task": "pubmedqa", "id": "14631523", "gold": "no", "pred": "no", "correct": true}
{"task": "pubmedqa", "id": "15879722", "gold": "yes", "pred": "yes", "correct": true}
{"task": "pubmedqa", "id": "18319270", "gold": "no", "pred": "no", "correct": true}
{"task": "pubmedqa", "id": "14612308", "gold": "no", "pred": "yes", "correct": false}
{"task": "pubmedqa", "id": "25488308", "gold": "no", "pred": "yes", "correct": false}
{"task": "pubmedqa", "id": "18802997", "gold": "maybe", "pred": "yes", "correct": false}
{"task": "pubmedqa", "id": "8847047", "gold": "no", "pred": "no", "correct": true}
{"task": "pubmedqa", "id": "25255719", "gold": "yes", "pred": "no", "correct": false}
{"task": "pubmedqa", "id": "19852337", "gold": "yes", "pred": "yes", "correct": true}
{"task": "pubmedqa", "id": "2503176", "gold": "yes", "pred": "yes", "correct": true}
{"task": "pubmedqa", "id": "25156467", "gold": "yes", "pred": "yes", "correct": true}
{"task": "pubmedqa", "id": "26485091", "gold": "no", "pred": "no", "correct": true}
{"task": "pubmedqa", "id": "10456814", "gold": "no", "pred": "no", "correct": true}
{"task": "pubmedqa", "id": "23449952", "gold": "no", "pred": "no", "correct": true}
{"task": "pubmedqa", "id": "18948835", "gold": "yes", "pred": "yes", "correct": true}
{"task": "pubmedqa", "id": "17089900", "gold": "yes", "pred": "yes", "correct": true}
{"task": "ceval_computer_network", "id": "74", "gold": "B", "pred": "C", "correct": false}
{"task": "ceval_computer_network", "id": "21", "gold": "C", "pred": "C", "correct": true}
{"task": "ceval_computer_network", "id": "4", "gold": "A", "pred": "A", "correct": true}
{"task": "ceval_computer_network", "id": "151", "gold": "C", "pred": "C", "correct": true}
{"task": "ceval_computer_network", "id": "78", "gold": "D", "pred": "C", "correct": false}
{"task": "ceval_computer_network", "id": "108", "gold": "A", "pred": "A", "correct": true}
{"task": "ceval_computer_network", "id": "97", "gold": "B", "pred": "B", "correct": true}
{"task": "ceval_computer_network", "id": "135", "gold": "A", "pred": "A", "correct": true}
{"task": "ceval_computer_network", "id": "91", "gold": "B", "pred": "A", "correct": false}
{"task": "ceval_computer_network", "id": "33", "gold": "A", "pred": "B", "correct": false}
{"task": "ceval_computer_network", "id": "49", "gold": "B", "pred": "B", "correct": true}
{"task": "ceval_computer_network", "id": "68", "gold": "C", "pred": "C", "correct": true}
{"task": "ceval_computer_network", "id": "113", "gold": "D", "pred": "B", "correct": false}
{"task": "ceval_computer_network", "id": "3", "gold": "C", "pred": "C", "correct": true}
{"task": "ceval_computer_network", "id": "56", "gold": "A", "pred": "A", "correct": true}
{"task": "ceval_computer_network", "id": "116", "gold": "B", "pred": "D", "correct": false}
{"task": "ceval_computer_network", "id": "6", "gold": "C", "pred": "C", "correct": true}
{"task": "ceval_computer_network", "id": "27", "gold": "C", "pred": "C", "correct": true}
{"task": "ceval_computer_network", "id": "169", "gold": "D", "pred": "C", "correct": false}
{"task": "ceval_computer_network", "id": "127", "gold": "B", "pred": "B", "correct": true}
{"task": "ceval_computer_network", "id": "107", "gold": "D", "pred": "C", "correct": false}
{"task": "ceval_computer_network", "id": "5", "gold": "D", "pred": "B", "correct": false}
{"task": "ceval_computer_network", "id": "131", "gold": "A", "pred": "A", "correct": true}
{"task": "ceval_computer_network", "id": "110", "gold": "D", "pred": "D", "correct": true}
{"task": "ceval_computer_network", "id": "162", "gold": "A", "pred": "A", "correct": true}
{"task": "ceval_computer_network", "id": "14", "gold": "B", "pred": "C", "correct": false}
{"task": "ceval_computer_network", "id": "52", "gold": "D", "pred": "D", "correct": true}
{"task": "ceval_computer_network", "id": "9", "gold": "D", "pred": "A", "correct": false}
{"task": "ceval_computer_network", "id": "94", "gold": "B", "pred": "D", "correct": false}
{"task": "ceval_computer_network", "id": "44", "gold": "D", "pred": "D", "correct": true}
{"task": "ceval_computer_network", "id": "55", "gold": "B", "pred": "A", "correct": false}
{"task": "ceval_computer_network", "id": "92", "gold": "B", "pred": "B", "correct": true}
{"task": "ceval_computer_network", "id": "142", "gold": "B", "pred": "B", "correct": true}
{"task": "ceval_computer_network", "id": "72", "gold": "C", "pred": "C", "correct": true}
{"task": "ceval_computer_network", "id": "80", "gold": "D", "pred": "D", "correct": true}
{"task": "ceval_computer_network", "id": "152", "gold": "B", "pred": "B", "correct": true}
{"task": "ceval_computer_network", "id": "121", "gold": "C", "pred": "C", "correct": true}
{"task": "ceval_computer_network", "id": "45", "gold": "A", "pred": "A", "correct": true}
{"task": "ceval_computer_network", "id": "123", "gold": "B", "pred": "B", "correct": true}
{"task": "ceval_computer_network", "id": "114", "gold": "C", "pred": "B", "correct": false}
{"task": "ceval_computer_network", "id": "41", "gold": "A", "pred": "A", "correct": true}
{"task": "ceval_computer_network", "id": "46", "gold": "C", "pred": "C", "correct": true}
{"task": "ceval_computer_network", "id": "133", "gold": "D", "pred": "B", "correct": false}
{"task": "ceval_computer_network", "id": "82", "gold": "D", "pred": "A", "correct": false}
{"task": "ceval_computer_network", "id": "86", "gold": "A", "pred": "B", "correct": false}
{"task": "ceval_computer_network", "id": "104", "gold": "A", "pred": "D", "correct": false}
{"task": "ceval_computer_network", "id": "66", "gold": "B", "pred": "D", "correct": false}
{"task": "ceval_computer_network", "id": "25", "gold": "B", "pred": "A", "correct": false}
{"task": "ceval_computer_network", "id": "170", "gold": "A", "pred": "B", "correct": false}
{"task": "ceval_computer_network", "id": "145", "gold": "A", "pred": "A", "correct": true}
Using the latest cached version of the dataset since allenai/sciq couldn't be found on the Hugging Face Hub
Found the latest cached dataset configuration 'default' at /root/.cache/huggingface/datasets/allenai___sciq/default/0.0.0/2c94ad3e1aafab77146f384e23536f97a4849815 (last modified on Tue Jun  9 21:22:56 2026).
{"task": "sciq", "id": "947", "gold": "C", "pred": "C", "correct": true}
{"task": "sciq", "id": "798", "gold": "B", "pred": "B", "correct": true}
{"task": "sciq", "id": "971", "gold": "B", "pred": "B", "correct": true}
{"task": "sciq", "id": "296", "gold": "D", "pred": "D", "correct": true}
{"task": "sciq", "id": "913", "gold": "D", "pred": "D", "correct": true}
{"task": "sciq", "id": "849", "gold": "A", "pred": "A", "correct": true}
{"task": "sciq", "id": "85", "gold": "A", "pred": "A", "correct": true}
{"task": "sciq", "id": "17", "gold": "B", "pred": "B", "correct": true}
{"task": "sciq", "id": "606", "gold": "B", "pred": "D", "correct": false}
{"task": "sciq", "id": "314", "gold": "B", "pred": "B", "correct": true}
{"task": "sciq", "id": "433", "gold": "B", "pred": "B", "correct": true}
{"task": "sciq", "id": "388", "gold": "D", "pred": "D", "correct": true}
{"task": "sciq", "id": "542", "gold": "C", "pred": "C", "correct": true}
{"task": "sciq", "id": "366", "gold": "A", "pred": "A", "correct": true}
{"task": "sciq", "id": "133", "gold": "D", "pred": "D", "correct": true}
{"task": "sciq", "id": "743", "gold": "D", "pred": "D", "correct": true}
{"task": "sciq", "id": "196", "gold": "C", "pred": "C", "correct": true}
{"task": "sciq", "id": "273", "gold": "C", "pred": "C", "correct": true}
{"task": "sciq", "id": "455", "gold": "A", "pred": "A", "correct": true}
{"task": "sciq", "id": "14", "gold": "D", "pred": "D", "correct": true}
{"task": "sciq", "id": "226", "gold": "A", "pred": "A", "correct": true}
{"task": "sciq", "id": "635", "gold": "D", "pred": "D", "correct": true}
{"task": "sciq", "id": "465", "gold": "C", "pred": "C", "correct": true}
{"task": "sciq", "id": "923", "gold": "A", "pred": "A", "correct": true}
{"task": "sciq", "id": "25", "gold": "C", "pred": "D", "correct": false}
{"task": "sciq", "id": "108", "gold": "C", "pred": "C", "correct": true}
{"task": "sciq", "id": "87", "gold": "B", "pred": "B", "correct": true}
{"task": "sciq", "id": "727", "gold": "D", "pred": "D", "correct": true}
{"task": "sciq", "id": "510", "gold": "D", "pred": "D", "correct": true}
{"task": "sciq", "id": "431", "gold": "A", "pred": "A", "correct": true}
{"task": "sciq", "id": "20", "gold": "D", "pred": "D", "correct": true}
{"task": "sciq", "id": "524", "gold": "C", "pred": "C", "correct": true}
{"task": "sciq", "id": "642", "gold": "A", "pred": "B", "correct": false}
{"task": "sciq", "id": "751", "gold": "D", "pred": "A", "correct": false}
{"task": "sciq", "id": "441", "gold": "B", "pred": "B", "correct": true}
{"task": "sciq", "id": "367", "gold": "B", "pred": "B", "correct": true}
{"task": "sciq", "id": "789", "gold": "C", "pred": "C", "correct": true}
{"task": "sciq", "id": "58", "gold": "D", "pred": "D", "correct": true}
{"task": "sciq", "id": "210", "gold": "B", "pred": "B", "correct": true}
{"task": "sciq", "id": "801", "gold": "C", "pred": "C", "correct": true}
{"task": "sciq", "id": "36", "gold": "B", "pred": "D", "correct": false}
{"task": "sciq", "id": "603", "gold": "A", "pred": "A", "correct": true}
{"task": "sciq", "id": "377", "gold": "A", "pred": "A", "correct": true}
{"task": "sciq", "id": "673", "gold": "D", "pred": "D", "correct": true}
{"task": "sciq", "id": "176", "gold": "A", "pred": "A", "correct": true}
{"task": "sciq", "id": "221", "gold": "B", "pred": "B", "correct": true}
{"task": "sciq", "id": "994", "gold": "C", "pred": "C", "correct": true}
{"task": "sciq", "id": "752", "gold": "B", "pred": "B", "correct": true}
{"task": "sciq", "id": "371", "gold": "C", "pred": "D", "correct": false}
{"task": "sciq", "id": "579", "gold": "A", "pred": "A", "correct": true}
Using the latest cached version of the dataset since allenai/winogrande couldn't be found on the Hugging Face Hub
Found the latest cached dataset configuration 'winogrande_xl' at /root/.cache/huggingface/datasets/allenai___winogrande/winogrande_xl/0.0.0/01e74176c63542e6b0bcb004dcdea22d94fb67b5 (last modified on Tue Jun  9 21:23:22 2026).
{"task": "winogrande", "id": "593", "gold": "A", "pred": "B", "correct": false}
{"task": "winogrande", "id": "171", "gold": "A", "pred": "A", "correct": true}
{"task": "winogrande", "id": "34", "gold": "B", "pred": "B", "correct": true}
{"task": "winogrande", "id": "1212", "gold": "B", "pred": "B", "correct": true}
{"task": "winogrande", "id": "628", "gold": "A", "pred": "B", "correct": false}
{"task": "winogrande", "id": "867", "gold": "A", "pred": "A", "correct": true}
{"task": "winogrande", "id": "776", "gold": "A", "pred": "A", "correct": true}
{"task": "winogrande", "id": "1085", "gold": "A", "pred": "B", "correct": false}
{"task": "winogrande", "id": "733", "gold": "A", "pred": "A", "correct": true}
{"task": "winogrande", "id": "266", "gold": "B", "pred": "B", "correct": true}
{"task": "winogrande", "id": "393", "gold": "B", "pred": "B", "correct": true}
{"task": "winogrande", "id": "547", "gold": "A", "pred": "A", "correct": true}
{"task": "winogrande", "id": "910", "gold": "A", "pred": "B", "correct": false}
{"task": "winogrande", "id": "28", "gold": "A", "pred": "A", "correct": true}
{"task": "winogrande", "id": "452", "gold": "A", "pred": "A", "correct": true}
{"task": "winogrande", "id": "931", "gold": "B", "pred": "A", "correct": false}
{"task": "winogrande", "id": "50", "gold": "A", "pred": "A", "correct": true}
{"task": "winogrande", "id": "216", "gold": "A", "pred": "A", "correct": true}
{"task": "winogrande", "id": "175", "gold": "B", "pred": "B", "correct": true}
{"task": "winogrande", "id": "1020", "gold": "B", "pred": "A", "correct": false}
{"task": "winogrande", "id": "862", "gold": "A", "pred": "A", "correct": true}
{"task": "winogrande", "id": "40", "gold": "A", "pred": "A", "correct": true}
{"task": "winogrande", "id": "1049", "gold": "A", "pred": "B", "correct": false}
{"task": "winogrande", "id": "883", "gold": "B", "pred": "B", "correct": true}
{"task": "winogrande", "id": "735", "gold": "B", "pred": "B", "correct": true}
{"task": "winogrande", "id": "117", "gold": "B", "pred": "B", "correct": true}
{"task": "winogrande", "id": "421", "gold": "B", "pred": "A", "correct": false}
{"task": "winogrande", "id": "72", "gold": "A", "pred": "A", "correct": true}
{"task": "winogrande", "id": "1206", "gold": "A", "pred": "A", "correct": true}
{"task": "winogrande", "id": "755", "gold": "A", "pred": "A", "correct": true}
{"task": "winogrande", "id": "352", "gold": "B", "pred": "A", "correct": false}
{"task": "winogrande", "id": "442", "gold": "B", "pred": "A", "correct": false}
{"task": "winogrande", "id": "742", "gold": "A", "pred": "B", "correct": false}
{"task": "winogrande", "id": "1158", "gold": "B", "pred": "B", "correct": true}
{"task": "winogrande", "id": "1171", "gold": "B", "pred": "B", "correct": true}
{"task": "winogrande", "id": "576", "gold": "A", "pred": "A", "correct": true}
{"task": "winogrande", "id": "643", "gold": "A", "pred": "B", "correct": false}
{"task": "winogrande", "id": "1173", "gold": "B", "pred": "B", "correct": true}
{"task": "winogrande", "id": "970", "gold": "A", "pred": "A", "correct": true}
{"task": "winogrande", "id": "363", "gold": "A", "pred": "A", "correct": true}
{"task": "winogrande", "id": "989", "gold": "A", "pred": "A", "correct": true}
{"task": "winogrande", "id": "1209", "gold": "B", "pred": "B", "correct": true}
{"task": "winogrande", "id": "916", "gold": "A", "pred": "A", "correct": true}
{"task": "winogrande", "id": "335", "gold": "A", "pred": "A", "correct": true}
{"task": "winogrande", "id": "372", "gold": "B", "pred": "B", "correct": true}
{"task": "winogrande", "id": "365", "gold": "B", "pred": "B", "correct": true}
{"task": "winogrande", "id": "1092", "gold": "B", "pred": "A", "correct": false}
{"task": "winogrande", "id": "662", "gold": "A", "pred": "B", "correct": false}
{"task": "winogrande", "id": "1065", "gold": "B", "pred": "B", "correct": true}
{"task": "winogrande", "id": "400", "gold": "B", "pred": "B", "correct": true}
{"task": "commonsenseqa", "id": "8b25332de2894ab38784235838d38cec", "gold": "E", "pred": "E", "correct": true}
{"task": "commonsenseqa", "id": "8ea5720718c0e122efa6277edb511569", "gold": "D", "pred": "D", "correct": true}
{"task": "commonsenseqa", "id": "4acd496cc78d96c2431279a5fd87de7c", "gold": "E", "pred": "E", "correct": true}
{"task": "commonsenseqa", "id": "01794dde3ca2991615f1aa2f63fb22e3", "gold": "E", "pred": "E", "correct": true}
{"task": "commonsenseqa", "id": "41bab71fea3fa04e5a4e10a2f86996df", "gold": "E", "pred": "E", "correct": true}
{"task": "commonsenseqa", "id": "c7ce02d9365fe9275f88338ad51cbde6", "gold": "A", "pred": "A", "correct": true}
{"task": "commonsenseqa", "id": "c9f7d07e6d363a99f5fadd68a4dfa35a", "gold": "B", "pred": "B", "correct": true}
{"task": "commonsenseqa", "id": "29c194d032a266a7160bff6f546a4d9d", "gold": "D", "pred": "D", "correct": true}
{"task": "commonsenseqa", "id": "32d5b7fcae24f0d4871cfb219c5a4b47", "gold": "C", "pred": "E", "correct": false}
{"task": "commonsenseqa", "id": "46351b3a6beb694c5f623583a3b1473d", "gold": "B", "pred": "B", "correct": true}
{"task": "commonsenseqa", "id": "5a50ea4bb2d13dc4f620ebd45025d445", "gold": "E", "pred": "E", "correct": true}
{"task": "commonsenseqa", "id": "5c2bc4335c8860342ec2d568ceb6ac6b", "gold": "C", "pred": "C", "correct": true}
{"task": "commonsenseqa", "id": "b3dc6d6a5e2f9d7da8eb72816c80b3f8_1", "gold": "A", "pred": "A", "correct": true}
{"task": "commonsenseqa", "id": "9889e5389917d812c09d6e5d382d333d", "gold": "B", "pred": "B", "correct": true}
{"task": "commonsenseqa", "id": "4ef3d70648ee3cea028bc5ed0fdfda28", "gold": "C", "pred": "C", "correct": true}
{"task": "commonsenseqa", "id": "359aed918343d228e67cef329b693904", "gold": "C", "pred": "C", "correct": true}
{"task": "commonsenseqa", "id": "011096bcfff30fd38046cf9db3a411c5", "gold": "C", "pred": "C", "correct": true}
{"task": "commonsenseqa", "id": "0f2377604e628c55ba588366139396b9", "gold": "E", "pred": "D", "correct": false}
{"task": "commonsenseqa", "id": "900492bd731f8f615ed7c08155737d44", "gold": "E", "pred": "E", "correct": true}
{"task": "commonsenseqa", "id": "0b52cc905fff0ca69a45e6353d10e401", "gold": "D", "pred": "D", "correct": true}
{"task": "commonsenseqa", "id": "6f48ee564a48293eb501cc0d8197bdd9", "gold": "C", "pred": "B", "correct": false}
{"task": "commonsenseqa", "id": "ba640b9634ad6b4ad98b17b4f152e562", "gold": "B", "pred": "B", "correct": true}
{"task": "commonsenseqa", "id": "5d4233146435ab0ca211e8ac9bfce76f", "gold": "A", "pred": "A", "correct": true}
{"task": "commonsenseqa", "id": "bd773d64f4e22db2358c6e00cbdf2d83", "gold": "A", "pred": "A", "correct": true}
{"task": "commonsenseqa", "id": "ef3d5d35128678937c36438466e0fc93", "gold": "E", "pred": "E", "correct": true}
{"task": "commonsenseqa", "id": "9dffd2021771e0ecddb19031acf3701b", "gold": "C", "pred": "B", "correct": false}
{"task": "commonsenseqa", "id": "8b3b598a647dfd2d63fcedce5f461040", "gold": "A", "pred": "A", "correct": true}
{"task": "commonsenseqa", "id": "821b32d39f57396979069b948030afe9", "gold": "D", "pred": "D", "correct": true}
{"task": "commonsenseqa", "id": "8f2976690c83be6b8fa3a1196dfd9722", "gold": "E", "pred": "E", "correct": true}
{"task": "commonsenseqa", "id": "66bfb6e209c94e6be5b0d04b0c7e2064", "gold": "C", "pred": "C", "correct": true}
{"task": "commonsenseqa", "id": "0bf4d64ad0eee7224acb3a4eb85accb2", "gold": "B", "pred": "B", "correct": true}
{"task": "commonsenseqa", "id": "ec86900559a0faf2aef066e511a4cfa6", "gold": "B", "pred": "B", "correct": true}
{"task": "commonsenseqa", "id": "7c45033e9fd9f1a759923971b14390ed", "gold": "E", "pred": "E", "correct": true}
{"task": "commonsenseqa", "id": "0f7425ecbe369bf41a230aab92d84132", "gold": "B", "pred": "B", "correct": true}
{"task": "commonsenseqa", "id": "42520bf3f93f8de23670044e019001a3", "gold": "E", "pred": "E", "correct": true}
{"task": "commonsenseqa", "id": "07fd8b0aed06406fedb137d11b07a890", "gold": "D", "pred": "C", "correct": false}
{"task": "commonsenseqa", "id": "3eb397b96b6c3a245c81ab30205943f1", "gold": "C", "pred": "C", "correct": true}
{"task": "commonsenseqa", "id": "ed50555f8db2b8f66caf9868dcd7e13b", "gold": "A", "pred": "A", "correct": true}
{"task": "commonsenseqa", "id": "ec224c1dbfb569cce7ec317fe987ae68", "gold": "B", "pred": "B", "correct": true}
{"task": "commonsenseqa", "id": "42c46e28baf0fc617a07419286178c0a", "gold": "E", "pred": "E", "correct": true}
{"task": "commonsenseqa", "id": "cf8e30dd6956d03e3f0f0397112a8696", "gold": "A", "pred": "A", "correct": true}
{"task": "commonsenseqa", "id": "549cf641318edfc0510fa7c7dbb359e1", "gold": "C", "pred": "C", "correct": true}
{"task": "commonsenseqa", "id": "5c171b9837af49211891ce40e4a10204", "gold": "D", "pred": "D", "correct": true}
{"task": "commonsenseqa", "id": "303aedda3a5ab8d853cbe4edc4b914c6", "gold": "C", "pred": "C", "correct": true}
{"task": "commonsenseqa", "id": "1d8d9e3504c8c58a3b923ddc155c19b0", "gold": "B", "pred": "B", "correct": true}
{"task": "commonsenseqa", "id": "8b23cd355ffc8b6e7aa5459ffb21b4e0", "gold": "B", "pred": "E", "correct": false}
{"task": "commonsenseqa", "id": "d78baca23e0a636a8961e17119047e63", "gold": "C", "pred": "C", "correct": true}
{"task": "commonsenseqa", "id": "a5dcac512870e79f5aa2b22dbd662404", "gold": "B", "pred": "B", "correct": true}
{"task": "commonsenseqa", "id": "c7526b682e64f355384631b35cd78fc9", "gold": "B", "pred": "B", "correct": true}
{"task": "commonsenseqa", "id": "1ef68db97654f30cd3701b942fadc934", "gold": "B", "pred": "B", "correct": true}
{"task": "arc_challenge", "id": "593", "gold": "A", "pred": "A", "correct": true}
{"task": "arc_challenge", "id": "171", "gold": "D", "pred": "D", "correct": true}
{"task": "arc_challenge", "id": "34", "gold": "A", "pred": "A", "correct": true}
{"task": "arc_challenge", "id": "628", "gold": "C", "pred": "C", "correct": true}
{"task": "arc_challenge", "id": "867", "gold": "C", "pred": "C", "correct": true}
{"task": "arc_challenge", "id": "776", "gold": "A", "pred": "A", "correct": true}
{"task": "arc_challenge", "id": "1085", "gold": "A", "pred": "A", "correct": true}
{"task": "arc_challenge", "id": "733", "gold": "C", "pred": "C", "correct": true}
{"task": "arc_challenge", "id": "266", "gold": "A", "pred": "A", "correct": true}
{"task": "arc_challenge", "id": "393", "gold": "B", "pred": "B", "correct": true}
{"task": "arc_challenge", "id": "547", "gold": "C", "pred": "C", "correct": true}
{"task": "arc_challenge", "id": "910", "gold": "D", "pred": "D", "correct": true}
{"task": "arc_challenge", "id": "28", "gold": "C", "pred": "C", "correct": true}
{"task": "arc_challenge", "id": "452", "gold": "D", "pred": "B", "correct": false}
{"task": "arc_challenge", "id": "931", "gold": "B", "pred": "C", "correct": false}
{"task": "arc_challenge", "id": "50", "gold": "D", "pred": "D", "correct": true}
{"task": "arc_challenge", "id": "216", "gold": "D", "pred": "D", "correct": true}
{"task": "arc_challenge", "id": "175", "gold": "A", "pred": "B", "correct": false}
{"task": "arc_challenge", "id": "1020", "gold": "C", "pred": "C", "correct": true}
{"task": "arc_challenge", "id": "862", "gold": "D", "pred": "D", "correct": true}
{"task": "arc_challenge", "id": "40", "gold": "C", "pred": "C", "correct": true}
{"task": "arc_challenge", "id": "1049", "gold": "A", "pred": "A", "correct": true}
{"task": "arc_challenge", "id": "883", "gold": "C", "pred": "C", "correct": true}
{"task": "arc_challenge", "id": "735", "gold": "D", "pred": "B", "correct": false}
{"task": "arc_challenge", "id": "117", "gold": "C", "pred": "C", "correct": true}
{"task": "arc_challenge", "id": "421", "gold": "C", "pred": "C", "correct": true}
{"task": "arc_challenge", "id": "72", "gold": "B", "pred": "B", "correct": true}
{"task": "arc_challenge", "id": "755", "gold": "D", "pred": "D", "correct": true}
{"task": "arc_challenge", "id": "352", "gold": "D", "pred": "D", "correct": true}
{"task": "arc_challenge", "id": "442", "gold": "A", "pred": "A", "correct": true}
{"task": "arc_challenge", "id": "742", "gold": "B", "pred": "D", "correct": false}
{"task": "arc_challenge", "id": "1158", "gold": "A", "pred": "A", "correct": true}
{"task": "arc_challenge", "id": "1171", "gold": "A", "pred": "A", "correct": true}
{"task": "arc_challenge", "id": "576", "gold": "A", "pred": "A", "correct": true}
{"task": "arc_challenge", "id": "643", "gold": "B", "pred": "B", "correct": true}
{"task": "arc_challenge", "id": "970", "gold": "A", "pred": "A", "correct": true}
{"task": "arc_challenge", "id": "363", "gold": "A", "pred": "A", "correct": true}
{"task": "arc_challenge", "id": "989", "gold": "D", "pred": "D", "correct": true}
{"task": "arc_challenge", "id": "916", "gold": "B", "pred": "B", "correct": true}
{"task": "arc_challenge", "id": "335", "gold": "D", "pred": "D", "correct": true}
{"task": "arc_challenge", "id": "372", "gold": "B", "pred": "B", "correct": true}
{"task": "arc_challenge", "id": "365", "gold": "B", "pred": "B", "correct": true}
{"task": "arc_challenge", "id": "1092", "gold": "B", "pred": "B", "correct": true}
{"task": "arc_challenge", "id": "662", "gold": "C", "pred": "C", "correct": true}
{"task": "arc_challenge", "id": "1065", "gold": "C", "pred": "B", "correct": false}
{"task": "arc_challenge", "id": "400", "gold": "C", "pred": "B", "correct": false}
{"task": "arc_challenge", "id": "234", "gold": "C", "pred": "C", "correct": true}
{"task": "arc_challenge", "id": "168", "gold": "A", "pred": "A", "correct": true}
{"task": "arc_challenge", "id": "201", "gold": "C", "pred": "C", "correct": true}
{"task": "arc_challenge", "id": "872", "gold": "C", "pred": "C", "correct": true}
{"task": "hellaswag", "id": "4749", "gold": "B", "pred": "B", "correct": true}
{"task": "hellaswag", "id": "1368", "gold": "A", "pred": "A", "correct": true}
{"task": "hellaswag", "id": "279", "gold": "A", "pred": "D", "correct": false}
{"task": "hellaswag", "id": "9699", "gold": "C", "pred": "C", "correct": true}
{"task": "hellaswag", "id": "5025", "gold": "C", "pred": "C", "correct": true}
{"task": "hellaswag", "id": "6942", "gold": "C", "pred": "B", "correct": false}
{"task": "hellaswag", "id": "6212", "gold": "B", "pred": "B", "correct": true}
{"task": "hellaswag", "id": "8684", "gold": "B", "pred": "C", "correct": false}
{"task": "hellaswag", "id": "5866", "gold": "B", "pred": "B", "correct": true}
{"task": "hellaswag", "id": "2134", "gold": "B", "pred": "B", "correct": true}
{"task": "hellaswag", "id": "3145", "gold": "D", "pred": "D", "correct": true}
{"task": "hellaswag", "id": "4380", "gold": "A", "pred": "C", "correct": false}
{"task": "hellaswag", "id": "7283", "gold": "B", "pred": "D", "correct": false}
{"task": "hellaswag", "id": "230", "gold": "B", "pred": "D", "correct": false}
{"task": "hellaswag", "id": "3621", "gold": "A", "pred": "B", "correct": false}
{"task": "hellaswag", "id": "7455", "gold": "D", "pred": "D", "correct": true}
{"task": "hellaswag", "id": "405", "gold": "C", "pred": "C", "correct": true}
{"task": "hellaswag", "id": "1735", "gold": "A", "pred": "B", "correct": false}
{"task": "hellaswag", "id": "1405", "gold": "C", "pred": "C", "correct": true}
{"task": "hellaswag", "id": "8163", "gold": "A", "pred": "A", "correct": true}
{"task": "hellaswag", "id": "6901", "gold": "B", "pred": "B", "correct": true}
{"task": "hellaswag", "id": "320", "gold": "D", "pred": "D", "correct": true}
{"task": "hellaswag", "id": "8398", "gold": "B", "pred": "B", "correct": true}
{"task": "hellaswag", "id": "7066", "gold": "A", "pred": "A", "correct": true}
{"task": "hellaswag", "id": "5881", "gold": "A", "pred": "A", "correct": true}
{"task": "hellaswag", "id": "942", "gold": "C", "pred": "C", "correct": true}
{"task": "hellaswag", "id": "3368", "gold": "C", "pred": "C", "correct": true}
{"task": "hellaswag", "id": "578", "gold": "D", "pred": "C", "correct": false}
{"task": "hellaswag", "id": "9652", "gold": "D", "pred": "D", "correct": true}
{"task": "hellaswag", "id": "6047", "gold": "B", "pred": "B", "correct": true}
{"task": "hellaswag", "id": "2816", "gold": "C", "pred": "D", "correct": false}
{"task": "hellaswag", "id": "3539", "gold": "B", "pred": "B", "correct": true}
{"task": "hellaswag", "id": "5943", "gold": "B", "pred": "B", "correct": true}
{"task": "hellaswag", "id": "9265", "gold": "B", "pred": "A", "correct": false}
{"task": "hellaswag", "id": "6040", "gold": "C", "pred": "C", "correct": true}
{"task": "hellaswag", "id": "9372", "gold": "B", "pred": "B", "correct": true}
{"task": "hellaswag", "id": "4608", "gold": "C", "pred": "A", "correct": false}
{"task": "hellaswag", "id": "5150", "gold": "B", "pred": "B", "correct": true}
{"task": "hellaswag", "id": "9387", "gold": "C", "pred": "C", "correct": true}
{"task": "hellaswag", "id": "1404", "gold": "D", "pred": "D", "correct": true}
{"task": "hellaswag", "id": "7767", "gold": "B", "pred": "B", "correct": true}
{"task": "hellaswag", "id": "2910", "gold": "C", "pred": "C", "correct": true}
{"task": "hellaswag", "id": "7914", "gold": "B", "pred": "B", "correct": true}
{"task": "hellaswag", "id": "9676", "gold": "D", "pred": "D", "correct": true}
{"task": "hellaswag", "id": "7331", "gold": "A", "pred": "B", "correct": false}
{"task": "hellaswag", "id": "2680", "gold": "C", "pred": "C", "correct": true}
{"task": "hellaswag", "id": "2982", "gold": "B", "pred": "B", "correct": true}
{"task": "hellaswag", "id": "2925", "gold": "B", "pred": "D", "correct": false}
{"task": "hellaswag", "id": "8742", "gold": "D", "pred": "D", "correct": true}
{"task": "hellaswag", "id": "5298", "gold": "D", "pred": "D", "correct": true}
{"task": "boolq", "id": "3192", "gold": "yes", "pred": "yes", "correct": true}
{"task": "boolq", "id": "1187", "gold": "no", "pred": "no", "correct": true}
{"task": "boolq", "id": "342", "gold": "yes", "pred": "no", "correct": false}
{"task": "boolq", "id": "69", "gold": "yes", "pred": "yes", "correct": true}
{"task": "boolq", "id": "2424", "gold": "yes", "pred": "yes", "correct": true}
{"task": "boolq", "id": "1256", "gold": "no", "pred": "no", "correct": true}
{"task": "boolq", "id": "1735", "gold": "no", "pred": "no", "correct": true}
{"task": "boolq", "id": "1553", "gold": "no", "pred": "no", "correct": true}
{"task": "boolq", "id": "2171", "gold": "no", "pred": "yes", "correct": false}
{"task": "boolq", "id": "1466", "gold": "yes", "pred": "yes", "correct": true}
{"task": "boolq", "id": "533", "gold": "no", "pred": "no", "correct": true}
{"task": "boolq", "id": "2973", "gold": "yes", "pred": "yes", "correct": true}
{"task": "boolq", "id": "786", "gold": "no", "pred": "no", "correct": true}
{"task": "boolq", "id": "1095", "gold": "yes", "pred": "yes", "correct": true}
{"task": "boolq", "id": "1820", "gold": "yes", "pred": "no", "correct": false}
{"task": "boolq", "id": "57", "gold": "yes", "pred": "yes", "correct": true}
{"task": "boolq", "id": "905", "gold": "yes", "pred": "yes", "correct": true}
{"task": "boolq", "id": "2540", "gold": "no", "pred": "no", "correct": true}
{"task": "boolq", "id": "1863", "gold": "yes", "pred": "yes", "correct": true}
{"task": "boolq", "id": "101", "gold": "no", "pred": "yes", "correct": false}
{"task": "boolq", "id": "433", "gold": "no", "pred": "no", "correct": true}
{"task": "boolq", "id": "351", "gold": "no", "pred": "no", "correct": true}
{"task": "boolq", "id": "2908", "gold": "no", "pred": "no", "correct": true}
{"task": "boolq", "id": "2040", "gold": "yes", "pred": "yes", "correct": true}
{"task": "boolq", "id": "1725", "gold": "no", "pred": "yes", "correct": false}
{"task": "boolq", "id": "80", "gold": "no", "pred": "no", "correct": true}
{"task": "boolq", "id": "2099", "gold": "yes", "pred": "yes", "correct": true}
{"task": "boolq", "id": "2570", "gold": "no", "pred": "no", "correct": true}
{"task": "boolq", "id": "3007", "gold": "no", "pred": "no", "correct": true}
{"task": "boolq", "id": "1766", "gold": "yes", "pred": "yes", "correct": true}
{"task": "boolq", "id": "1470", "gold": "no", "pred": "no", "correct": true}
{"task": "boolq", "id": "3157", "gold": "yes", "pred": "yes", "correct": true}
{"task": "boolq", "id": "235", "gold": "no", "pred": "no", "correct": true}
{"task": "boolq", "id": "842", "gold": "yes", "pred": "yes", "correct": true}
{"task": "boolq", "id": "3207", "gold": "no", "pred": "no", "correct": true}
{"task": "boolq", "id": "144", "gold": "no", "pred": "no", "correct": true}
{"task": "boolq", "id": "2413", "gold": "yes", "pred": "yes", "correct": true}
{"task": "boolq", "id": "1511", "gold": "yes", "pred": "yes", "correct": true}
{"task": "boolq", "id": "2694", "gold": "no", "pred": "no", "correct": true}
{"task": "boolq", "id": "704", "gold": "yes", "pred": "yes", "correct": true}
{"task": "boolq", "id": "2543", "gold": "yes", "pred": "yes", "correct": true}
{"task": "boolq", "id": "884", "gold": "no", "pred": "no", "correct": true}
{"task": "boolq", "id": "3011", "gold": "yes", "pred": "yes", "correct": true}
{"task": "boolq", "id": "1485", "gold": "yes", "pred": "yes", "correct": true}
{"task": "boolq", "id": "2316", "gold": "no", "pred": "no", "correct": true}
{"task": "boolq", "id": "3112", "gold": "no", "pred": "no", "correct": true}
{"task": "boolq", "id": "1510", "gold": "yes", "pred": "yes", "correct": true}
{"task": "boolq", "id": "2343", "gold": "yes", "pred": "yes", "correct": true}
{"task": "boolq", "id": "1152", "gold": "yes", "pred": "yes", "correct": true}
{"task": "boolq", "id": "2705", "gold": "yes", "pred": "no", "correct": false}
{
  "mmlu_pro": {
    "accuracy": 0.38,
    "n": 50,
    "seconds": 442.22532749176025,
    "peak_mem_gb": 16.294695377349854
  },
  "pubmedqa": {
    "accuracy": 0.7,
    "n": 50,
    "seconds": 480.67628931999207,
    "peak_mem_gb": 16.2485613822937
  },
  "ceval_computer_network": {
    "accuracy": 0.58,
    "n": 50,
    "seconds": 356.2621262073517,
    "peak_mem_gb": 15.954145908355713
  },
  "sciq": {
    "accuracy": 0.88,
    "n": 50,
    "seconds": 352.49186086654663,
    "peak_mem_gb": 15.931678295135498
  },
  "winogrande": {
    "accuracy": 0.72,
    "n": 50,
    "seconds": 351.62286257743835,
    "peak_mem_gb": 15.904512405395508
  },
  "commonsenseqa": {
    "accuracy": 0.88,
    "n": 50,
    "seconds": 352.1316304206848,
    "peak_mem_gb": 15.923665523529053
  },
  "arc_challenge": {
    "accuracy": 0.86,
    "n": 50,
    "seconds": 355.8053605556488,
    "peak_mem_gb": 15.956717014312744
  },
  "hellaswag": {
    "accuracy": 0.72,
    "n": 50,
    "seconds": 406.5416491031647,
    "peak_mem_gb": 16.052350997924805
  },
  "boolq": {
    "accuracy": 0.88,
    "n": 50,
    "seconds": 387.61302304267883,
    "peak_mem_gb": 16.126248836517334
  }
}
[Wed Jun 10 04:37:53 CST 2026] train loraplus_vanilla variant=loraplus mode=vanilla steps=100
Loading checkpoint shards:   0%|          | 0/6 [00:00<?, ?it/s]Loading checkpoint shards: 100%|██████████| 6/6 [00:00<00:00, 171.63it/s]
gradient_checkpointing skipped: LLaDAModelLM does not support gradient checkpointing.
trainable params: 10,485,760 || all params: 8,026,066,944 || trainable%: 0.1306
LoRA+ optimizer: lr_A=0.0001, lr_B=0.0016, n_A=4,194,304, n_B=6,291,456
{"step": 1, "loss": 0.027861902490258217, "choice_loss": 0.0005062728887423873, "denoise_loss": 0.027861902490258217, "consistency_loss": 0.0}
{"step": 10, "loss": 0.905475378036499, "choice_loss": 0.8981232643127441, "denoise_loss": 0.905475378036499, "consistency_loss": 0.0}
{"step": 20, "loss": 0.11200235038995743, "choice_loss": 0.1072019711136818, "denoise_loss": 0.11200235038995743, "consistency_loss": 0.0}
{"step": 30, "loss": 2.2571232318878174, "choice_loss": 2.2426915168762207, "denoise_loss": 2.2571232318878174, "consistency_loss": 0.0}
{"step": 40, "loss": 0.04385975003242493, "choice_loss": 0.04057244583964348, "denoise_loss": 0.04385975003242493, "consistency_loss": 0.0}
{"step": 50, "loss": 0.8248657584190369, "choice_loss": 0.7917017340660095, "denoise_loss": 0.8248657584190369, "consistency_loss": 0.0}
{"step": 60, "loss": 0.000666277133859694, "choice_loss": 8.487341256113723e-05, "denoise_loss": 0.000666277133859694, "consistency_loss": 0.0}
{"step": 70, "loss": 0.00022110878489911556, "choice_loss": 8.177422569133341e-05, "denoise_loss": 0.00022110878489911556, "consistency_loss": 0.0}
{"step": 80, "loss": 0.030629463493824005, "choice_loss": 0.03040272183716297, "denoise_loss": 0.030629463493824005, "consistency_loss": 0.0}
{"step": 90, "loss": 0.005604980513453484, "choice_loss": 0.005393952131271362, "denoise_loss": 0.005604980513453484, "consistency_loss": 0.0}
{"step": 100, "loss": 0.00011908298620255664, "choice_loss": 1.2993727978027891e-05, "denoise_loss": 0.00011908298620255664, "consistency_loss": 0.0}
[Wed Jun 10 04:39:31 CST 2026] eval loraplus_vanilla
Loading checkpoint shards:   0%|          | 0/6 [00:00<?, ?it/s]Loading checkpoint shards: 100%|██████████| 6/6 [00:00<00:00, 162.71it/s]
{"task": "mmlu_pro", "id": "4888", "gold": "H", "pred": "H", "correct": true}
{"task": "mmlu_pro", "id": "1458", "gold": "C", "pred": "I", "correct": false}
{"task": "mmlu_pro", "id": "351", "gold": "H", "pred": "H", "correct": true}
{"task": "mmlu_pro", "id": "9891", "gold": "I", "pred": "I", "correct": true}
{"task": "mmlu_pro", "id": "5167", "gold": "B", "pred": "B", "correct": true}
{"task": "mmlu_pro", "id": "7112", "gold": "G", "pred": "H", "correct": false}
{"task": "mmlu_pro", "id": "6376", "gold": "E", "pred": "E", "correct": true}
{"task": "mmlu_pro", "id": "8872", "gold": "A", "pred": "A", "correct": true}
{"task": "mmlu_pro", "id": "6026", "gold": "A", "pred": "F", "correct": false}
{"task": "mmlu_pro", "id": "2234", "gold": "C", "pred": "I", "correct": false}
{"task": "mmlu_pro", "id": "12119", "gold": "F", "pred": "J", "correct": false}
{"task": "mmlu_pro", "id": "3266", "gold": "J", "pred": "B", "correct": false}
{"task": "mmlu_pro", "id": "4512", "gold": "D", "pred": "D", "correct": true}
{"task": "mmlu_pro", "id": "7463", "gold": "D", "pred": "D", "correct": true}
{"task": "mmlu_pro", "id": "302", "gold": "H", "pred": "H", "correct": true}
{"task": "mmlu_pro", "id": "3744", "gold": "A", "pred": "I", "correct": false}
{"task": "mmlu_pro", "id": "10362", "gold": "A", "pred": "C", "correct": false}
{"task": "mmlu_pro", "id": "7638", "gold": "E", "pred": "E", "correct": true}
{"task": "mmlu_pro", "id": "479", "gold": "B", "pred": "B", "correct": true}
{"task": "mmlu_pro", "id": "1830", "gold": "I", "pred": "A", "correct": false}
{"task": "mmlu_pro", "id": "1496", "gold": "C", "pred": "C", "correct": true}
{"task": "mmlu_pro", "id": "11856", "gold": "I", "pred": "I", "correct": true}
{"task": "mmlu_pro", "id": "8350", "gold": "I", "pred": "I", "correct": true}
{"task": "mmlu_pro", "id": "7071", "gold": "F", "pred": "E", "correct": false}
{"task": "mmlu_pro", "id": "393", "gold": "J", "pred": "J", "correct": true}
{"task": "mmlu_pro", "id": "8585", "gold": "C", "pred": "J", "correct": false}
{"task": "mmlu_pro", "id": "10488", "gold": "D", "pred": "D", "correct": true}
{"task": "mmlu_pro", "id": "12254", "gold": "F", "pred": "F", "correct": true}
{"task": "mmlu_pro", "id": "7239", "gold": "F", "pred": "F", "correct": true}
{"task": "mmlu_pro", "id": "6041", "gold": "B", "pred": "H", "correct": false}
{"task": "mmlu_pro", "id": "1021", "gold": "E", "pred": "H", "correct": false}
{"task": "mmlu_pro", "id": "3489", "gold": "I", "pred": "I", "correct": true}
{"task": "mmlu_pro", "id": "654", "gold": "A", "pred": "H", "correct": false}
{"task": "mmlu_pro", "id": "9843", "gold": "A", "pred": "J", "correct": false}
{"task": "mmlu_pro", "id": "6209", "gold": "I", "pred": "I", "correct": true}
{"task": "mmlu_pro", "id": "10994", "gold": "E", "pred": "F", "correct": false}
{"task": "mmlu_pro", "id": "2934", "gold": "F", "pred": "A", "correct": false}
{"task": "mmlu_pro", "id": "10376", "gold": "A", "pred": "H", "correct": false}
{"task": "mmlu_pro", "id": "3660", "gold": "B", "pred": "F", "correct": false}
{"task": "mmlu_pro", "id": "6104", "gold": "I", "pred": "I", "correct": true}
{"task": "mmlu_pro", "id": "9454", "gold": "I", "pred": "J", "correct": false}
{"task": "mmlu_pro", "id": "6202", "gold": "F", "pred": "G", "correct": false}
{"task": "mmlu_pro", "id": "9561", "gold": "F", "pred": "J", "correct": false}
{"task": "mmlu_pro", "id": "4740", "gold": "C", "pred": "H", "correct": false}
{"task": "mmlu_pro", "id": "11039", "gold": "D", "pred": "J", "correct": false}
{"task": "mmlu_pro", "id": "5292", "gold": "C", "pred": "A", "correct": false}
{"task": "mmlu_pro", "id": "9576", "gold": "B", "pred": "H", "correct": false}
{"task": "mmlu_pro", "id": "1495", "gold": "D", "pred": "H", "correct": false}
{"task": "mmlu_pro", "id": "7950", "gold": "C", "pred": "J", "correct": false}
{"task": "mmlu_pro", "id": "3028", "gold": "D", "pred": "D", "correct": true}
{"task": "pubmedqa", "id": "24098953", "gold": "yes", "pred": "yes", "correct": true}
{"task": "pubmedqa", "id": "25103647", "gold": "maybe", "pred": "maybe", "correct": true}
{"task": "pubmedqa", "id": "23972333", "gold": "yes", "pred": "yes", "correct": true}
{"task": "pubmedqa", "id": "10759659", "gold": "yes", "pred": "yes", "correct": true}
{"task": "pubmedqa", "id": "21880023", "gold": "no", "pred": "yes", "correct": false}
{"task": "pubmedqa", "id": "14627582", "gold": "no", "pred": "yes", "correct": false}
{"task": "pubmedqa", "id": "22427593", "gold": "maybe", "pred": "yes", "correct": false}
{"task": "pubmedqa", "id": "17096624", "gold": "yes", "pred": "yes", "correct": true}
{"task": "pubmedqa", "id": "20497146", "gold": "yes", "pred": "yes", "correct": true}
{"task": "pubmedqa", "id": "15939071", "gold": "yes", "pred": "yes", "correct": true}
{"task": "pubmedqa", "id": "17259061", "gold": "yes", "pred": "yes", "correct": true}
{"task": "pubmedqa", "id": "21346501", "gold": "yes", "pred": "yes", "correct": true}
{"task": "pubmedqa", "id": "26818046", "gold": "yes", "pred": "yes", "correct": true}
{"task": "pubmedqa", "id": "26548832", "gold": "yes", "pred": "yes", "correct": true}
{"task": "pubmedqa", "id": "25311479", "gold": "yes", "pred": "yes", "correct": true}
{"task": "pubmedqa", "id": "23088164", "gold": "no", "pred": "no", "correct": true}
{"task": "pubmedqa", "id": "18714572", "gold": "maybe", "pred": "yes", "correct": false}
{"task": "pubmedqa", "id": "14551704", "gold": "yes", "pred": "yes", "correct": true}
{"task": "pubmedqa", "id": "20353735", "gold": "no", "pred": "no", "correct": true}
{"task": "pubmedqa", "id": "24866606", "gold": "yes", "pred": "yes", "correct": true}
{"task": "pubmedqa", "id": "22236315", "gold": "no", "pred": "yes", "correct": false}
{"task": "pubmedqa", "id": "12970636", "gold": "no", "pred": "no", "correct": true}
{"task": "pubmedqa", "id": "10490564", "gold": "yes", "pred": "yes", "correct": true}
{"task": "pubmedqa", "id": "9722752", "gold": "yes", "pred": "yes", "correct": true}
{"task": "pubmedqa", "id": "10966943", "gold": "no", "pred": "no", "correct": true}
{"task": "pubmedqa", "id": "27217036", "gold": "yes", "pred": "no", "correct": false}
{"task": "pubmedqa", "id": "19757704", "gold": "yes", "pred": "yes", "correct": true}
{"task": "pubmedqa", "id": "24599411", "gold": "yes", "pred": "yes", "correct": true}
{"task": "pubmedqa", "id": "19419587", "gold": "yes", "pred": "yes", "correct": true}
{"task": "pubmedqa", "id": "10158597", "gold": "yes", "pred": "maybe", "correct": false}
{"task": "pubmedqa", "id": "19394934", "gold": "yes", "pred": "maybe", "correct": false}
{"task": "pubmedqa", "id": "14976655", "gold": "yes", "pred": "maybe", "correct": false}
{"task": "pubmedqa", "id": "26175531", "gold": "no", "pred": "no", "correct": true}
{"task": "pubmedqa", "id": "12790890", "gold": "maybe", "pred": "no", "correct": false}
{"task": "pubmedqa", "id": "14631523", "gold": "no", "pred": "no", "correct": true}
{"task": "pubmedqa", "id": "15879722", "gold": "yes", "pred": "yes", "correct": true}
{"task": "pubmedqa", "id": "18319270", "gold": "no", "pred": "no", "correct": true}
{"task": "pubmedqa", "id": "14612308", "gold": "no", "pred": "maybe", "correct": false}
{"task": "pubmedqa", "id": "25488308", "gold": "no", "pred": "yes", "correct": false}
{"task": "pubmedqa", "id": "18802997", "gold": "maybe", "pred": "yes", "correct": false}
{"task": "pubmedqa", "id": "8847047", "gold": "no", "pred": "no", "correct": true}
{"task": "pubmedqa", "id": "25255719", "gold": "yes", "pred": "yes", "correct": true}
{"task": "pubmedqa", "id": "19852337", "gold": "yes", "pred": "yes", "correct": true}
{"task": "pubmedqa", "id": "2503176", "gold": "yes", "pred": "yes", "correct": true}
{"task": "pubmedqa", "id": "25156467", "gold": "yes", "pred": "yes", "correct": true}
{"task": "pubmedqa", "id": "26485091", "gold": "no", "pred": "no", "correct": true}
{"task": "pubmedqa", "id": "10456814", "gold": "no", "pred": "no", "correct": true}
{"task": "pubmedqa", "id": "23449952", "gold": "no", "pred": "no", "correct": true}
{"task": "pubmedqa", "id": "18948835", "gold": "yes", "pred": "yes", "correct": true}
{"task": "pubmedqa", "id": "17089900", "gold": "yes", "pred": "yes", "correct": true}
{"task": "ceval_computer_network", "id": "74", "gold": "B", "pred": "D", "correct": false}
{"task": "ceval_computer_network", "id": "21", "gold": "C", "pred": "C", "correct": true}
{"task": "ceval_computer_network", "id": "4", "gold": "A", "pred": "D", "correct": false}
{"task": "ceval_computer_network", "id": "151", "gold": "C", "pred": "C", "correct": true}
{"task": "ceval_computer_network", "id": "78", "gold": "D", "pred": "C", "correct": false}
{"task": "ceval_computer_network", "id": "108", "gold": "A", "pred": "A", "correct": true}
{"task": "ceval_computer_network", "id": "97", "gold": "B", "pred": "B", "correct": true}
{"task": "ceval_computer_network", "id": "135", "gold": "A", "pred": "A", "correct": true}
{"task": "ceval_computer_network", "id": "91", "gold": "B", "pred": "A", "correct": false}
{"task": "ceval_computer_network", "id": "33", "gold": "A", "pred": "C", "correct": false}
{"task": "ceval_computer_network", "id": "49", "gold": "B", "pred": "B", "correct": true}
{"task": "ceval_computer_network", "id": "68", "gold": "C", "pred": "C", "correct": true}
{"task": "ceval_computer_network", "id": "113", "gold": "D", "pred": "D", "correct": true}
{"task": "ceval_computer_network", "id": "3", "gold": "C", "pred": "C", "correct": true}
{"task": "ceval_computer_network", "id": "56", "gold": "A", "pred": "A", "correct": true}
{"task": "ceval_computer_network", "id": "116", "gold": "B", "pred": "D", "correct": false}
{"task": "ceval_computer_network", "id": "6", "gold": "C", "pred": "C", "correct": true}
{"task": "ceval_computer_network", "id": "27", "gold": "C", "pred": "C", "correct": true}
{"task": "ceval_computer_network", "id": "169", "gold": "D", "pred": "C", "correct": false}
{"task": "ceval_computer_network", "id": "127", "gold": "B", "pred": "D", "correct": false}
{"task": "ceval_computer_network", "id": "107", "gold": "D", "pred": "C", "correct": false}
{"task": "ceval_computer_network", "id": "5", "gold": "D", "pred": "D", "correct": true}
{"task": "ceval_computer_network", "id": "131", "gold": "A", "pred": "A", "correct": true}
{"task": "ceval_computer_network", "id": "110", "gold": "D", "pred": "D", "correct": true}
{"task": "ceval_computer_network", "id": "162", "gold": "A", "pred": "C", "correct": false}
{"task": "ceval_computer_network", "id": "14", "gold": "B", "pred": "D", "correct": false}
{"task": "ceval_computer_network", "id": "52", "gold": "D", "pred": "D", "correct": true}
{"task": "ceval_computer_network", "id": "9", "gold": "D", "pred": "A", "correct": false}
{"task": "ceval_computer_network", "id": "94", "gold": "B", "pred": "D", "correct": false}
{"task": "ceval_computer_network", "id": "44", "gold": "D", "pred": "D", "correct": true}
{"task": "ceval_computer_network", "id": "55", "gold": "B", "pred": "A", "correct": false}
{"task": "ceval_computer_network", "id": "92", "gold": "B", "pred": "B", "correct": true}
{"task": "ceval_computer_network", "id": "142", "gold": "B", "pred": "B", "correct": true}
{"task": "ceval_computer_network", "id": "72", "gold": "C", "pred": "C", "correct": true}
{"task": "ceval_computer_network", "id": "80", "gold": "D", "pred": "D", "correct": true}
{"task": "ceval_computer_network", "id": "152", "gold": "B", "pred": "B", "correct": true}
{"task": "ceval_computer_network", "id": "121", "gold": "C", "pred": "C", "correct": true}
{"task": "ceval_computer_network", "id": "45", "gold": "A", "pred": "A", "correct": true}
{"task": "ceval_computer_network", "id": "123", "gold": "B", "pred": "B", "correct": true}
{"task": "ceval_computer_network", "id": "114", "gold": "C", "pred": "D", "correct": false}
{"task": "ceval_computer_network", "id": "41", "gold": "A", "pred": "A", "correct": true}
{"task": "ceval_computer_network", "id": "46", "gold": "C", "pred": "C", "correct": true}
{"task": "ceval_computer_network", "id": "133", "gold": "D", "pred": "D", "correct": true}
{"task": "ceval_computer_network", "id": "82", "gold": "D", "pred": "A", "correct": false}
{"task": "ceval_computer_network", "id": "86", "gold": "A", "pred": "B", "correct": false}
{"task": "ceval_computer_network", "id": "104", "gold": "A", "pred": "D", "correct": false}
{"task": "ceval_computer_network", "id": "66", "gold": "B", "pred": "D", "correct": false}
{"task": "ceval_computer_network", "id": "25", "gold": "B", "pred": "A", "correct": false}
{"task": "ceval_computer_network", "id": "170", "gold": "A", "pred": "B", "correct": false}
{"task": "ceval_computer_network", "id": "145", "gold": "A", "pred": "D", "correct": false}
{"task": "sciq", "id": "947", "gold": "C", "pred": "C", "correct": true}
{"task": "sciq", "id": "798", "gold": "B", "pred": "B", "correct": true}
{"task": "sciq", "id": "971", "gold": "B", "pred": "B", "correct": true}
{"task": "sciq", "id": "296", "gold": "D", "pred": "D", "correct": true}
{"task": "sciq", "id": "913", "gold": "D", "pred": "D", "correct": true}
{"task": "sciq", "id": "849", "gold": "A", "pred": "A", "correct": true}
{"task": "sciq", "id": "85", "gold": "A", "pred": "A", "correct": true}
{"task": "sciq", "id": "17", "gold": "B", "pred": "B", "correct": true}
{"task": "sciq", "id": "606", "gold": "B", "pred": "D", "correct": false}
{"task": "sciq", "id": "314", "gold": "B", "pred": "B", "correct": true}
{"task": "sciq", "id": "433", "gold": "B", "pred": "B", "correct": true}
{"task": "sciq", "id": "388", "gold": "D", "pred": "D", "correct": true}
{"task": "sciq", "id": "542", "gold": "C", "pred": "C", "correct": true}
{"task": "sciq", "id": "366", "gold": "A", "pred": "A", "correct": true}
{"task": "sciq", "id": "133", "gold": "D", "pred": "D", "correct": true}
{"task": "sciq", "id": "743", "gold": "D", "pred": "D", "correct": true}
{"task": "sciq", "id": "196", "gold": "C", "pred": "A", "correct": false}
{"task": "sciq", "id": "273", "gold": "C", "pred": "C", "correct": true}
{"task": "sciq", "id": "455", "gold": "A", "pred": "A", "correct": true}
{"task": "sciq", "id": "14", "gold": "D", "pred": "D", "correct": true}
{"task": "sciq", "id": "226", "gold": "A", "pred": "A", "correct": true}
{"task": "sciq", "id": "635", "gold": "D", "pred": "D", "correct": true}
{"task": "sciq", "id": "465", "gold": "C", "pred": "C", "correct": true}
{"task": "sciq", "id": "923", "gold": "A", "pred": "A", "correct": true}
{"task": "sciq", "id": "25", "gold": "C", "pred": "D", "correct": false}
{"task": "sciq", "id": "108", "gold": "C", "pred": "C", "correct": true}
{"task": "sciq", "id": "87", "gold": "B", "pred": "B", "correct": true}
{"task": "sciq", "id": "727", "gold": "D", "pred": "D", "correct": true}
{"task": "sciq", "id": "510", "gold": "D", "pred": "D", "correct": true}
{"task": "sciq", "id": "431", "gold": "A", "pred": "A", "correct": true}
{"task": "sciq", "id": "20", "gold": "D", "pred": "D", "correct": true}
{"task": "sciq", "id": "524", "gold": "C", "pred": "C", "correct": true}
{"task": "sciq", "id": "642", "gold": "A", "pred": "B", "correct": false}
{"task": "sciq", "id": "751", "gold": "D", "pred": "A", "correct": false}
{"task": "sciq", "id": "441", "gold": "B", "pred": "B", "correct": true}
{"task": "sciq", "id": "367", "gold": "B", "pred": "C", "correct": false}
{"task": "sciq", "id": "789", "gold": "C", "pred": "C", "correct": true}
{"task": "sciq", "id": "58", "gold": "D", "pred": "D", "correct": true}
{"task": "sciq", "id": "210", "gold": "B", "pred": "B", "correct": true}
{"task": "sciq", "id": "801", "gold": "C", "pred": "C", "correct": true}
{"task": "sciq", "id": "36", "gold": "B", "pred": "D", "correct": false}
{"task": "sciq", "id": "603", "gold": "A", "pred": "A", "correct": true}
{"task": "sciq", "id": "377", "gold": "A", "pred": "A", "correct": true}
{"task": "sciq", "id": "673", "gold": "D", "pred": "D", "correct": true}
{"task": "sciq", "id": "176", "gold": "A", "pred": "A", "correct": true}
{"task": "sciq", "id": "221", "gold": "B", "pred": "B", "correct": true}
{"task": "sciq", "id": "994", "gold": "C", "pred": "C", "correct": true}
{"task": "sciq", "id": "752", "gold": "B", "pred": "B", "correct": true}
{"task": "sciq", "id": "371", "gold": "C", "pred": "C", "correct": true}
{"task": "sciq", "id": "579", "gold": "A", "pred": "A", "correct": true}
{"task": "winogrande", "id": "593", "gold": "A", "pred": "A", "correct": true}
{"task": "winogrande", "id": "171", "gold": "A", "pred": "A", "correct": true}
{"task": "winogrande", "id": "34", "gold": "B", "pred": "B", "correct": true}
{"task": "winogrande", "id": "1212", "gold": "B", "pred": "B", "correct": true}
{"task": "winogrande", "id": "628", "gold": "A", "pred": "B", "correct": false}
{"task": "winogrande", "id": "867", "gold": "A", "pred": "A", "correct": true}
{"task": "winogrande", "id": "776", "gold": "A", "pred": "A", "correct": true}
{"task": "winogrande", "id": "1085", "gold": "A", "pred": "A", "correct": true}
{"task": "winogrande", "id": "733", "gold": "A", "pred": "A", "correct": true}
{"task": "winogrande", "id": "266", "gold": "B", "pred": "B", "correct": true}
{"task": "winogrande", "id": "393", "gold": "B", "pred": "B", "correct": true}
{"task": "winogrande", "id": "547", "gold": "A", "pred": "A", "correct": true}
{"task": "winogrande", "id": "910", "gold": "A", "pred": "B", "correct": false}
{"task": "winogrande", "id": "28", "gold": "A", "pred": "A", "correct": true}
{"task": "winogrande", "id": "452", "gold": "A", "pred": "A", "correct": true}
{"task": "winogrande", "id": "931", "gold": "B", "pred": "A", "correct": false}
{"task": "winogrande", "id": "50", "gold": "A", "pred": "A", "correct": true}
{"task": "winogrande", "id": "216", "gold": "A", "pred": "A", "correct": true}
{"task": "winogrande", "id": "175", "gold": "B", "pred": "B", "correct": true}
{"task": "winogrande", "id": "1020", "gold": "B", "pred": "B", "correct": true}
{"task": "winogrande", "id": "862", "gold": "A", "pred": "A", "correct": true}
{"task": "winogrande", "id": "40", "gold": "A", "pred": "A", "correct": true}
{"task": "winogrande", "id": "1049", "gold": "A", "pred": "B", "correct": false}
{"task": "winogrande", "id": "883", "gold": "B", "pred": "B", "correct": true}
{"task": "winogrande", "id": "735", "gold": "B", "pred": "B", "correct": true}
{"task": "winogrande", "id": "117", "gold": "B", "pred": "B", "correct": true}
{"task": "winogrande", "id": "421", "gold": "B", "pred": "A", "correct": false}
{"task": "winogrande", "id": "72", "gold": "A", "pred": "A", "correct": true}
{"task": "winogrande", "id": "1206", "gold": "A", "pred": "A", "correct": true}
{"task": "winogrande", "id": "755", "gold": "A", "pred": "A", "correct": true}
{"task": "winogrande", "id": "352", "gold": "B", "pred": "A", "correct": false}
{"task": "winogrande", "id": "442", "gold": "B", "pred": "A", "correct": false}
{"task": "winogrande", "id": "742", "gold": "A", "pred": "B", "correct": false}
{"task": "winogrande", "id": "1158", "gold": "B", "pred": "B", "correct": true}
{"task": "winogrande", "id": "1171", "gold": "B", "pred": "B", "correct": true}
{"task": "winogrande", "id": "576", "gold": "A", "pred": "A", "correct": true}
{"task": "winogrande", "id": "643", "gold": "A", "pred": "B", "correct": false}
{"task": "winogrande", "id": "1173", "gold": "B", "pred": "B", "correct": true}
{"task": "winogrande", "id": "970", "gold": "A", "pred": "A", "correct": true}
{"task": "winogrande", "id": "363", "gold": "A", "pred": "A", "correct": true}
{"task": "winogrande", "id": "989", "gold": "A", "pred": "A", "correct": true}
{"task": "winogrande", "id": "1209", "gold": "B", "pred": "B", "correct": true}
{"task": "winogrande", "id": "916", "gold": "A", "pred": "A", "correct": true}
{"task": "winogrande", "id": "335", "gold": "A", "pred": "A", "correct": true}
{"task": "winogrande", "id": "372", "gold": "B", "pred": "B", "correct": true}
{"task": "winogrande", "id": "365", "gold": "B", "pred": "B", "correct": true}
{"task": "winogrande", "id": "1092", "gold": "B", "pred": "B", "correct": true}
{"task": "winogrande", "id": "662", "gold": "A", "pred": "B", "correct": false}
{"task": "winogrande", "id": "1065", "gold": "B", "pred": "B", "correct": true}
{"task": "winogrande", "id": "400", "gold": "B", "pred": "B", "correct": true}
{"task": "commonsenseqa", "id": "8b25332de2894ab38784235838d38cec", "gold": "E", "pred": "E", "correct": true}
{"task": "commonsenseqa", "id": "8ea5720718c0e122efa6277edb511569", "gold": "D", "pred": "D", "correct": true}
{"task": "commonsenseqa", "id": "4acd496cc78d96c2431279a5fd87de7c", "gold": "E", "pred": "E", "correct": true}
{"task": "commonsenseqa", "id": "01794dde3ca2991615f1aa2f63fb22e3", "gold": "E", "pred": "E", "correct": true}
{"task": "commonsenseqa", "id": "41bab71fea3fa04e5a4e10a2f86996df", "gold": "E", "pred": "E", "correct": true}
{"task": "commonsenseqa", "id": "c7ce02d9365fe9275f88338ad51cbde6", "gold": "A", "pred": "A", "correct": true}
{"task": "commonsenseqa", "id": "c9f7d07e6d363a99f5fadd68a4dfa35a", "gold": "B", "pred": "B", "correct": true}
{"task": "commonsenseqa", "id": "29c194d032a266a7160bff6f546a4d9d", "gold": "D", "pred": "D", "correct": true}
{"task": "commonsenseqa", "id": "32d5b7fcae24f0d4871cfb219c5a4b47", "gold": "C", "pred": "E", "correct": false}
{"task": "commonsenseqa", "id": "46351b3a6beb694c5f623583a3b1473d", "gold": "B", "pred": "B", "correct": true}
{"task": "commonsenseqa", "id": "5a50ea4bb2d13dc4f620ebd45025d445", "gold": "E", "pred": "E", "correct": true}
{"task": "commonsenseqa", "id": "5c2bc4335c8860342ec2d568ceb6ac6b", "gold": "C", "pred": "C", "correct": true}
{"task": "commonsenseqa", "id": "b3dc6d6a5e2f9d7da8eb72816c80b3f8_1", "gold": "A", "pred": "A", "correct": true}
{"task": "commonsenseqa", "id": "9889e5389917d812c09d6e5d382d333d", "gold": "B", "pred": "B", "correct": true}
{"task": "commonsenseqa", "id": "4ef3d70648ee3cea028bc5ed0fdfda28", "gold": "C", "pred": "C", "correct": true}
{"task": "commonsenseqa", "id": "359aed918343d228e67cef329b693904", "gold": "C", "pred": "C", "correct": true}
{"task": "commonsenseqa", "id": "011096bcfff30fd38046cf9db3a411c5", "gold": "C", "pred": "C", "correct": true}
{"task": "commonsenseqa", "id": "0f2377604e628c55ba588366139396b9", "gold": "E", "pred": "D", "correct": false}
{"task": "commonsenseqa", "id": "900492bd731f8f615ed7c08155737d44", "gold": "E", "pred": "E", "correct": true}
{"task": "commonsenseqa", "id": "0b52cc905fff0ca69a45e6353d10e401", "gold": "D", "pred": "D", "correct": true}
{"task": "commonsenseqa", "id": "6f48ee564a48293eb501cc0d8197bdd9", "gold": "C", "pred": "E", "correct": false}
{"task": "commonsenseqa", "id": "ba640b9634ad6b4ad98b17b4f152e562", "gold": "B", "pred": "B", "correct": true}
{"task": "commonsenseqa", "id": "5d4233146435ab0ca211e8ac9bfce76f", "gold": "A", "pred": "A", "correct": true}
{"task": "commonsenseqa", "id": "bd773d64f4e22db2358c6e00cbdf2d83", "gold": "A", "pred": "E", "correct": false}
{"task": "commonsenseqa", "id": "ef3d5d35128678937c36438466e0fc93", "gold": "E", "pred": "E", "correct": true}
{"task": "commonsenseqa", "id": "9dffd2021771e0ecddb19031acf3701b", "gold": "C", "pred": "B", "correct": false}
{"task": "commonsenseqa", "id": "8b3b598a647dfd2d63fcedce5f461040", "gold": "A", "pred": "A", "correct": true}
{"task": "commonsenseqa", "id": "821b32d39f57396979069b948030afe9", "gold": "D", "pred": "D", "correct": true}
{"task": "commonsenseqa", "id": "8f2976690c83be6b8fa3a1196dfd9722", "gold": "E", "pred": "E", "correct": true}
{"task": "commonsenseqa", "id": "66bfb6e209c94e6be5b0d04b0c7e2064", "gold": "C", "pred": "C", "correct": true}
{"task": "commonsenseqa", "id": "0bf4d64ad0eee7224acb3a4eb85accb2", "gold": "B", "pred": "B", "correct": true}
{"task": "commonsenseqa", "id": "ec86900559a0faf2aef066e511a4cfa6", "gold": "B", "pred": "B", "correct": true}
{"task": "commonsenseqa", "id": "7c45033e9fd9f1a759923971b14390ed", "gold": "E", "pred": "E", "correct": true}
{"task": "commonsenseqa", "id": "0f7425ecbe369bf41a230aab92d84132", "gold": "B", "pred": "E", "correct": false}
{"task": "commonsenseqa", "id": "42520bf3f93f8de23670044e019001a3", "gold": "E", "pred": "E", "correct": true}
{"task": "commonsenseqa", "id": "07fd8b0aed06406fedb137d11b07a890", "gold": "D", "pred": "C", "correct": false}
{"task": "commonsenseqa", "id": "3eb397b96b6c3a245c81ab30205943f1", "gold": "C", "pred": "C", "correct": true}
{"task": "commonsenseqa", "id": "ed50555f8db2b8f66caf9868dcd7e13b", "gold": "A", "pred": "A", "correct": true}
{"task": "commonsenseqa", "id": "ec224c1dbfb569cce7ec317fe987ae68", "gold": "B", "pred": "B", "correct": true}
{"task": "commonsenseqa", "id": "42c46e28baf0fc617a07419286178c0a", "gold": "E", "pred": "E", "correct": true}
{"task": "commonsenseqa", "id": "cf8e30dd6956d03e3f0f0397112a8696", "gold": "A", "pred": "A", "correct": true}
{"task": "commonsenseqa", "id": "549cf641318edfc0510fa7c7dbb359e1", "gold": "C", "pred": "C", "correct": true}
{"task": "commonsenseqa", "id": "5c171b9837af49211891ce40e4a10204", "gold": "D", "pred": "D", "correct": true}
{"task": "commonsenseqa", "id": "303aedda3a5ab8d853cbe4edc4b914c6", "gold": "C", "pred": "C", "correct": true}
{"task": "commonsenseqa", "id": "1d8d9e3504c8c58a3b923ddc155c19b0", "gold": "B", "pred": "B", "correct": true}
{"task": "commonsenseqa", "id": "8b23cd355ffc8b6e7aa5459ffb21b4e0", "gold": "B", "pred": "E", "correct": false}
{"task": "commonsenseqa", "id": "d78baca23e0a636a8961e17119047e63", "gold": "C", "pred": "E", "correct": false}
{"task": "commonsenseqa", "id": "a5dcac512870e79f5aa2b22dbd662404", "gold": "B", "pred": "B", "correct": true}
{"task": "commonsenseqa", "id": "c7526b682e64f355384631b35cd78fc9", "gold": "B", "pred": "B", "correct": true}
{"task": "commonsenseqa", "id": "1ef68db97654f30cd3701b942fadc934", "gold": "B", "pred": "B", "correct": true}
{"task": "arc_challenge", "id": "593", "gold": "A", "pred": "A", "correct": true}
{"task": "arc_challenge", "id": "171", "gold": "D", "pred": "D", "correct": true}
{"task": "arc_challenge", "id": "34", "gold": "A", "pred": "C", "correct": false}
{"task": "arc_challenge", "id": "628", "gold": "C", "pred": "C", "correct": true}
{"task": "arc_challenge", "id": "867", "gold": "C", "pred": "C", "correct": true}
{"task": "arc_challenge", "id": "776", "gold": "A", "pred": "A", "correct": true}
{"task": "arc_challenge", "id": "1085", "gold": "A", "pred": "A", "correct": true}
{"task": "arc_challenge", "id": "733", "gold": "C", "pred": "C", "correct": true}
{"task": "arc_challenge", "id": "266", "gold": "A", "pred": "A", "correct": true}
{"task": "arc_challenge", "id": "393", "gold": "B", "pred": "B", "correct": true}
{"task": "arc_challenge", "id": "547", "gold": "C", "pred": "C", "correct": true}
{"task": "arc_challenge", "id": "910", "gold": "D", "pred": "D", "correct": true}
{"task": "arc_challenge", "id": "28", "gold": "C", "pred": "D", "correct": false}
{"task": "arc_challenge", "id": "452", "gold": "D", "pred": "B", "correct": false}
{"task": "arc_challenge", "id": "931", "gold": "B", "pred": "C", "correct": false}
{"task": "arc_challenge", "id": "50", "gold": "D", "pred": "D", "correct": true}
{"task": "arc_challenge", "id": "216", "gold": "D", "pred": "D", "correct": true}
{"task": "arc_challenge", "id": "175", "gold": "A", "pred": "B", "correct": false}
{"task": "arc_challenge", "id": "1020", "gold": "C", "pred": "C", "correct": true}
{"task": "arc_challenge", "id": "862", "gold": "D", "pred": "D", "correct": true}
{"task": "arc_challenge", "id": "40", "gold": "C", "pred": "C", "correct": true}
{"task": "arc_challenge", "id": "1049", "gold": "A", "pred": "A", "correct": true}
{"task": "arc_challenge", "id": "883", "gold": "C", "pred": "C", "correct": true}
{"task": "arc_challenge", "id": "735", "gold": "D", "pred": "B", "correct": false}
{"task": "arc_challenge", "id": "117", "gold": "C", "pred": "C", "correct": true}
{"task": "arc_challenge", "id": "421", "gold": "C", "pred": "C", "correct": true}
{"task": "arc_challenge", "id": "72", "gold": "B", "pred": "B", "correct": true}
{"task": "arc_challenge", "id": "755", "gold": "D", "pred": "D", "correct": true}
{"task": "arc_challenge", "id": "352", "gold": "D", "pred": "D", "correct": true}
{"task": "arc_challenge", "id": "442", "gold": "A", "pred": "A", "correct": true}
{"task": "arc_challenge", "id": "742", "gold": "B", "pred": "D", "correct": false}
{"task": "arc_challenge", "id": "1158", "gold": "A", "pred": "A", "correct": true}
{"task": "arc_challenge", "id": "1171", "gold": "A", "pred": "A", "correct": true}
{"task": "arc_challenge", "id": "576", "gold": "A", "pred": "A", "correct": true}
{"task": "arc_challenge", "id": "643", "gold": "B", "pred": "B", "correct": true}
{"task": "arc_challenge", "id": "970", "gold": "A", "pred": "A", "correct": true}
{"task": "arc_challenge", "id": "363", "gold": "A", "pred": "A", "correct": true}
{"task": "arc_challenge", "id": "989", "gold": "D", "pred": "B", "correct": false}
{"task": "arc_challenge", "id": "916", "gold": "B", "pred": "B", "correct": true}
{"task": "arc_challenge", "id": "335", "gold": "D", "pred": "D", "correct": true}
{"task": "arc_challenge", "id": "372", "gold": "B", "pred": "B", "correct": true}
{"task": "arc_challenge", "id": "365", "gold": "B", "pred": "B", "correct": true}
{"task": "arc_challenge", "id": "1092", "gold": "B", "pred": "B", "correct": true}
{"task": "arc_challenge", "id": "662", "gold": "C", "pred": "C", "correct": true}
{"task": "arc_challenge", "id": "1065", "gold": "C", "pred": "C", "correct": true}
{"task": "arc_challenge", "id": "400", "gold": "C", "pred": "C", "correct": true}
{"task": "arc_challenge", "id": "234", "gold": "C", "pred": "C", "correct": true}
{"task": "arc_challenge", "id": "168", "gold": "A", "pred": "A", "correct": true}
{"task": "arc_challenge", "id": "201", "gold": "C", "pred": "C", "correct": true}
{"task": "arc_challenge", "id": "872", "gold": "C", "pred": "C", "correct": true}
{"task": "hellaswag", "id": "4749", "gold": "B", "pred": "B", "correct": true}
{"task": "hellaswag", "id": "1368", "gold": "A", "pred": "A", "correct": true}
{"task": "hellaswag", "id": "279", "gold": "A", "pred": "D", "correct": false}
{"task": "hellaswag", "id": "9699", "gold": "C", "pred": "C", "correct": true}
{"task": "hellaswag", "id": "5025", "gold": "C", "pred": "C", "correct": true}
{"task": "hellaswag", "id": "6942", "gold": "C", "pred": "C", "correct": true}
{"task": "hellaswag", "id": "6212", "gold": "B", "pred": "B", "correct": true}
{"task": "hellaswag", "id": "8684", "gold": "B", "pred": "C", "correct": false}
{"task": "hellaswag", "id": "5866", "gold": "B", "pred": "C", "correct": false}
{"task": "hellaswag", "id": "2134", "gold": "B", "pred": "B", "correct": true}
{"task": "hellaswag", "id": "3145", "gold": "D", "pred": "D", "correct": true}
{"task": "hellaswag", "id": "4380", "gold": "A", "pred": "C", "correct": false}
{"task": "hellaswag", "id": "7283", "gold": "B", "pred": "D", "correct": false}
{"task": "hellaswag", "id": "230", "gold": "B", "pred": "D", "correct": false}
{"task": "hellaswag", "id": "3621", "gold": "A", "pred": "D", "correct": false}
{"task": "hellaswag", "id": "7455", "gold": "D", "pred": "D", "correct": true}
{"task": "hellaswag", "id": "405", "gold": "C", "pred": "C", "correct": true}
{"task": "hellaswag", "id": "1735", "gold": "A", "pred": "B", "correct": false}
{"task": "hellaswag", "id": "1405", "gold": "C", "pred": "C", "correct": true}
{"task": "hellaswag", "id": "8163", "gold": "A", "pred": "A", "correct": true}
{"task": "hellaswag", "id": "6901", "gold": "B", "pred": "B", "correct": true}
{"task": "hellaswag", "id": "320", "gold": "D", "pred": "D", "correct": true}
{"task": "hellaswag", "id": "8398", "gold": "B", "pred": "B", "correct": true}
{"task": "hellaswag", "id": "7066", "gold": "A", "pred": "A", "correct": true}
{"task": "hellaswag", "id": "5881", "gold": "A", "pred": "A", "correct": true}
{"task": "hellaswag", "id": "942", "gold": "C", "pred": "C", "correct": true}
{"task": "hellaswag", "id": "3368", "gold": "C", "pred": "C", "correct": true}
{"task": "hellaswag", "id": "578", "gold": "D", "pred": "A", "correct": false}
{"task": "hellaswag", "id": "9652", "gold": "D", "pred": "D", "correct": true}
{"task": "hellaswag", "id": "6047", "gold": "B", "pred": "B", "correct": true}
{"task": "hellaswag", "id": "2816", "gold": "C", "pred": "C", "correct": true}
{"task": "hellaswag", "id": "3539", "gold": "B", "pred": "B", "correct": true}
{"task": "hellaswag", "id": "5943", "gold": "B", "pred": "B", "correct": true}
{"task": "hellaswag", "id": "9265", "gold": "B", "pred": "A", "correct": false}
{"task": "hellaswag", "id": "6040", "gold": "C", "pred": "C", "correct": true}
{"task": "hellaswag", "id": "9372", "gold": "B", "pred": "B", "correct": true}
{"task": "hellaswag", "id": "4608", "gold": "C", "pred": "A", "correct": false}
{"task": "hellaswag", "id": "5150", "gold": "B", "pred": "B", "correct": true}
{"task": "hellaswag", "id": "9387", "gold": "C", "pred": "C", "correct": true}
{"task": "hellaswag", "id": "1404", "gold": "D", "pred": "D", "correct": true}
{"task": "hellaswag", "id": "7767", "gold": "B", "pred": "B", "correct": true}
{"task": "hellaswag", "id": "2910", "gold": "C", "pred": "C", "correct": true}
{"task": "hellaswag", "id": "7914", "gold": "B", "pred": "B", "correct": true}
{"task": "hellaswag", "id": "9676", "gold": "D", "pred": "D", "correct": true}
{"task": "hellaswag", "id": "7331", "gold": "A", "pred": "C", "correct": false}
{"task": "hellaswag", "id": "2680", "gold": "C", "pred": "C", "correct": true}
{"task": "hellaswag", "id": "2982", "gold": "B", "pred": "B", "correct": true}
{"task": "hellaswag", "id": "2925", "gold": "B", "pred": "D", "correct": false}
{"task": "hellaswag", "id": "8742", "gold": "D", "pred": "D", "correct": true}
{"task": "hellaswag", "id": "5298", "gold": "D", "pred": "D", "correct": true}
{"task": "boolq", "id": "3192", "gold": "yes", "pred": "yes", "correct": true}
{"task": "boolq", "id": "1187", "gold": "no", "pred": "no", "correct": true}
{"task": "boolq", "id": "342", "gold": "yes", "pred": "no", "correct": false}
{"task": "boolq", "id": "69", "gold": "yes", "pred": "yes", "correct": true}
{"task": "boolq", "id": "2424", "gold": "yes", "pred": "yes", "correct": true}
{"task": "boolq", "id": "1256", "gold": "no", "pred": "no", "correct": true}
{"task": "boolq", "id": "1735", "gold": "no", "pred": "no", "correct": true}
{"task": "boolq", "id": "1553", "gold": "no", "pred": "no", "correct": true}
{"task": "boolq", "id": "2171", "gold": "no", "pred": "yes", "correct": false}
{"task": "boolq", "id": "1466", "gold": "yes", "pred": "yes", "correct": true}
{"task": "boolq", "id": "533", "gold": "no", "pred": "no", "correct": true}
{"task": "boolq", "id": "2973", "gold": "yes", "pred": "yes", "correct": true}
{"task": "boolq", "id": "786", "gold": "no", "pred": "yes", "correct": false}
{"task": "boolq", "id": "1095", "gold": "yes", "pred": "yes", "correct": true}
{"task": "boolq", "id": "1820", "gold": "yes", "pred": "no", "correct": false}
{"task": "boolq", "id": "57", "gold": "yes", "pred": "yes", "correct": true}
{"task": "boolq", "id": "905", "gold": "yes", "pred": "yes", "correct": true}
{"task": "boolq", "id": "2540", "gold": "no", "pred": "no", "correct": true}
{"task": "boolq", "id": "1863", "gold": "yes", "pred": "yes", "correct": true}
{"task": "boolq", "id": "101", "gold": "no", "pred": "yes", "correct": false}
{"task": "boolq", "id": "433", "gold": "no", "pred": "no", "correct": true}
{"task": "boolq", "id": "351", "gold": "no", "pred": "no", "correct": true}
{"task": "boolq", "id": "2908", "gold": "no", "pred": "no", "correct": true}
{"task": "boolq", "id": "2040", "gold": "yes", "pred": "yes", "correct": true}
{"task": "boolq", "id": "1725", "gold": "no", "pred": "yes", "correct": false}
{"task": "boolq", "id": "80", "gold": "no", "pred": "no", "correct": true}
{"task": "boolq", "id": "2099", "gold": "yes", "pred": "yes", "correct": true}
{"task": "boolq", "id": "2570", "gold": "no", "pred": "no", "correct": true}
{"task": "boolq", "id": "3007", "gold": "no", "pred": "no", "correct": true}
{"task": "boolq", "id": "1766", "gold": "yes", "pred": "yes", "correct": true}
{"task": "boolq", "id": "1470", "gold": "no", "pred": "no", "correct": true}
{"task": "boolq", "id": "3157", "gold": "yes", "pred": "yes", "correct": true}
{"task": "boolq", "id": "235", "gold": "no", "pred": "no", "correct": true}
{"task": "boolq", "id": "842", "gold": "yes", "pred": "yes", "correct": true}
{"task": "boolq", "id": "3207", "gold": "no", "pred": "no", "correct": true}
{"task": "boolq", "id": "144", "gold": "no", "pred": "no", "correct": true}
{"task": "boolq", "id": "2413", "gold": "yes", "pred": "yes", "correct": true}
{"task": "boolq", "id": "1511", "gold": "yes", "pred": "yes", "correct": true}
{"task": "boolq", "id": "2694", "gold": "no", "pred": "no", "correct": true}
{"task": "boolq", "id": "704", "gold": "yes", "pred": "yes", "correct": true}
{"task": "boolq", "id": "2543", "gold": "yes", "pred": "yes", "correct": true}
{"task": "boolq", "id": "884", "gold": "no", "pred": "no", "correct": true}
{"task": "boolq", "id": "3011", "gold": "yes", "pred": "yes", "correct": true}
{"task": "boolq", "id": "1485", "gold": "yes", "pred": "yes", "correct": true}
{"task": "boolq", "id": "2316", "gold": "no", "pred": "no", "correct": true}
{"task": "boolq", "id": "3112", "gold": "no", "pred": "no", "correct": true}
{"task": "boolq", "id": "1510", "gold": "yes", "pred": "yes", "correct": true}
{"task": "boolq", "id": "2343", "gold": "yes", "pred": "yes", "correct": true}
{"task": "boolq", "id": "1152", "gold": "yes", "pred": "yes", "correct": true}
{"task": "boolq", "id": "2705", "gold": "yes", "pred": "yes", "correct": true}
{
  "mmlu_pro": {
    "accuracy": 0.44,
    "n": 50,
    "seconds": 93.96550440788269,
    "peak_mem_gb": 15.53784990310669
  },
  "pubmedqa": {
    "accuracy": 0.74,
    "n": 50,
    "seconds": 108.9183259010315,
    "peak_mem_gb": 15.483989238739014
  },
  "ceval_computer_network": {
    "accuracy": 0.56,
    "n": 50,
    "seconds": 57.97364258766174,
    "peak_mem_gb": 15.15539026260376
  },
  "sciq": {
    "accuracy": 0.86,
    "n": 50,
    "seconds": 59.72207760810852,
    "peak_mem_gb": 15.132664203643799
  },
  "winogrande": {
    "accuracy": 0.8,
    "n": 50,
    "seconds": 59.39180135726929,
    "peak_mem_gb": 15.101815223693848
  },
  "commonsenseqa": {
    "accuracy": 0.82,
    "n": 50,
    "seconds": 59.564074754714966,
    "peak_mem_gb": 15.122297763824463
  },
  "arc_challenge": {
    "accuracy": 0.84,
    "n": 50,
    "seconds": 57.97942113876343,
    "peak_mem_gb": 15.156818866729736
  },
  "hellaswag": {
    "accuracy": 0.74,
    "n": 50,
    "seconds": 76.84508657455444,
    "peak_mem_gb": 15.266828536987305
  },
  "boolq": {
    "accuracy": 0.88,
    "n": 50,
    "seconds": 69.82029342651367,
    "peak_mem_gb": 15.349694728851318
  }
}
[Wed Jun 10 04:52:52 CST 2026] train nara_vanilla variant=nara mode=vanilla steps=100
Loading checkpoint shards:   0%|          | 0/6 [00:00<?, ?it/s]Loading checkpoint shards: 100%|██████████| 6/6 [00:00<00:00, 174.20it/s]
gradient_checkpointing skipped: LLaDAModelLM does not support gradient checkpointing.
trainable params: 10,666,816 || all params: 8,026,248,000 || trainable%: 0.1329
Traceback (most recent call last):
  File "/data/llada_eval/scripts/train_llada_choice_noise_lora.py", line 411, in <module>
    main()
  File "/data/llada_eval/scripts/train_llada_choice_noise_lora.py", line 352, in main
    choice_loss, denoise_loss, probs1 = forward_losses(model, batch, "cuda")
                                        ^^^^^^^^^^^^^^^^^^^^^^^^^^^^^^^^^^^^
  File "/data/llada_eval/scripts/train_llada_choice_noise_lora.py", line 197, in forward_losses
    out = model(input_ids=input_ids, attention_mask=attention_mask)
          ^^^^^^^^^^^^^^^^^^^^^^^^^^^^^^^^^^^^^^^^^^^^^^^^^^^^^^^^^
  File "/root/anaconda3/lib/python3.11/site-packages/torch/nn/modules/module.py", line 1511, in _wrapped_call_impl
    return self._call_impl(*args, **kwargs)
           ^^^^^^^^^^^^^^^^^^^^^^^^^^^^^^^^
  File "/root/anaconda3/lib/python3.11/site-packages/torch/nn/modules/module.py", line 1561, in _call_impl
    result = forward_call(*args, **kwargs)
             ^^^^^^^^^^^^^^^^^^^^^^^^^^^^^
  File "/root/.cache/huggingface/modules/transformers_modules/LLaDA-8B-Instruct/modeling_llada.py", line 1431, in forward
    outputs = self.model.forward(
              ^^^^^^^^^^^^^^^^^^^
  File "/root/.cache/huggingface/modules/transformers_modules/LLaDA-8B-Instruct/modeling_llada.py", line 1328, in forward
    x, cache = block(x, attention_bias=attention_bias, layer_past=layer_past, use_cache=use_cache)
               ^^^^^^^^^^^^^^^^^^^^^^^^^^^^^^^^^^^^^^^^^^^^^^^^^^^^^^^^^^^^^^^^^^^^^^^^^^^^^^^^^^^
  File "/root/anaconda3/lib/python3.11/site-packages/torch/nn/modules/module.py", line 1511, in _wrapped_call_impl
    return self._call_impl(*args, **kwargs)
           ^^^^^^^^^^^^^^^^^^^^^^^^^^^^^^^^
  File "/root/anaconda3/lib/python3.11/site-packages/torch/nn/modules/module.py", line 1520, in _call_impl
    return forward_call(*args, **kwargs)
           ^^^^^^^^^^^^^^^^^^^^^^^^^^^^^
  File "/root/.cache/huggingface/modules/transformers_modules/LLaDA-8B-Instruct/modeling_llada.py", line 901, in forward
    q = self.q_proj(x_normed)
        ^^^^^^^^^^^^^^^^^^^^^
  File "/root/anaconda3/lib/python3.11/site-packages/torch/nn/modules/module.py", line 1511, in _wrapped_call_impl
    return self._call_impl(*args, **kwargs)
           ^^^^^^^^^^^^^^^^^^^^^^^^^^^^^^^^
  File "/root/anaconda3/lib/python3.11/site-packages/torch/nn/modules/module.py", line 1520, in _call_impl
    return forward_call(*args, **kwargs)
           ^^^^^^^^^^^^^^^^^^^^^^^^^^^^^
  File "/data/llada_eval/scripts/nara_adapter.py", line 91, in forward
    z = self.lora_A(self.dropout(x).to(dtype))
        ^^^^^^^^^^^^^^^^^^^^^^^^^^^^^^^^^^^^^^
  File "/root/anaconda3/lib/python3.11/site-packages/torch/nn/modules/module.py", line 1511, in _wrapped_call_impl
    return self._call_impl(*args, **kwargs)
           ^^^^^^^^^^^^^^^^^^^^^^^^^^^^^^^^
  File "/root/anaconda3/lib/python3.11/site-packages/torch/nn/modules/module.py", line 1520, in _call_impl
    return forward_call(*args, **kwargs)
           ^^^^^^^^^^^^^^^^^^^^^^^^^^^^^
  File "/root/anaconda3/lib/python3.11/site-packages/torch/nn/modules/linear.py", line 116, in forward
    return F.linear(input, self.weight, self.bias)
           ^^^^^^^^^^^^^^^^^^^^^^^^^^^^^^^^^^^^^^^
RuntimeError: Expected all tensors to be on the same device, but found at least two devices, cuda:0 and cpu! (when checking argument for argument mat2 in method wrapper_CUDA_mm)
[Wed Jun 10 05:00:27 CST 2026] skip train rslora_vanilla; adapter exists
[Wed Jun 10 05:00:27 CST 2026] skip eval rslora_vanilla; raw exists
[Wed Jun 10 05:00:27 CST 2026] skip train dora_vanilla; adapter exists
[Wed Jun 10 05:00:27 CST 2026] skip eval dora_vanilla; raw exists
[Wed Jun 10 05:00:27 CST 2026] skip train loraplus_vanilla; adapter exists
[Wed Jun 10 05:00:27 CST 2026] skip eval loraplus_vanilla; raw exists
[Wed Jun 10 05:00:27 CST 2026] train nara_vanilla variant=nara mode=vanilla steps=100
Loading checkpoint shards:   0%|          | 0/6 [00:00<?, ?it/s]Loading checkpoint shards: 100%|██████████| 6/6 [00:00<00:00, 195.59it/s]
gradient_checkpointing skipped: LLaDAModelLM does not support gradient checkpointing.
trainable params: 10,666,816 || all params: 8,026,248,000 || trainable%: 0.1329
{"step": 1, "loss": 0.027861902490258217, "choice_loss": 0.0005062728887423873, "denoise_loss": 0.027861902490258217, "consistency_loss": 0.0}
{"step": 10, "loss": 0.39473840594291687, "choice_loss": 0.38687101006507874, "denoise_loss": 0.39473840594291687, "consistency_loss": 0.0}
{"step": 20, "loss": 0.058229267597198486, "choice_loss": 0.05457340553402901, "denoise_loss": 0.058229267597198486, "consistency_loss": 0.0}
{"step": 30, "loss": 0.7118614912033081, "choice_loss": 0.6957566142082214, "denoise_loss": 0.7118614912033081, "consistency_loss": 0.0}
{"step": 40, "loss": 0.010998223908245564, "choice_loss": 0.009142440743744373, "denoise_loss": 0.010998223908245564, "consistency_loss": 0.0}
{"step": 50, "loss": 1.5128040313720703, "choice_loss": 1.4813488721847534, "denoise_loss": 1.5128040313720703, "consistency_loss": 0.0}
{"step": 60, "loss": 0.005583524238318205, "choice_loss": 0.002635103417560458, "denoise_loss": 0.005583524238318205, "consistency_loss": 0.0}
{"step": 70, "loss": 0.003193756565451622, "choice_loss": 0.002336750039830804, "denoise_loss": 0.003193756565451622, "consistency_loss": 0.0}
{"step": 80, "loss": 0.04750194400548935, "choice_loss": 0.044206421822309494, "denoise_loss": 0.04750194400548935, "consistency_loss": 0.0}
{"step": 90, "loss": 1.382539987564087, "choice_loss": 1.3787550926208496, "denoise_loss": 1.382539987564087, "consistency_loss": 0.0}
{"step": 100, "loss": 0.001907792640849948, "choice_loss": 0.001032772590406239, "denoise_loss": 0.001907792640849948, "consistency_loss": 0.0}
[Wed Jun 10 05:02:47 CST 2026] eval nara_vanilla
Loading checkpoint shards:   0%|          | 0/6 [00:00<?, ?it/s]Loading checkpoint shards: 100%|██████████| 6/6 [00:00<00:00, 160.93it/s]
{"task": "mmlu_pro", "id": "4888", "gold": "H", "pred": "H", "correct": true}
{"task": "mmlu_pro", "id": "1458", "gold": "C", "pred": "I", "correct": false}
{"task": "mmlu_pro", "id": "351", "gold": "H", "pred": "E", "correct": false}
{"task": "mmlu_pro", "id": "9891", "gold": "I", "pred": "I", "correct": true}
{"task": "mmlu_pro", "id": "5167", "gold": "B", "pred": "B", "correct": true}
{"task": "mmlu_pro", "id": "7112", "gold": "G", "pred": "H", "correct": false}
{"task": "mmlu_pro", "id": "6376", "gold": "E", "pred": "E", "correct": true}
{"task": "mmlu_pro", "id": "8872", "gold": "A", "pred": "C", "correct": false}
{"task": "mmlu_pro", "id": "6026", "gold": "A", "pred": "F", "correct": false}
{"task": "mmlu_pro", "id": "2234", "gold": "C", "pred": "I", "correct": false}
{"task": "mmlu_pro", "id": "12119", "gold": "F", "pred": "I", "correct": false}
{"task": "mmlu_pro", "id": "3266", "gold": "J", "pred": "B", "correct": false}
{"task": "mmlu_pro", "id": "4512", "gold": "D", "pred": "D", "correct": true}
{"task": "mmlu_pro", "id": "7463", "gold": "D", "pred": "D", "correct": true}
{"task": "mmlu_pro", "id": "302", "gold": "H", "pred": "H", "correct": true}
{"task": "mmlu_pro", "id": "3744", "gold": "A", "pred": "I", "correct": false}
{"task": "mmlu_pro", "id": "10362", "gold": "A", "pred": "C", "correct": false}
{"task": "mmlu_pro", "id": "7638", "gold": "E", "pred": "E", "correct": true}
{"task": "mmlu_pro", "id": "479", "gold": "B", "pred": "D", "correct": false}
{"task": "mmlu_pro", "id": "1830", "gold": "I", "pred": "D", "correct": false}
{"task": "mmlu_pro", "id": "1496", "gold": "C", "pred": "D", "correct": false}
{"task": "mmlu_pro", "id": "11856", "gold": "I", "pred": "I", "correct": true}
{"task": "mmlu_pro", "id": "8350", "gold": "I", "pred": "I", "correct": true}
{"task": "mmlu_pro", "id": "7071", "gold": "F", "pred": "E", "correct": false}
{"task": "mmlu_pro", "id": "393", "gold": "J", "pred": "J", "correct": true}
{"task": "mmlu_pro", "id": "8585", "gold": "C", "pred": "D", "correct": false}
{"task": "mmlu_pro", "id": "10488", "gold": "D", "pred": "D", "correct": true}
{"task": "mmlu_pro", "id": "12254", "gold": "F", "pred": "F", "correct": true}
{"task": "mmlu_pro", "id": "7239", "gold": "F", "pred": "I", "correct": false}
{"task": "mmlu_pro", "id": "6041", "gold": "B", "pred": "H", "correct": false}
{"task": "mmlu_pro", "id": "1021", "gold": "E", "pred": "H", "correct": false}
{"task": "mmlu_pro", "id": "3489", "gold": "I", "pred": "I", "correct": true}
{"task": "mmlu_pro", "id": "654", "gold": "A", "pred": "A", "correct": true}
{"task": "mmlu_pro", "id": "9843", "gold": "A", "pred": "I", "correct": false}
{"task": "mmlu_pro", "id": "6209", "gold": "I", "pred": "I", "correct": true}
{"task": "mmlu_pro", "id": "10994", "gold": "E", "pred": "B", "correct": false}
{"task": "mmlu_pro", "id": "2934", "gold": "F", "pred": "F", "correct": true}
{"task": "mmlu_pro", "id": "10376", "gold": "A", "pred": "H", "correct": false}
{"task": "mmlu_pro", "id": "3660", "gold": "B", "pred": "B", "correct": true}
{"task": "mmlu_pro", "id": "6104", "gold": "I", "pred": "B", "correct": false}
{"task": "mmlu_pro", "id": "9454", "gold": "I", "pred": "D", "correct": false}
{"task": "mmlu_pro", "id": "6202", "gold": "F", "pred": "G", "correct": false}
{"task": "mmlu_pro", "id": "9561", "gold": "F", "pred": "H", "correct": false}
{"task": "mmlu_pro", "id": "4740", "gold": "C", "pred": "A", "correct": false}
{"task": "mmlu_pro", "id": "11039", "gold": "D", "pred": "J", "correct": false}
{"task": "mmlu_pro", "id": "5292", "gold": "C", "pred": "A", "correct": false}
{"task": "mmlu_pro", "id": "9576", "gold": "B", "pred": "H", "correct": false}
{"task": "mmlu_pro", "id": "1495", "gold": "D", "pred": "H", "correct": false}
{"task": "mmlu_pro", "id": "7950", "gold": "C", "pred": "I", "correct": false}
{"task": "mmlu_pro", "id": "3028", "gold": "D", "pred": "D", "correct": true}
{"task": "pubmedqa", "id": "24098953", "gold": "yes", "pred": "yes", "correct": true}
{"task": "pubmedqa", "id": "25103647", "gold": "maybe", "pred": "yes", "correct": false}
{"task": "pubmedqa", "id": "23972333", "gold": "yes", "pred": "yes", "correct": true}
{"task": "pubmedqa", "id": "10759659", "gold": "yes", "pred": "yes", "correct": true}
{"task": "pubmedqa", "id": "21880023", "gold": "no", "pred": "yes", "correct": false}
{"task": "pubmedqa", "id": "14627582", "gold": "no", "pred": "yes", "correct": false}
{"task": "pubmedqa", "id": "22427593", "gold": "maybe", "pred": "yes", "correct": false}
{"task": "pubmedqa", "id": "17096624", "gold": "yes", "pred": "yes", "correct": true}
{"task": "pubmedqa", "id": "20497146", "gold": "yes", "pred": "yes", "correct": true}
{"task": "pubmedqa", "id": "15939071", "gold": "yes", "pred": "yes", "correct": true}
{"task": "pubmedqa", "id": "17259061", "gold": "yes", "pred": "yes", "correct": true}
{"task": "pubmedqa", "id": "21346501", "gold": "yes", "pred": "yes", "correct": true}
{"task": "pubmedqa", "id": "26818046", "gold": "yes", "pred": "yes", "correct": true}
{"task": "pubmedqa", "id": "26548832", "gold": "yes", "pred": "yes", "correct": true}
{"task": "pubmedqa", "id": "25311479", "gold": "yes", "pred": "yes", "correct": true}
{"task": "pubmedqa", "id": "23088164", "gold": "no", "pred": "no", "correct": true}
{"task": "pubmedqa", "id": "18714572", "gold": "maybe", "pred": "yes", "correct": false}
{"task": "pubmedqa", "id": "14551704", "gold": "yes", "pred": "yes", "correct": true}
{"task": "pubmedqa", "id": "20353735", "gold": "no", "pred": "no", "correct": true}
{"task": "pubmedqa", "id": "24866606", "gold": "yes", "pred": "yes", "correct": true}
{"task": "pubmedqa", "id": "22236315", "gold": "no", "pred": "yes", "correct": false}
{"task": "pubmedqa", "id": "12970636", "gold": "no", "pred": "no", "correct": true}
{"task": "pubmedqa", "id": "10490564", "gold": "yes", "pred": "yes", "correct": true}
{"task": "pubmedqa", "id": "9722752", "gold": "yes", "pred": "yes", "correct": true}
{"task": "pubmedqa", "id": "10966943", "gold": "no", "pred": "no", "correct": true}
{"task": "pubmedqa", "id": "27217036", "gold": "yes", "pred": "no", "correct": false}
{"task": "pubmedqa", "id": "19757704", "gold": "yes", "pred": "yes", "correct": true}
{"task": "pubmedqa", "id": "24599411", "gold": "yes", "pred": "yes", "correct": true}
{"task": "pubmedqa", "id": "19419587", "gold": "yes", "pred": "yes", "correct": true}
{"task": "pubmedqa", "id": "10158597", "gold": "yes", "pred": "yes", "correct": true}
{"task": "pubmedqa", "id": "19394934", "gold": "yes", "pred": "no", "correct": false}
{"task": "pubmedqa", "id": "14976655", "gold": "yes", "pred": "no", "correct": false}
{"task": "pubmedqa", "id": "26175531", "gold": "no", "pred": "no", "correct": true}
{"task": "pubmedqa", "id": "12790890", "gold": "maybe", "pred": "no", "correct": false}
{"task": "pubmedqa", "id": "14631523", "gold": "no", "pred": "no", "correct": true}
{"task": "pubmedqa", "id": "15879722", "gold": "yes", "pred": "yes", "correct": true}
{"task": "pubmedqa", "id": "18319270", "gold": "no", "pred": "no", "correct": true}
{"task": "pubmedqa", "id": "14612308", "gold": "no", "pred": "yes", "correct": false}
{"task": "pubmedqa", "id": "25488308", "gold": "no", "pred": "yes", "correct": false}
{"task": "pubmedqa", "id": "18802997", "gold": "maybe", "pred": "yes", "correct": false}
{"task": "pubmedqa", "id": "8847047", "gold": "no", "pred": "no", "correct": true}
{"task": "pubmedqa", "id": "25255719", "gold": "yes", "pred": "no", "correct": false}
{"task": "pubmedqa", "id": "19852337", "gold": "yes", "pred": "yes", "correct": true}
{"task": "pubmedqa", "id": "2503176", "gold": "yes", "pred": "yes", "correct": true}
{"task": "pubmedqa", "id": "25156467", "gold": "yes", "pred": "yes", "correct": true}
{"task": "pubmedqa", "id": "26485091", "gold": "no", "pred": "no", "correct": true}
{"task": "pubmedqa", "id": "10456814", "gold": "no", "pred": "no", "correct": true}
{"task": "pubmedqa", "id": "23449952", "gold": "no", "pred": "no", "correct": true}
{"task": "pubmedqa", "id": "18948835", "gold": "yes", "pred": "yes", "correct": true}
{"task": "pubmedqa", "id": "17089900", "gold": "yes", "pred": "yes", "correct": true}
{"task": "ceval_computer_network", "id": "74", "gold": "B", "pred": "C", "correct": false}
{"task": "ceval_computer_network", "id": "21", "gold": "C", "pred": "C", "correct": true}
{"task": "ceval_computer_network", "id": "4", "gold": "A", "pred": "A", "correct": true}
{"task": "ceval_computer_network", "id": "151", "gold": "C", "pred": "C", "correct": true}
{"task": "ceval_computer_network", "id": "78", "gold": "D", "pred": "C", "correct": false}
{"task": "ceval_computer_network", "id": "108", "gold": "A", "pred": "A", "correct": true}
{"task": "ceval_computer_network", "id": "97", "gold": "B", "pred": "A", "correct": false}
{"task": "ceval_computer_network", "id": "135", "gold": "A", "pred": "A", "correct": true}
{"task": "ceval_computer_network", "id": "91", "gold": "B", "pred": "A", "correct": false}
{"task": "ceval_computer_network", "id": "33", "gold": "A", "pred": "B", "correct": false}
{"task": "ceval_computer_network", "id": "49", "gold": "B", "pred": "B", "correct": true}
{"task": "ceval_computer_network", "id": "68", "gold": "C", "pred": "C", "correct": true}
{"task": "ceval_computer_network", "id": "113", "gold": "D", "pred": "B", "correct": false}
{"task": "ceval_computer_network", "id": "3", "gold": "C", "pred": "C", "correct": true}
{"task": "ceval_computer_network", "id": "56", "gold": "A", "pred": "A", "correct": true}
{"task": "ceval_computer_network", "id": "116", "gold": "B", "pred": "D", "correct": false}
{"task": "ceval_computer_network", "id": "6", "gold": "C", "pred": "C", "correct": true}
{"task": "ceval_computer_network", "id": "27", "gold": "C", "pred": "C", "correct": true}
{"task": "ceval_computer_network", "id": "169", "gold": "D", "pred": "C", "correct": false}
{"task": "ceval_computer_network", "id": "127", "gold": "B", "pred": "B", "correct": true}
{"task": "ceval_computer_network", "id": "107", "gold": "D", "pred": "C", "correct": false}
{"task": "ceval_computer_network", "id": "5", "gold": "D", "pred": "B", "correct": false}
{"task": "ceval_computer_network", "id": "131", "gold": "A", "pred": "A", "correct": true}
{"task": "ceval_computer_network", "id": "110", "gold": "D", "pred": "D", "correct": true}
{"task": "ceval_computer_network", "id": "162", "gold": "A", "pred": "A", "correct": true}
{"task": "ceval_computer_network", "id": "14", "gold": "B", "pred": "B", "correct": true}
{"task": "ceval_computer_network", "id": "52", "gold": "D", "pred": "D", "correct": true}
{"task": "ceval_computer_network", "id": "9", "gold": "D", "pred": "A", "correct": false}
{"task": "ceval_computer_network", "id": "94", "gold": "B", "pred": "D", "correct": false}
{"task": "ceval_computer_network", "id": "44", "gold": "D", "pred": "D", "correct": true}
{"task": "ceval_computer_network", "id": "55", "gold": "B", "pred": "A", "correct": false}
{"task": "ceval_computer_network", "id": "92", "gold": "B", "pred": "B", "correct": true}
{"task": "ceval_computer_network", "id": "142", "gold": "B", "pred": "B", "correct": true}
{"task": "ceval_computer_network", "id": "72", "gold": "C", "pred": "C", "correct": true}
{"task": "ceval_computer_network", "id": "80", "gold": "D", "pred": "D", "correct": true}
{"task": "ceval_computer_network", "id": "152", "gold": "B", "pred": "B", "correct": true}
{"task": "ceval_computer_network", "id": "121", "gold": "C", "pred": "C", "correct": true}
{"task": "ceval_computer_network", "id": "45", "gold": "A", "pred": "A", "correct": true}
{"task": "ceval_computer_network", "id": "123", "gold": "B", "pred": "B", "correct": true}
{"task": "ceval_computer_network", "id": "114", "gold": "C", "pred": "B", "correct": false}
{"task": "ceval_computer_network", "id": "41", "gold": "A", "pred": "A", "correct": true}
{"task": "ceval_computer_network", "id": "46", "gold": "C", "pred": "C", "correct": true}
{"task": "ceval_computer_network", "id": "133", "gold": "D", "pred": "B", "correct": false}
{"task": "ceval_computer_network", "id": "82", "gold": "D", "pred": "B", "correct": false}
{"task": "ceval_computer_network", "id": "86", "gold": "A", "pred": "B", "correct": false}
{"task": "ceval_computer_network", "id": "104", "gold": "A", "pred": "D", "correct": false}
{"task": "ceval_computer_network", "id": "66", "gold": "B", "pred": "D", "correct": false}
{"task": "ceval_computer_network", "id": "25", "gold": "B", "pred": "A", "correct": false}
{"task": "ceval_computer_network", "id": "170", "gold": "A", "pred": "B", "correct": false}
{"task": "ceval_computer_network", "id": "145", "gold": "A", "pred": "A", "correct": true}
{"task": "sciq", "id": "947", "gold": "C", "pred": "C", "correct": true}
{"task": "sciq", "id": "798", "gold": "B", "pred": "B", "correct": true}
{"task": "sciq", "id": "971", "gold": "B", "pred": "B", "correct": true}
{"task": "sciq", "id": "296", "gold": "D", "pred": "D", "correct": true}
{"task": "sciq", "id": "913", "gold": "D", "pred": "D", "correct": true}
{"task": "sciq", "id": "849", "gold": "A", "pred": "A", "correct": true}
{"task": "sciq", "id": "85", "gold": "A", "pred": "A", "correct": true}
{"task": "sciq", "id": "17", "gold": "B", "pred": "B", "correct": true}
{"task": "sciq", "id": "606", "gold": "B", "pred": "D", "correct": false}
{"task": "sciq", "id": "314", "gold": "B", "pred": "B", "correct": true}
{"task": "sciq", "id": "433", "gold": "B", "pred": "B", "correct": true}
{"task": "sciq", "id": "388", "gold": "D", "pred": "D", "correct": true}
{"task": "sciq", "id": "542", "gold": "C", "pred": "C", "correct": true}
{"task": "sciq", "id": "366", "gold": "A", "pred": "A", "correct": true}
{"task": "sciq", "id": "133", "gold": "D", "pred": "D", "correct": true}
{"task": "sciq", "id": "743", "gold": "D", "pred": "D", "correct": true}
{"task": "sciq", "id": "196", "gold": "C", "pred": "C", "correct": true}
{"task": "sciq", "id": "273", "gold": "C", "pred": "C", "correct": true}
{"task": "sciq", "id": "455", "gold": "A", "pred": "A", "correct": true}
{"task": "sciq", "id": "14", "gold": "D", "pred": "D", "correct": true}
{"task": "sciq", "id": "226", "gold": "A", "pred": "A", "correct": true}
{"task": "sciq", "id": "635", "gold": "D", "pred": "D", "correct": true}
{"task": "sciq", "id": "465", "gold": "C", "pred": "C", "correct": true}
{"task": "sciq", "id": "923", "gold": "A", "pred": "A", "correct": true}
{"task": "sciq", "id": "25", "gold": "C", "pred": "D", "correct": false}
{"task": "sciq", "id": "108", "gold": "C", "pred": "C", "correct": true}
{"task": "sciq", "id": "87", "gold": "B", "pred": "B", "correct": true}
{"task": "sciq", "id": "727", "gold": "D", "pred": "D", "correct": true}
{"task": "sciq", "id": "510", "gold": "D", "pred": "D", "correct": true}
{"task": "sciq", "id": "431", "gold": "A", "pred": "A", "correct": true}
{"task": "sciq", "id": "20", "gold": "D", "pred": "D", "correct": true}
{"task": "sciq", "id": "524", "gold": "C", "pred": "C", "correct": true}
{"task": "sciq", "id": "642", "gold": "A", "pred": "B", "correct": false}
{"task": "sciq", "id": "751", "gold": "D", "pred": "A", "correct": false}
{"task": "sciq", "id": "441", "gold": "B", "pred": "B", "correct": true}
{"task": "sciq", "id": "367", "gold": "B", "pred": "B", "correct": true}
{"task": "sciq", "id": "789", "gold": "C", "pred": "C", "correct": true}
{"task": "sciq", "id": "58", "gold": "D", "pred": "D", "correct": true}
{"task": "sciq", "id": "210", "gold": "B", "pred": "B", "correct": true}
{"task": "sciq", "id": "801", "gold": "C", "pred": "C", "correct": true}
{"task": "sciq", "id": "36", "gold": "B", "pred": "D", "correct": false}
{"task": "sciq", "id": "603", "gold": "A", "pred": "A", "correct": true}
{"task": "sciq", "id": "377", "gold": "A", "pred": "A", "correct": true}
{"task": "sciq", "id": "673", "gold": "D", "pred": "D", "correct": true}
{"task": "sciq", "id": "176", "gold": "A", "pred": "A", "correct": true}
{"task": "sciq", "id": "221", "gold": "B", "pred": "B", "correct": true}
{"task": "sciq", "id": "994", "gold": "C", "pred": "C", "correct": true}
{"task": "sciq", "id": "752", "gold": "B", "pred": "B", "correct": true}
{"task": "sciq", "id": "371", "gold": "C", "pred": "C", "correct": true}
{"task": "sciq", "id": "579", "gold": "A", "pred": "A", "correct": true}
{"task": "winogrande", "id": "593", "gold": "A", "pred": "B", "correct": false}
{"task": "winogrande", "id": "171", "gold": "A", "pred": "A", "correct": true}
{"task": "winogrande", "id": "34", "gold": "B", "pred": "B", "correct": true}
{"task": "winogrande", "id": "1212", "gold": "B", "pred": "B", "correct": true}
{"task": "winogrande", "id": "628", "gold": "A", "pred": "B", "correct": false}
{"task": "winogrande", "id": "867", "gold": "A", "pred": "A", "correct": true}
{"task": "winogrande", "id": "776", "gold": "A", "pred": "A", "correct": true}
{"task": "winogrande", "id": "1085", "gold": "A", "pred": "B", "correct": false}
{"task": "winogrande", "id": "733", "gold": "A", "pred": "A", "correct": true}
{"task": "winogrande", "id": "266", "gold": "B", "pred": "B", "correct": true}
{"task": "winogrande", "id": "393", "gold": "B", "pred": "B", "correct": true}
{"task": "winogrande", "id": "547", "gold": "A", "pred": "A", "correct": true}
{"task": "winogrande", "id": "910", "gold": "A", "pred": "B", "correct": false}
{"task": "winogrande", "id": "28", "gold": "A", "pred": "A", "correct": true}
{"task": "winogrande", "id": "452", "gold": "A", "pred": "A", "correct": true}
{"task": "winogrande", "id": "931", "gold": "B", "pred": "A", "correct": false}
{"task": "winogrande", "id": "50", "gold": "A", "pred": "A", "correct": true}
{"task": "winogrande", "id": "216", "gold": "A", "pred": "A", "correct": true}
{"task": "winogrande", "id": "175", "gold": "B", "pred": "B", "correct": true}
{"task": "winogrande", "id": "1020", "gold": "B", "pred": "A", "correct": false}
{"task": "winogrande", "id": "862", "gold": "A", "pred": "A", "correct": true}
{"task": "winogrande", "id": "40", "gold": "A", "pred": "A", "correct": true}
{"task": "winogrande", "id": "1049", "gold": "A", "pred": "B", "correct": false}
{"task": "winogrande", "id": "883", "gold": "B", "pred": "B", "correct": true}
{"task": "winogrande", "id": "735", "gold": "B", "pred": "B", "correct": true}
{"task": "winogrande", "id": "117", "gold": "B", "pred": "B", "correct": true}
{"task": "winogrande", "id": "421", "gold": "B", "pred": "A", "correct": false}
{"task": "winogrande", "id": "72", "gold": "A", "pred": "A", "correct": true}
{"task": "winogrande", "id": "1206", "gold": "A", "pred": "A", "correct": true}
{"task": "winogrande", "id": "755", "gold": "A", "pred": "A", "correct": true}
{"task": "winogrande", "id": "352", "gold": "B", "pred": "A", "correct": false}
{"task": "winogrande", "id": "442", "gold": "B", "pred": "A", "correct": false}
{"task": "winogrande", "id": "742", "gold": "A", "pred": "B", "correct": false}
{"task": "winogrande", "id": "1158", "gold": "B", "pred": "B", "correct": true}
{"task": "winogrande", "id": "1171", "gold": "B", "pred": "B", "correct": true}
{"task": "winogrande", "id": "576", "gold": "A", "pred": "A", "correct": true}
{"task": "winogrande", "id": "643", "gold": "A", "pred": "B", "correct": false}
{"task": "winogrande", "id": "1173", "gold": "B", "pred": "B", "correct": true}
{"task": "winogrande", "id": "970", "gold": "A", "pred": "A", "correct": true}
{"task": "winogrande", "id": "363", "gold": "A", "pred": "A", "correct": true}
{"task": "winogrande", "id": "989", "gold": "A", "pred": "A", "correct": true}
{"task": "winogrande", "id": "1209", "gold": "B", "pred": "B", "correct": true}
{"task": "winogrande", "id": "916", "gold": "A", "pred": "A", "correct": true}
{"task": "winogrande", "id": "335", "gold": "A", "pred": "A", "correct": true}
{"task": "winogrande", "id": "372", "gold": "B", "pred": "B", "correct": true}
{"task": "winogrande", "id": "365", "gold": "B", "pred": "B", "correct": true}
{"task": "winogrande", "id": "1092", "gold": "B", "pred": "A", "correct": false}
{"task": "winogrande", "id": "662", "gold": "A", "pred": "B", "correct": false}
{"task": "winogrande", "id": "1065", "gold": "B", "pred": "B", "correct": true}
{"task": "winogrande", "id": "400", "gold": "B", "pred": "B", "correct": true}
{"task": "commonsenseqa", "id": "8b25332de2894ab38784235838d38cec", "gold": "E", "pred": "E", "correct": true}
{"task": "commonsenseqa", "id": "8ea5720718c0e122efa6277edb511569", "gold": "D", "pred": "D", "correct": true}
{"task": "commonsenseqa", "id": "4acd496cc78d96c2431279a5fd87de7c", "gold": "E", "pred": "E", "correct": true}
{"task": "commonsenseqa", "id": "01794dde3ca2991615f1aa2f63fb22e3", "gold": "E", "pred": "E", "correct": true}
{"task": "commonsenseqa", "id": "41bab71fea3fa04e5a4e10a2f86996df", "gold": "E", "pred": "E", "correct": true}
{"task": "commonsenseqa", "id": "c7ce02d9365fe9275f88338ad51cbde6", "gold": "A", "pred": "A", "correct": true}
{"task": "commonsenseqa", "id": "c9f7d07e6d363a99f5fadd68a4dfa35a", "gold": "B", "pred": "B", "correct": true}
{"task": "commonsenseqa", "id": "29c194d032a266a7160bff6f546a4d9d", "gold": "D", "pred": "D", "correct": true}
{"task": "commonsenseqa", "id": "32d5b7fcae24f0d4871cfb219c5a4b47", "gold": "C", "pred": "E", "correct": false}
{"task": "commonsenseqa", "id": "46351b3a6beb694c5f623583a3b1473d", "gold": "B", "pred": "B", "correct": true}
{"task": "commonsenseqa", "id": "5a50ea4bb2d13dc4f620ebd45025d445", "gold": "E", "pred": "E", "correct": true}
{"task": "commonsenseqa", "id": "5c2bc4335c8860342ec2d568ceb6ac6b", "gold": "C", "pred": "C", "correct": true}
{"task": "commonsenseqa", "id": "b3dc6d6a5e2f9d7da8eb72816c80b3f8_1", "gold": "A", "pred": "A", "correct": true}
{"task": "commonsenseqa", "id": "9889e5389917d812c09d6e5d382d333d", "gold": "B", "pred": "B", "correct": true}
{"task": "commonsenseqa", "id": "4ef3d70648ee3cea028bc5ed0fdfda28", "gold": "C", "pred": "C", "correct": true}
{"task": "commonsenseqa", "id": "359aed918343d228e67cef329b693904", "gold": "C", "pred": "C", "correct": true}
{"task": "commonsenseqa", "id": "011096bcfff30fd38046cf9db3a411c5", "gold": "C", "pred": "C", "correct": true}
{"task": "commonsenseqa", "id": "0f2377604e628c55ba588366139396b9", "gold": "E", "pred": "D", "correct": false}
{"task": "commonsenseqa", "id": "900492bd731f8f615ed7c08155737d44", "gold": "E", "pred": "E", "correct": true}
{"task": "commonsenseqa", "id": "0b52cc905fff0ca69a45e6353d10e401", "gold": "D", "pred": "D", "correct": true}
{"task": "commonsenseqa", "id": "6f48ee564a48293eb501cc0d8197bdd9", "gold": "C", "pred": "B", "correct": false}
{"task": "commonsenseqa", "id": "ba640b9634ad6b4ad98b17b4f152e562", "gold": "B", "pred": "B", "correct": true}
{"task": "commonsenseqa", "id": "5d4233146435ab0ca211e8ac9bfce76f", "gold": "A", "pred": "A", "correct": true}
{"task": "commonsenseqa", "id": "bd773d64f4e22db2358c6e00cbdf2d83", "gold": "A", "pred": "A", "correct": true}
{"task": "commonsenseqa", "id": "ef3d5d35128678937c36438466e0fc93", "gold": "E", "pred": "E", "correct": true}
{"task": "commonsenseqa", "id": "9dffd2021771e0ecddb19031acf3701b", "gold": "C", "pred": "B", "correct": false}
{"task": "commonsenseqa", "id": "8b3b598a647dfd2d63fcedce5f461040", "gold": "A", "pred": "A", "correct": true}
{"task": "commonsenseqa", "id": "821b32d39f57396979069b948030afe9", "gold": "D", "pred": "D", "correct": true}
{"task": "commonsenseqa", "id": "8f2976690c83be6b8fa3a1196dfd9722", "gold": "E", "pred": "E", "correct": true}
{"task": "commonsenseqa", "id": "66bfb6e209c94e6be5b0d04b0c7e2064", "gold": "C", "pred": "C", "correct": true}
{"task": "commonsenseqa", "id": "0bf4d64ad0eee7224acb3a4eb85accb2", "gold": "B", "pred": "B", "correct": true}
{"task": "commonsenseqa", "id": "ec86900559a0faf2aef066e511a4cfa6", "gold": "B", "pred": "B", "correct": true}
{"task": "commonsenseqa", "id": "7c45033e9fd9f1a759923971b14390ed", "gold": "E", "pred": "E", "correct": true}
{"task": "commonsenseqa", "id": "0f7425ecbe369bf41a230aab92d84132", "gold": "B", "pred": "B", "correct": true}
{"task": "commonsenseqa", "id": "42520bf3f93f8de23670044e019001a3", "gold": "E", "pred": "E", "correct": true}
{"task": "commonsenseqa", "id": "07fd8b0aed06406fedb137d11b07a890", "gold": "D", "pred": "C", "correct": false}
{"task": "commonsenseqa", "id": "3eb397b96b6c3a245c81ab30205943f1", "gold": "C", "pred": "C", "correct": true}
{"task": "commonsenseqa", "id": "ed50555f8db2b8f66caf9868dcd7e13b", "gold": "A", "pred": "A", "correct": true}
{"task": "commonsenseqa", "id": "ec224c1dbfb569cce7ec317fe987ae68", "gold": "B", "pred": "B", "correct": true}
{"task": "commonsenseqa", "id": "42c46e28baf0fc617a07419286178c0a", "gold": "E", "pred": "E", "correct": true}
{"task": "commonsenseqa", "id": "cf8e30dd6956d03e3f0f0397112a8696", "gold": "A", "pred": "A", "correct": true}
{"task": "commonsenseqa", "id": "549cf641318edfc0510fa7c7dbb359e1", "gold": "C", "pred": "C", "correct": true}
{"task": "commonsenseqa", "id": "5c171b9837af49211891ce40e4a10204", "gold": "D", "pred": "D", "correct": true}
{"task": "commonsenseqa", "id": "303aedda3a5ab8d853cbe4edc4b914c6", "gold": "C", "pred": "C", "correct": true}
{"task": "commonsenseqa", "id": "1d8d9e3504c8c58a3b923ddc155c19b0", "gold": "B", "pred": "B", "correct": true}
{"task": "commonsenseqa", "id": "8b23cd355ffc8b6e7aa5459ffb21b4e0", "gold": "B", "pred": "E", "correct": false}
{"task": "commonsenseqa", "id": "d78baca23e0a636a8961e17119047e63", "gold": "C", "pred": "C", "correct": true}
{"task": "commonsenseqa", "id": "a5dcac512870e79f5aa2b22dbd662404", "gold": "B", "pred": "B", "correct": true}
{"task": "commonsenseqa", "id": "c7526b682e64f355384631b35cd78fc9", "gold": "B", "pred": "B", "correct": true}
{"task": "commonsenseqa", "id": "1ef68db97654f30cd3701b942fadc934", "gold": "B", "pred": "B", "correct": true}
{"task": "arc_challenge", "id": "593", "gold": "A", "pred": "A", "correct": true}
{"task": "arc_challenge", "id": "171", "gold": "D", "pred": "D", "correct": true}
{"task": "arc_challenge", "id": "34", "gold": "A", "pred": "A", "correct": true}
{"task": "arc_challenge", "id": "628", "gold": "C", "pred": "C", "correct": true}
{"task": "arc_challenge", "id": "867", "gold": "C", "pred": "C", "correct": true}
{"task": "arc_challenge", "id": "776", "gold": "A", "pred": "A", "correct": true}
{"task": "arc_challenge", "id": "1085", "gold": "A", "pred": "A", "correct": true}
{"task": "arc_challenge", "id": "733", "gold": "C", "pred": "C", "correct": true}
{"task": "arc_challenge", "id": "266", "gold": "A", "pred": "A", "correct": true}
{"task": "arc_challenge", "id": "393", "gold": "B", "pred": "B", "correct": true}
{"task": "arc_challenge", "id": "547", "gold": "C", "pred": "C", "correct": true}
{"task": "arc_challenge", "id": "910", "gold": "D", "pred": "D", "correct": true}
{"task": "arc_challenge", "id": "28", "gold": "C", "pred": "C", "correct": true}
{"task": "arc_challenge", "id": "452", "gold": "D", "pred": "B", "correct": false}
{"task": "arc_challenge", "id": "931", "gold": "B", "pred": "C", "correct": false}
{"task": "arc_challenge", "id": "50", "gold": "D", "pred": "D", "correct": true}
{"task": "arc_challenge", "id": "216", "gold": "D", "pred": "D", "correct": true}
{"task": "arc_challenge", "id": "175", "gold": "A", "pred": "B", "correct": false}
{"task": "arc_challenge", "id": "1020", "gold": "C", "pred": "C", "correct": true}
{"task": "arc_challenge", "id": "862", "gold": "D", "pred": "D", "correct": true}
{"task": "arc_challenge", "id": "40", "gold": "C", "pred": "C", "correct": true}
{"task": "arc_challenge", "id": "1049", "gold": "A", "pred": "A", "correct": true}
{"task": "arc_challenge", "id": "883", "gold": "C", "pred": "C", "correct": true}
{"task": "arc_challenge", "id": "735", "gold": "D", "pred": "B", "correct": false}
{"task": "arc_challenge", "id": "117", "gold": "C", "pred": "C", "correct": true}
{"task": "arc_challenge", "id": "421", "gold": "C", "pred": "C", "correct": true}
{"task": "arc_challenge", "id": "72", "gold": "B", "pred": "B", "correct": true}
{"task": "arc_challenge", "id": "755", "gold": "D", "pred": "D", "correct": true}
{"task": "arc_challenge", "id": "352", "gold": "D", "pred": "D", "correct": true}
{"task": "arc_challenge", "id": "442", "gold": "A", "pred": "A", "correct": true}
{"task": "arc_challenge", "id": "742", "gold": "B", "pred": "B", "correct": true}
{"task": "arc_challenge", "id": "1158", "gold": "A", "pred": "A", "correct": true}
{"task": "arc_challenge", "id": "1171", "gold": "A", "pred": "A", "correct": true}
{"task": "arc_challenge", "id": "576", "gold": "A", "pred": "A", "correct": true}
{"task": "arc_challenge", "id": "643", "gold": "B", "pred": "B", "correct": true}
{"task": "arc_challenge", "id": "970", "gold": "A", "pred": "A", "correct": true}
{"task": "arc_challenge", "id": "363", "gold": "A", "pred": "A", "correct": true}
{"task": "arc_challenge", "id": "989", "gold": "D", "pred": "D", "correct": true}
{"task": "arc_challenge", "id": "916", "gold": "B", "pred": "B", "correct": true}
{"task": "arc_challenge", "id": "335", "gold": "D", "pred": "D", "correct": true}
{"task": "arc_challenge", "id": "372", "gold": "B", "pred": "B", "correct": true}
{"task": "arc_challenge", "id": "365", "gold": "B", "pred": "B", "correct": true}
{"task": "arc_challenge", "id": "1092", "gold": "B", "pred": "B", "correct": true}
{"task": "arc_challenge", "id": "662", "gold": "C", "pred": "C", "correct": true}
{"task": "arc_challenge", "id": "1065", "gold": "C", "pred": "B", "correct": false}
{"task": "arc_challenge", "id": "400", "gold": "C", "pred": "C", "correct": true}
{"task": "arc_challenge", "id": "234", "gold": "C", "pred": "C", "correct": true}
{"task": "arc_challenge", "id": "168", "gold": "A", "pred": "A", "correct": true}
{"task": "arc_challenge", "id": "201", "gold": "C", "pred": "C", "correct": true}
{"task": "arc_challenge", "id": "872", "gold": "C", "pred": "C", "correct": true}
{"task": "hellaswag", "id": "4749", "gold": "B", "pred": "B", "correct": true}
{"task": "hellaswag", "id": "1368", "gold": "A", "pred": "A", "correct": true}
{"task": "hellaswag", "id": "279", "gold": "A", "pred": "D", "correct": false}
{"task": "hellaswag", "id": "9699", "gold": "C", "pred": "C", "correct": true}
{"task": "hellaswag", "id": "5025", "gold": "C", "pred": "C", "correct": true}
{"task": "hellaswag", "id": "6942", "gold": "C", "pred": "B", "correct": false}
{"task": "hellaswag", "id": "6212", "gold": "B", "pred": "B", "correct": true}
{"task": "hellaswag", "id": "8684", "gold": "B", "pred": "C", "correct": false}
{"task": "hellaswag", "id": "5866", "gold": "B", "pred": "B", "correct": true}
{"task": "hellaswag", "id": "2134", "gold": "B", "pred": "B", "correct": true}
{"task": "hellaswag", "id": "3145", "gold": "D", "pred": "D", "correct": true}
{"task": "hellaswag", "id": "4380", "gold": "A", "pred": "C", "correct": false}
{"task": "hellaswag", "id": "7283", "gold": "B", "pred": "D", "correct": false}
{"task": "hellaswag", "id": "230", "gold": "B", "pred": "D", "correct": false}
{"task": "hellaswag", "id": "3621", "gold": "A", "pred": "C", "correct": false}
{"task": "hellaswag", "id": "7455", "gold": "D", "pred": "D", "correct": true}
{"task": "hellaswag", "id": "405", "gold": "C", "pred": "C", "correct": true}
{"task": "hellaswag", "id": "1735", "gold": "A", "pred": "B", "correct": false}
{"task": "hellaswag", "id": "1405", "gold": "C", "pred": "C", "correct": true}
{"task": "hellaswag", "id": "8163", "gold": "A", "pred": "A", "correct": true}
{"task": "hellaswag", "id": "6901", "gold": "B", "pred": "B", "correct": true}
{"task": "hellaswag", "id": "320", "gold": "D", "pred": "D", "correct": true}
{"task": "hellaswag", "id": "8398", "gold": "B", "pred": "B", "correct": true}
{"task": "hellaswag", "id": "7066", "gold": "A", "pred": "A", "correct": true}
{"task": "hellaswag", "id": "5881", "gold": "A", "pred": "A", "correct": true}
{"task": "hellaswag", "id": "942", "gold": "C", "pred": "C", "correct": true}
{"task": "hellaswag", "id": "3368", "gold": "C", "pred": "C", "correct": true}
{"task": "hellaswag", "id": "578", "gold": "D", "pred": "C", "correct": false}
{"task": "hellaswag", "id": "9652", "gold": "D", "pred": "D", "correct": true}
{"task": "hellaswag", "id": "6047", "gold": "B", "pred": "B", "correct": true}
{"task": "hellaswag", "id": "2816", "gold": "C", "pred": "D", "correct": false}
{"task": "hellaswag", "id": "3539", "gold": "B", "pred": "B", "correct": true}
{"task": "hellaswag", "id": "5943", "gold": "B", "pred": "B", "correct": true}
{"task": "hellaswag", "id": "9265", "gold": "B", "pred": "A", "correct": false}
{"task": "hellaswag", "id": "6040", "gold": "C", "pred": "C", "correct": true}
{"task": "hellaswag", "id": "9372", "gold": "B", "pred": "B", "correct": true}
{"task": "hellaswag", "id": "4608", "gold": "C", "pred": "A", "correct": false}
{"task": "hellaswag", "id": "5150", "gold": "B", "pred": "B", "correct": true}
{"task": "hellaswag", "id": "9387", "gold": "C", "pred": "C", "correct": true}
{"task": "hellaswag", "id": "1404", "gold": "D", "pred": "D", "correct": true}
{"task": "hellaswag", "id": "7767", "gold": "B", "pred": "B", "correct": true}
{"task": "hellaswag", "id": "2910", "gold": "C", "pred": "C", "correct": true}
{"task": "hellaswag", "id": "7914", "gold": "B", "pred": "B", "correct": true}
{"task": "hellaswag", "id": "9676", "gold": "D", "pred": "D", "correct": true}
{"task": "hellaswag", "id": "7331", "gold": "A", "pred": "B", "correct": false}
{"task": "hellaswag", "id": "2680", "gold": "C", "pred": "C", "correct": true}
{"task": "hellaswag", "id": "2982", "gold": "B", "pred": "B", "correct": true}
{"task": "hellaswag", "id": "2925", "gold": "B", "pred": "D", "correct": false}
{"task": "hellaswag", "id": "8742", "gold": "D", "pred": "D", "correct": true}
{"task": "hellaswag", "id": "5298", "gold": "D", "pred": "D", "correct": true}
{"task": "boolq", "id": "3192", "gold": "yes", "pred": "yes", "correct": true}
{"task": "boolq", "id": "1187", "gold": "no", "pred": "no", "correct": true}
{"task": "boolq", "id": "342", "gold": "yes", "pred": "no", "correct": false}
{"task": "boolq", "id": "69", "gold": "yes", "pred": "yes", "correct": true}
{"task": "boolq", "id": "2424", "gold": "yes", "pred": "yes", "correct": true}
{"task": "boolq", "id": "1256", "gold": "no", "pred": "no", "correct": true}
{"task": "boolq", "id": "1735", "gold": "no", "pred": "no", "correct": true}
{"task": "boolq", "id": "1553", "gold": "no", "pred": "no", "correct": true}
{"task": "boolq", "id": "2171", "gold": "no", "pred": "yes", "correct": false}
{"task": "boolq", "id": "1466", "gold": "yes", "pred": "yes", "correct": true}
{"task": "boolq", "id": "533", "gold": "no", "pred": "no", "correct": true}
{"task": "boolq", "id": "2973", "gold": "yes", "pred": "yes", "correct": true}
{"task": "boolq", "id": "786", "gold": "no", "pred": "no", "correct": true}
{"task": "boolq", "id": "1095", "gold": "yes", "pred": "yes", "correct": true}
{"task": "boolq", "id": "1820", "gold": "yes", "pred": "no", "correct": false}
{"task": "boolq", "id": "57", "gold": "yes", "pred": "yes", "correct": true}
{"task": "boolq", "id": "905", "gold": "yes", "pred": "yes", "correct": true}
{"task": "boolq", "id": "2540", "gold": "no", "pred": "no", "correct": true}
{"task": "boolq", "id": "1863", "gold": "yes", "pred": "yes", "correct": true}
{"task": "boolq", "id": "101", "gold": "no", "pred": "no", "correct": true}
{"task": "boolq", "id": "433", "gold": "no", "pred": "no", "correct": true}
{"task": "boolq", "id": "351", "gold": "no", "pred": "no", "correct": true}
{"task": "boolq", "id": "2908", "gold": "no", "pred": "no", "correct": true}
{"task": "boolq", "id": "2040", "gold": "yes", "pred": "yes", "correct": true}
{"task": "boolq", "id": "1725", "gold": "no", "pred": "yes", "correct": false}
{"task": "boolq", "id": "80", "gold": "no", "pred": "no", "correct": true}
{"task": "boolq", "id": "2099", "gold": "yes", "pred": "yes", "correct": true}
{"task": "boolq", "id": "2570", "gold": "no", "pred": "no", "correct": true}
{"task": "boolq", "id": "3007", "gold": "no", "pred": "no", "correct": true}
{"task": "boolq", "id": "1766", "gold": "yes", "pred": "yes", "correct": true}
{"task": "boolq", "id": "1470", "gold": "no", "pred": "no", "correct": true}
{"task": "boolq", "id": "3157", "gold": "yes", "pred": "yes", "correct": true}
{"task": "boolq", "id": "235", "gold": "no", "pred": "no", "correct": true}
{"task": "boolq", "id": "842", "gold": "yes", "pred": "yes", "correct": true}
{"task": "boolq", "id": "3207", "gold": "no", "pred": "no", "correct": true}
{"task": "boolq", "id": "144", "gold": "no", "pred": "no", "correct": true}
{"task": "boolq", "id": "2413", "gold": "yes", "pred": "yes", "correct": true}
{"task": "boolq", "id": "1511", "gold": "yes", "pred": "yes", "correct": true}
{"task": "boolq", "id": "2694", "gold": "no", "pred": "no", "correct": true}
{"task": "boolq", "id": "704", "gold": "yes", "pred": "yes", "correct": true}
{"task": "boolq", "id": "2543", "gold": "yes", "pred": "yes", "correct": true}
{"task": "boolq", "id": "884", "gold": "no", "pred": "no", "correct": true}
{"task": "boolq", "id": "3011", "gold": "yes", "pred": "yes", "correct": true}
{"task": "boolq", "id": "1485", "gold": "yes", "pred": "yes", "correct": true}
{"task": "boolq", "id": "2316", "gold": "no", "pred": "no", "correct": true}
{"task": "boolq", "id": "3112", "gold": "no", "pred": "no", "correct": true}
{"task": "boolq", "id": "1510", "gold": "yes", "pred": "yes", "correct": true}
{"task": "boolq", "id": "2343", "gold": "yes", "pred": "yes", "correct": true}
{"task": "boolq", "id": "1152", "gold": "yes", "pred": "yes", "correct": true}
{"task": "boolq", "id": "2705", "gold": "yes", "pred": "no", "correct": false}
{
  "mmlu_pro": {
    "accuracy": 0.38,
    "n": 50,
    "seconds": 110.90347862243652,
    "peak_mem_gb": 15.518786430358887
  },
  "pubmedqa": {
    "accuracy": 0.72,
    "n": 50,
    "seconds": 113.5665602684021,
    "peak_mem_gb": 15.464925765991211
  },
  "ceval_computer_network": {
    "accuracy": 0.58,
    "n": 50,
    "seconds": 98.42521262168884,
    "peak_mem_gb": 15.136326789855957
  },
  "sciq": {
    "accuracy": 0.9,
    "n": 50,
    "seconds": 98.31834864616394,
    "peak_mem_gb": 15.113064765930176
  },
  "winogrande": {
    "accuracy": 0.72,
    "n": 50,
    "seconds": 97.71260476112366,
    "peak_mem_gb": 15.082751750946045
  },
  "commonsenseqa": {
    "accuracy": 0.88,
    "n": 50,
    "seconds": 96.91209030151367,
    "peak_mem_gb": 15.102753639221191
  },
  "arc_challenge": {
    "accuracy": 0.9,
    "n": 50,
    "seconds": 97.47516918182373,
    "peak_mem_gb": 15.137755393981934
  },
  "hellaswag": {
    "accuracy": 0.72,
    "n": 50,
    "seconds": 100.02765917778015,
    "peak_mem_gb": 15.248215198516846
  },
  "boolq": {
    "accuracy": 0.9,
    "n": 50,
    "seconds": 99.9228789806366,
    "peak_mem_gb": 15.330631256103516
  }
}
[Wed Jun 10 05:20:36 CST 2026] train nara_choice_noise variant=nara mode=choice_noise steps=150
Loading checkpoint shards:   0%|          | 0/6 [00:00<?, ?it/s]Loading checkpoint shards: 100%|██████████| 6/6 [00:00<00:00, 169.16it/s]
gradient_checkpointing skipped: LLaDAModelLM does not support gradient checkpointing.
trainable params: 10,666,816 || all params: 8,026,248,000 || trainable%: 0.1329
{"step": 1, "loss": 0.004685558378696442, "choice_loss": 0.0005062728887423873, "denoise_loss": 0.027861902490258217, "consistency_loss": 0.0}
{"step": 10, "loss": 0.4702707529067993, "choice_loss": 0.4077858328819275, "denoise_loss": 0.41627824306488037, "consistency_loss": 0.0008635073900222778}
{"step": 20, "loss": 0.06600668281316757, "choice_loss": 0.05687905475497246, "denoise_loss": 0.06084876134991646, "consistency_loss": 6.2075446294329595e-06}
{"step": 30, "loss": 0.8397811651229858, "choice_loss": 0.7276304960250854, "denoise_loss": 0.7475086450576782, "consistency_loss": 0.0004880120977759361}
{"step": 40, "loss": 0.011600097641348839, "choice_loss": 0.009704729542136192, "denoise_loss": 0.012635411694645882, "consistency_loss": 1.1222437024116516e-06}
{"step": 50, "loss": 1.9803892374038696, "choice_loss": 1.716407299041748, "denoise_loss": 1.7597527503967285, "consistency_loss": 0.0003788769245147705}
{"step": 60, "loss": 0.003294419962912798, "choice_loss": 0.002255454659461975, "denoise_loss": 0.006925683468580246, "consistency_loss": 2.255546860396862e-06}
{"step": 70, "loss": 0.002156028524041176, "choice_loss": 0.0017371561843901873, "denoise_loss": 0.0027922051958739758, "consistency_loss": 8.281494956463575e-07}
{"step": 80, "loss": 0.05966015160083771, "choice_loss": 0.051294706761837006, "denoise_loss": 0.05576625093817711, "consistency_loss": 1.0103452950716019e-05}
{"step": 90, "loss": 1.4925825595855713, "choice_loss": 1.2972569465637207, "denoise_loss": 1.3021562099456787, "consistency_loss": 4.310403164708987e-05}
{"step": 100, "loss": 0.00130050303414464, "choice_loss": 0.0009132608538493514, "denoise_loss": 0.002580402884632349, "consistency_loss": 3.6349520087242126e-06}
{"step": 110, "loss": 0.09568348526954651, "choice_loss": 0.08270395547151566, "denoise_loss": 0.08652359247207642, "consistency_loss": 1.987665928027127e-05}
{"step": 120, "loss": 0.7086325287818909, "choice_loss": 0.6157737374305725, "denoise_loss": 0.6188976168632507, "consistency_loss": 0.00048306863754987717}
{"step": 130, "loss": 0.12159400433301926, "choice_loss": 0.10429531335830688, "denoise_loss": 0.11530506610870361, "consistency_loss": 5.857010182808153e-05}
{"step": 140, "loss": 0.0005552490474656224, "choice_loss": 5.149708886165172e-05, "denoise_loss": 0.0033583464100956917, "consistency_loss": 0.0}
{"step": 150, "loss": 0.002263654489070177, "choice_loss": 0.0015043022576719522, "denoise_loss": 0.005062262061983347, "consistency_loss": 2.560438758791861e-07}
[Wed Jun 10 05:27:34 CST 2026] eval nara_choice_noise
Loading checkpoint shards:   0%|          | 0/6 [00:00<?, ?it/s]Loading checkpoint shards: 100%|██████████| 6/6 [00:00<00:00, 160.38it/s]
{"task": "mmlu_pro", "id": "4888", "gold": "H", "pred": "H", "correct": true}
{"task": "mmlu_pro", "id": "1458", "gold": "C", "pred": "I", "correct": false}
{"task": "mmlu_pro", "id": "351", "gold": "H", "pred": "H", "correct": true}
{"task": "mmlu_pro", "id": "9891", "gold": "I", "pred": "I", "correct": true}
{"task": "mmlu_pro", "id": "5167", "gold": "B", "pred": "B", "correct": true}
{"task": "mmlu_pro", "id": "7112", "gold": "G", "pred": "H", "correct": false}
{"task": "mmlu_pro", "id": "6376", "gold": "E", "pred": "E", "correct": true}
{"task": "mmlu_pro", "id": "8872", "gold": "A", "pred": "C", "correct": false}
{"task": "mmlu_pro", "id": "6026", "gold": "A", "pred": "F", "correct": false}
{"task": "mmlu_pro", "id": "2234", "gold": "C", "pred": "I", "correct": false}
{"task": "mmlu_pro", "id": "12119", "gold": "F", "pred": "F", "correct": true}
{"task": "mmlu_pro", "id": "3266", "gold": "J", "pred": "B", "correct": false}
{"task": "mmlu_pro", "id": "4512", "gold": "D", "pred": "D", "correct": true}
{"task": "mmlu_pro", "id": "7463", "gold": "D", "pred": "D", "correct": true}
{"task": "mmlu_pro", "id": "302", "gold": "H", "pred": "H", "correct": true}
{"task": "mmlu_pro", "id": "3744", "gold": "A", "pred": "I", "correct": false}
{"task": "mmlu_pro", "id": "10362", "gold": "A", "pred": "C", "correct": false}
{"task": "mmlu_pro", "id": "7638", "gold": "E", "pred": "E", "correct": true}
{"task": "mmlu_pro", "id": "479", "gold": "B", "pred": "D", "correct": false}
{"task": "mmlu_pro", "id": "1830", "gold": "I", "pred": "A", "correct": false}
{"task": "mmlu_pro", "id": "1496", "gold": "C", "pred": "D", "correct": false}
{"task": "mmlu_pro", "id": "11856", "gold": "I", "pred": "I", "correct": true}
{"task": "mmlu_pro", "id": "8350", "gold": "I", "pred": "I", "correct": true}
{"task": "mmlu_pro", "id": "7071", "gold": "F", "pred": "E", "correct": false}
{"task": "mmlu_pro", "id": "393", "gold": "J", "pred": "J", "correct": true}
{"task": "mmlu_pro", "id": "8585", "gold": "C", "pred": "E", "correct": false}
{"task": "mmlu_pro", "id": "10488", "gold": "D", "pred": "D", "correct": true}
{"task": "mmlu_pro", "id": "12254", "gold": "F", "pred": "F", "correct": true}
{"task": "mmlu_pro", "id": "7239", "gold": "F", "pred": "F", "correct": true}
{"task": "mmlu_pro", "id": "6041", "gold": "B", "pred": "H", "correct": false}
{"task": "mmlu_pro", "id": "1021", "gold": "E", "pred": "H", "correct": false}
{"task": "mmlu_pro", "id": "3489", "gold": "I", "pred": "I", "correct": true}
{"task": "mmlu_pro", "id": "654", "gold": "A", "pred": "D", "correct": false}
{"task": "mmlu_pro", "id": "9843", "gold": "A", "pred": "J", "correct": false}
{"task": "mmlu_pro", "id": "6209", "gold": "I", "pred": "I", "correct": true}
{"task": "mmlu_pro", "id": "10994", "gold": "E", "pred": "B", "correct": false}
{"task": "mmlu_pro", "id": "2934", "gold": "F", "pred": "A", "correct": false}
{"task": "mmlu_pro", "id": "10376", "gold": "A", "pred": "H", "correct": false}
{"task": "mmlu_pro", "id": "3660", "gold": "B", "pred": "F", "correct": false}
{"task": "mmlu_pro", "id": "6104", "gold": "I", "pred": "B", "correct": false}
{"task": "mmlu_pro", "id": "9454", "gold": "I", "pred": "D", "correct": false}
{"task": "mmlu_pro", "id": "6202", "gold": "F", "pred": "G", "correct": false}
{"task": "mmlu_pro", "id": "9561", "gold": "F", "pred": "H", "correct": false}
{"task": "mmlu_pro", "id": "4740", "gold": "C", "pred": "H", "correct": false}
{"task": "mmlu_pro", "id": "11039", "gold": "D", "pred": "J", "correct": false}
{"task": "mmlu_pro", "id": "5292", "gold": "C", "pred": "A", "correct": false}
{"task": "mmlu_pro", "id": "9576", "gold": "B", "pred": "H", "correct": false}
{"task": "mmlu_pro", "id": "1495", "gold": "D", "pred": "H", "correct": false}
{"task": "mmlu_pro", "id": "7950", "gold": "C", "pred": "I", "correct": false}
{"task": "mmlu_pro", "id": "3028", "gold": "D", "pred": "D", "correct": true}
{"task": "pubmedqa", "id": "24098953", "gold": "yes", "pred": "yes", "correct": true}
{"task": "pubmedqa", "id": "25103647", "gold": "maybe", "pred": "yes", "correct": false}
{"task": "pubmedqa", "id": "23972333", "gold": "yes", "pred": "yes", "correct": true}
{"task": "pubmedqa", "id": "10759659", "gold": "yes", "pred": "yes", "correct": true}
{"task": "pubmedqa", "id": "21880023", "gold": "no", "pred": "yes", "correct": false}
{"task": "pubmedqa", "id": "14627582", "gold": "no", "pred": "yes", "correct": false}
{"task": "pubmedqa", "id": "22427593", "gold": "maybe", "pred": "yes", "correct": false}
{"task": "pubmedqa", "id": "17096624", "gold": "yes", "pred": "yes", "correct": true}
{"task": "pubmedqa", "id": "20497146", "gold": "yes", "pred": "yes", "correct": true}
{"task": "pubmedqa", "id": "15939071", "gold": "yes", "pred": "yes", "correct": true}
{"task": "pubmedqa", "id": "17259061", "gold": "yes", "pred": "yes", "correct": true}
{"task": "pubmedqa", "id": "21346501", "gold": "yes", "pred": "yes", "correct": true}
{"task": "pubmedqa", "id": "26818046", "gold": "yes", "pred": "yes", "correct": true}
{"task": "pubmedqa", "id": "26548832", "gold": "yes", "pred": "yes", "correct": true}
{"task": "pubmedqa", "id": "25311479", "gold": "yes", "pred": "yes", "correct": true}
{"task": "pubmedqa", "id": "23088164", "gold": "no", "pred": "no", "correct": true}
{"task": "pubmedqa", "id": "18714572", "gold": "maybe", "pred": "no", "correct": false}
{"task": "pubmedqa", "id": "14551704", "gold": "yes", "pred": "yes", "correct": true}
{"task": "pubmedqa", "id": "20353735", "gold": "no", "pred": "no", "correct": true}
{"task": "pubmedqa", "id": "24866606", "gold": "yes", "pred": "yes", "correct": true}
{"task": "pubmedqa", "id": "22236315", "gold": "no", "pred": "yes", "correct": false}
{"task": "pubmedqa", "id": "12970636", "gold": "no", "pred": "no", "correct": true}
{"task": "pubmedqa", "id": "10490564", "gold": "yes", "pred": "yes", "correct": true}
{"task": "pubmedqa", "id": "9722752", "gold": "yes", "pred": "yes", "correct": true}
{"task": "pubmedqa", "id": "10966943", "gold": "no", "pred": "no", "correct": true}
{"task": "pubmedqa", "id": "27217036", "gold": "yes", "pred": "no", "correct": false}
{"task": "pubmedqa", "id": "19757704", "gold": "yes", "pred": "yes", "correct": true}
{"task": "pubmedqa", "id": "24599411", "gold": "yes", "pred": "yes", "correct": true}
{"task": "pubmedqa", "id": "19419587", "gold": "yes", "pred": "yes", "correct": true}
{"task": "pubmedqa", "id": "10158597", "gold": "yes", "pred": "yes", "correct": true}
{"task": "pubmedqa", "id": "19394934", "gold": "yes", "pred": "no", "correct": false}
{"task": "pubmedqa", "id": "14976655", "gold": "yes", "pred": "yes", "correct": true}
{"task": "pubmedqa", "id": "26175531", "gold": "no", "pred": "no", "correct": true}
{"task": "pubmedqa", "id": "12790890", "gold": "maybe", "pred": "no", "correct": false}
{"task": "pubmedqa", "id": "14631523", "gold": "no", "pred": "no", "correct": true}
{"task": "pubmedqa", "id": "15879722", "gold": "yes", "pred": "yes", "correct": true}
{"task": "pubmedqa", "id": "18319270", "gold": "no", "pred": "no", "correct": true}
{"task": "pubmedqa", "id": "14612308", "gold": "no", "pred": "yes", "correct": false}
{"task": "pubmedqa", "id": "25488308", "gold": "no", "pred": "yes", "correct": false}
{"task": "pubmedqa", "id": "18802997", "gold": "maybe", "pred": "yes", "correct": false}
{"task": "pubmedqa", "id": "8847047", "gold": "no", "pred": "no", "correct": true}
{"task": "pubmedqa", "id": "25255719", "gold": "yes", "pred": "no", "correct": false}
{"task": "pubmedqa", "id": "19852337", "gold": "yes", "pred": "yes", "correct": true}
{"task": "pubmedqa", "id": "2503176", "gold": "yes", "pred": "yes", "correct": true}
{"task": "pubmedqa", "id": "25156467", "gold": "yes", "pred": "yes", "correct": true}
{"task": "pubmedqa", "id": "26485091", "gold": "no", "pred": "no", "correct": true}
{"task": "pubmedqa", "id": "10456814", "gold": "no", "pred": "no", "correct": true}
{"task": "pubmedqa", "id": "23449952", "gold": "no", "pred": "no", "correct": true}
{"task": "pubmedqa", "id": "18948835", "gold": "yes", "pred": "yes", "correct": true}
{"task": "pubmedqa", "id": "17089900", "gold": "yes", "pred": "yes", "correct": true}
{"task": "ceval_computer_network", "id": "74", "gold": "B", "pred": "C", "correct": false}
{"task": "ceval_computer_network", "id": "21", "gold": "C", "pred": "C", "correct": true}
{"task": "ceval_computer_network", "id": "4", "gold": "A", "pred": "A", "correct": true}
{"task": "ceval_computer_network", "id": "151", "gold": "C", "pred": "C", "correct": true}
{"task": "ceval_computer_network", "id": "78", "gold": "D", "pred": "C", "correct": false}
{"task": "ceval_computer_network", "id": "108", "gold": "A", "pred": "A", "correct": true}
{"task": "ceval_computer_network", "id": "97", "gold": "B", "pred": "A", "correct": false}
{"task": "ceval_computer_network", "id": "135", "gold": "A", "pred": "A", "correct": true}
{"task": "ceval_computer_network", "id": "91", "gold": "B", "pred": "A", "correct": false}
{"task": "ceval_computer_network", "id": "33", "gold": "A", "pred": "C", "correct": false}
{"task": "ceval_computer_network", "id": "49", "gold": "B", "pred": "B", "correct": true}
{"task": "ceval_computer_network", "id": "68", "gold": "C", "pred": "C", "correct": true}
{"task": "ceval_computer_network", "id": "113", "gold": "D", "pred": "B", "correct": false}
{"task": "ceval_computer_network", "id": "3", "gold": "C", "pred": "C", "correct": true}
{"task": "ceval_computer_network", "id": "56", "gold": "A", "pred": "A", "correct": true}
{"task": "ceval_computer_network", "id": "116", "gold": "B", "pred": "D", "correct": false}
{"task": "ceval_computer_network", "id": "6", "gold": "C", "pred": "C", "correct": true}
{"task": "ceval_computer_network", "id": "27", "gold": "C", "pred": "A", "correct": false}
{"task": "ceval_computer_network", "id": "169", "gold": "D", "pred": "C", "correct": false}
{"task": "ceval_computer_network", "id": "127", "gold": "B", "pred": "B", "correct": true}
{"task": "ceval_computer_network", "id": "107", "gold": "D", "pred": "C", "correct": false}
{"task": "ceval_computer_network", "id": "5", "gold": "D", "pred": "D", "correct": true}
{"task": "ceval_computer_network", "id": "131", "gold": "A", "pred": "A", "correct": true}
{"task": "ceval_computer_network", "id": "110", "gold": "D", "pred": "D", "correct": true}
{"task": "ceval_computer_network", "id": "162", "gold": "A", "pred": "A", "correct": true}
{"task": "ceval_computer_network", "id": "14", "gold": "B", "pred": "C", "correct": false}
{"task": "ceval_computer_network", "id": "52", "gold": "D", "pred": "D", "correct": true}
{"task": "ceval_computer_network", "id": "9", "gold": "D", "pred": "A", "correct": false}
{"task": "ceval_computer_network", "id": "94", "gold": "B", "pred": "C", "correct": false}
{"task": "ceval_computer_network", "id": "44", "gold": "D", "pred": "D", "correct": true}
{"task": "ceval_computer_network", "id": "55", "gold": "B", "pred": "A", "correct": false}
{"task": "ceval_computer_network", "id": "92", "gold": "B", "pred": "B", "correct": true}
{"task": "ceval_computer_network", "id": "142", "gold": "B", "pred": "B", "correct": true}
{"task": "ceval_computer_network", "id": "72", "gold": "C", "pred": "C", "correct": true}
{"task": "ceval_computer_network", "id": "80", "gold": "D", "pred": "D", "correct": true}
{"task": "ceval_computer_network", "id": "152", "gold": "B", "pred": "B", "correct": true}
{"task": "ceval_computer_network", "id": "121", "gold": "C", "pred": "C", "correct": true}
{"task": "ceval_computer_network", "id": "45", "gold": "A", "pred": "A", "correct": true}
{"task": "ceval_computer_network", "id": "123", "gold": "B", "pred": "B", "correct": true}
{"task": "ceval_computer_network", "id": "114", "gold": "C", "pred": "C", "correct": true}
{"task": "ceval_computer_network", "id": "41", "gold": "A", "pred": "A", "correct": true}
{"task": "ceval_computer_network", "id": "46", "gold": "C", "pred": "C", "correct": true}
{"task": "ceval_computer_network", "id": "133", "gold": "D", "pred": "B", "correct": false}
{"task": "ceval_computer_network", "id": "82", "gold": "D", "pred": "A", "correct": false}
{"task": "ceval_computer_network", "id": "86", "gold": "A", "pred": "B", "correct": false}
{"task": "ceval_computer_network", "id": "104", "gold": "A", "pred": "D", "correct": false}
{"task": "ceval_computer_network", "id": "66", "gold": "B", "pred": "D", "correct": false}
{"task": "ceval_computer_network", "id": "25", "gold": "B", "pred": "A", "correct": false}
{"task": "ceval_computer_network", "id": "170", "gold": "A", "pred": "B", "correct": false}
{"task": "ceval_computer_network", "id": "145", "gold": "A", "pred": "A", "correct": true}
{"task": "sciq", "id": "947", "gold": "C", "pred": "C", "correct": true}
{"task": "sciq", "id": "798", "gold": "B", "pred": "B", "correct": true}
{"task": "sciq", "id": "971", "gold": "B", "pred": "B", "correct": true}
{"task": "sciq", "id": "296", "gold": "D", "pred": "D", "correct": true}
{"task": "sciq", "id": "913", "gold": "D", "pred": "D", "correct": true}
{"task": "sciq", "id": "849", "gold": "A", "pred": "A", "correct": true}
{"task": "sciq", "id": "85", "gold": "A", "pred": "A", "correct": true}
{"task": "sciq", "id": "17", "gold": "B", "pred": "B", "correct": true}
{"task": "sciq", "id": "606", "gold": "B", "pred": "D", "correct": false}
{"task": "sciq", "id": "314", "gold": "B", "pred": "B", "correct": true}
{"task": "sciq", "id": "433", "gold": "B", "pred": "B", "correct": true}
{"task": "sciq", "id": "388", "gold": "D", "pred": "D", "correct": true}
{"task": "sciq", "id": "542", "gold": "C", "pred": "C", "correct": true}
{"task": "sciq", "id": "366", "gold": "A", "pred": "A", "correct": true}
{"task": "sciq", "id": "133", "gold": "D", "pred": "D", "correct": true}
{"task": "sciq", "id": "743", "gold": "D", "pred": "D", "correct": true}
{"task": "sciq", "id": "196", "gold": "C", "pred": "A", "correct": false}
{"task": "sciq", "id": "273", "gold": "C", "pred": "C", "correct": true}
{"task": "sciq", "id": "455", "gold": "A", "pred": "A", "correct": true}
{"task": "sciq", "id": "14", "gold": "D", "pred": "D", "correct": true}
{"task": "sciq", "id": "226", "gold": "A", "pred": "A", "correct": true}
{"task": "sciq", "id": "635", "gold": "D", "pred": "D", "correct": true}
{"task": "sciq", "id": "465", "gold": "C", "pred": "C", "correct": true}
{"task": "sciq", "id": "923", "gold": "A", "pred": "A", "correct": true}
{"task": "sciq", "id": "25", "gold": "C", "pred": "D", "correct": false}
{"task": "sciq", "id": "108", "gold": "C", "pred": "C", "correct": true}
{"task": "sciq", "id": "87", "gold": "B", "pred": "B", "correct": true}
{"task": "sciq", "id": "727", "gold": "D", "pred": "D", "correct": true}
{"task": "sciq", "id": "510", "gold": "D", "pred": "D", "correct": true}
{"task": "sciq", "id": "431", "gold": "A", "pred": "A", "correct": true}
{"task": "sciq", "id": "20", "gold": "D", "pred": "D", "correct": true}
{"task": "sciq", "id": "524", "gold": "C", "pred": "C", "correct": true}
{"task": "sciq", "id": "642", "gold": "A", "pred": "B", "correct": false}
{"task": "sciq", "id": "751", "gold": "D", "pred": "A", "correct": false}
{"task": "sciq", "id": "441", "gold": "B", "pred": "B", "correct": true}
{"task": "sciq", "id": "367", "gold": "B", "pred": "B", "correct": true}
{"task": "sciq", "id": "789", "gold": "C", "pred": "C", "correct": true}
{"task": "sciq", "id": "58", "gold": "D", "pred": "D", "correct": true}
{"task": "sciq", "id": "210", "gold": "B", "pred": "B", "correct": true}
{"task": "sciq", "id": "801", "gold": "C", "pred": "C", "correct": true}
{"task": "sciq", "id": "36", "gold": "B", "pred": "D", "correct": false}
{"task": "sciq", "id": "603", "gold": "A", "pred": "A", "correct": true}
{"task": "sciq", "id": "377", "gold": "A", "pred": "A", "correct": true}
{"task": "sciq", "id": "673", "gold": "D", "pred": "D", "correct": true}
{"task": "sciq", "id": "176", "gold": "A", "pred": "A", "correct": true}
{"task": "sciq", "id": "221", "gold": "B", "pred": "B", "correct": true}
{"task": "sciq", "id": "994", "gold": "C", "pred": "C", "correct": true}
{"task": "sciq", "id": "752", "gold": "B", "pred": "B", "correct": true}
{"task": "sciq", "id": "371", "gold": "C", "pred": "C", "correct": true}
{"task": "sciq", "id": "579", "gold": "A", "pred": "A", "correct": true}
{"task": "winogrande", "id": "593", "gold": "A", "pred": "B", "correct": false}
{"task": "winogrande", "id": "171", "gold": "A", "pred": "A", "correct": true}
{"task": "winogrande", "id": "34", "gold": "B", "pred": "B", "correct": true}
{"task": "winogrande", "id": "1212", "gold": "B", "pred": "B", "correct": true}
{"task": "winogrande", "id": "628", "gold": "A", "pred": "B", "correct": false}
{"task": "winogrande", "id": "867", "gold": "A", "pred": "A", "correct": true}
{"task": "winogrande", "id": "776", "gold": "A", "pred": "A", "correct": true}
{"task": "winogrande", "id": "1085", "gold": "A", "pred": "B", "correct": false}
{"task": "winogrande", "id": "733", "gold": "A", "pred": "A", "correct": true}
{"task": "winogrande", "id": "266", "gold": "B", "pred": "B", "correct": true}
{"task": "winogrande", "id": "393", "gold": "B", "pred": "B", "correct": true}
{"task": "winogrande", "id": "547", "gold": "A", "pred": "A", "correct": true}
{"task": "winogrande", "id": "910", "gold": "A", "pred": "A", "correct": true}
{"task": "winogrande", "id": "28", "gold": "A", "pred": "A", "correct": true}
{"task": "winogrande", "id": "452", "gold": "A", "pred": "A", "correct": true}
{"task": "winogrande", "id": "931", "gold": "B", "pred": "A", "correct": false}
{"task": "winogrande", "id": "50", "gold": "A", "pred": "A", "correct": true}
{"task": "winogrande", "id": "216", "gold": "A", "pred": "A", "correct": true}
{"task": "winogrande", "id": "175", "gold": "B", "pred": "B", "correct": true}
{"task": "winogrande", "id": "1020", "gold": "B", "pred": "A", "correct": false}
{"task": "winogrande", "id": "862", "gold": "A", "pred": "A", "correct": true}
{"task": "winogrande", "id": "40", "gold": "A", "pred": "A", "correct": true}
{"task": "winogrande", "id": "1049", "gold": "A", "pred": "B", "correct": false}
{"task": "winogrande", "id": "883", "gold": "B", "pred": "B", "correct": true}
{"task": "winogrande", "id": "735", "gold": "B", "pred": "B", "correct": true}
{"task": "winogrande", "id": "117", "gold": "B", "pred": "B", "correct": true}
{"task": "winogrande", "id": "421", "gold": "B", "pred": "B", "correct": true}
{"task": "winogrande", "id": "72", "gold": "A", "pred": "A", "correct": true}
{"task": "winogrande", "id": "1206", "gold": "A", "pred": "A", "correct": true}
{"task": "winogrande", "id": "755", "gold": "A", "pred": "A", "correct": true}
{"task": "winogrande", "id": "352", "gold": "B", "pred": "A", "correct": false}
{"task": "winogrande", "id": "442", "gold": "B", "pred": "A", "correct": false}
{"task": "winogrande", "id": "742", "gold": "A", "pred": "B", "correct": false}
{"task": "winogrande", "id": "1158", "gold": "B", "pred": "B", "correct": true}
{"task": "winogrande", "id": "1171", "gold": "B", "pred": "B", "correct": true}
{"task": "winogrande", "id": "576", "gold": "A", "pred": "A", "correct": true}
{"task": "winogrande", "id": "643", "gold": "A", "pred": "B", "correct": false}
{"task": "winogrande", "id": "1173", "gold": "B", "pred": "B", "correct": true}
{"task": "winogrande", "id": "970", "gold": "A", "pred": "A", "correct": true}
{"task": "winogrande", "id": "363", "gold": "A", "pred": "A", "correct": true}
{"task": "winogrande", "id": "989", "gold": "A", "pred": "A", "correct": true}
{"task": "winogrande", "id": "1209", "gold": "B", "pred": "B", "correct": true}
{"task": "winogrande", "id": "916", "gold": "A", "pred": "A", "correct": true}
{"task": "winogrande", "id": "335", "gold": "A", "pred": "A", "correct": true}
{"task": "winogrande", "id": "372", "gold": "B", "pred": "B", "correct": true}
{"task": "winogrande", "id": "365", "gold": "B", "pred": "B", "correct": true}
{"task": "winogrande", "id": "1092", "gold": "B", "pred": "A", "correct": false}
{"task": "winogrande", "id": "662", "gold": "A", "pred": "B", "correct": false}
{"task": "winogrande", "id": "1065", "gold": "B", "pred": "B", "correct": true}
{"task": "winogrande", "id": "400", "gold": "B", "pred": "B", "correct": true}
{"task": "commonsenseqa", "id": "8b25332de2894ab38784235838d38cec", "gold": "E", "pred": "E", "correct": true}
{"task": "commonsenseqa", "id": "8ea5720718c0e122efa6277edb511569", "gold": "D", "pred": "D", "correct": true}
{"task": "commonsenseqa", "id": "4acd496cc78d96c2431279a5fd87de7c", "gold": "E", "pred": "E", "correct": true}
{"task": "commonsenseqa", "id": "01794dde3ca2991615f1aa2f63fb22e3", "gold": "E", "pred": "E", "correct": true}
{"task": "commonsenseqa", "id": "41bab71fea3fa04e5a4e10a2f86996df", "gold": "E", "pred": "E", "correct": true}
{"task": "commonsenseqa", "id": "c7ce02d9365fe9275f88338ad51cbde6", "gold": "A", "pred": "A", "correct": true}
{"task": "commonsenseqa", "id": "c9f7d07e6d363a99f5fadd68a4dfa35a", "gold": "B", "pred": "B", "correct": true}
{"task": "commonsenseqa", "id": "29c194d032a266a7160bff6f546a4d9d", "gold": "D", "pred": "D", "correct": true}
{"task": "commonsenseqa", "id": "32d5b7fcae24f0d4871cfb219c5a4b47", "gold": "C", "pred": "C", "correct": true}
{"task": "commonsenseqa", "id": "46351b3a6beb694c5f623583a3b1473d", "gold": "B", "pred": "B", "correct": true}
{"task": "commonsenseqa", "id": "5a50ea4bb2d13dc4f620ebd45025d445", "gold": "E", "pred": "E", "correct": true}
{"task": "commonsenseqa", "id": "5c2bc4335c8860342ec2d568ceb6ac6b", "gold": "C", "pred": "E", "correct": false}
{"task": "commonsenseqa", "id": "b3dc6d6a5e2f9d7da8eb72816c80b3f8_1", "gold": "A", "pred": "A", "correct": true}
{"task": "commonsenseqa", "id": "9889e5389917d812c09d6e5d382d333d", "gold": "B", "pred": "B", "correct": true}
{"task": "commonsenseqa", "id": "4ef3d70648ee3cea028bc5ed0fdfda28", "gold": "C", "pred": "C", "correct": true}
{"task": "commonsenseqa", "id": "359aed918343d228e67cef329b693904", "gold": "C", "pred": "C", "correct": true}
{"task": "commonsenseqa", "id": "011096bcfff30fd38046cf9db3a411c5", "gold": "C", "pred": "C", "correct": true}
{"task": "commonsenseqa", "id": "0f2377604e628c55ba588366139396b9", "gold": "E", "pred": "D", "correct": false}
{"task": "commonsenseqa", "id": "900492bd731f8f615ed7c08155737d44", "gold": "E", "pred": "E", "correct": true}
{"task": "commonsenseqa", "id": "0b52cc905fff0ca69a45e6353d10e401", "gold": "D", "pred": "D", "correct": true}
{"task": "commonsenseqa", "id": "6f48ee564a48293eb501cc0d8197bdd9", "gold": "C", "pred": "B", "correct": false}
{"task": "commonsenseqa", "id": "ba640b9634ad6b4ad98b17b4f152e562", "gold": "B", "pred": "B", "correct": true}
{"task": "commonsenseqa", "id": "5d4233146435ab0ca211e8ac9bfce76f", "gold": "A", "pred": "A", "correct": true}
{"task": "commonsenseqa", "id": "bd773d64f4e22db2358c6e00cbdf2d83", "gold": "A", "pred": "A", "correct": true}
{"task": "commonsenseqa", "id": "ef3d5d35128678937c36438466e0fc93", "gold": "E", "pred": "E", "correct": true}
{"task": "commonsenseqa", "id": "9dffd2021771e0ecddb19031acf3701b", "gold": "C", "pred": "B", "correct": false}
{"task": "commonsenseqa", "id": "8b3b598a647dfd2d63fcedce5f461040", "gold": "A", "pred": "A", "correct": true}
{"task": "commonsenseqa", "id": "821b32d39f57396979069b948030afe9", "gold": "D", "pred": "D", "correct": true}
{"task": "commonsenseqa", "id": "8f2976690c83be6b8fa3a1196dfd9722", "gold": "E", "pred": "E", "correct": true}
{"task": "commonsenseqa", "id": "66bfb6e209c94e6be5b0d04b0c7e2064", "gold": "C", "pred": "C", "correct": true}
{"task": "commonsenseqa", "id": "0bf4d64ad0eee7224acb3a4eb85accb2", "gold": "B", "pred": "B", "correct": true}
{"task": "commonsenseqa", "id": "ec86900559a0faf2aef066e511a4cfa6", "gold": "B", "pred": "B", "correct": true}
{"task": "commonsenseqa", "id": "7c45033e9fd9f1a759923971b14390ed", "gold": "E", "pred": "E", "correct": true}
{"task": "commonsenseqa", "id": "0f7425ecbe369bf41a230aab92d84132", "gold": "B", "pred": "C", "correct": false}
{"task": "commonsenseqa", "id": "42520bf3f93f8de23670044e019001a3", "gold": "E", "pred": "E", "correct": true}
{"task": "commonsenseqa", "id": "07fd8b0aed06406fedb137d11b07a890", "gold": "D", "pred": "C", "correct": false}
{"task": "commonsenseqa", "id": "3eb397b96b6c3a245c81ab30205943f1", "gold": "C", "pred": "C", "correct": true}
{"task": "commonsenseqa", "id": "ed50555f8db2b8f66caf9868dcd7e13b", "gold": "A", "pred": "A", "correct": true}
{"task": "commonsenseqa", "id": "ec224c1dbfb569cce7ec317fe987ae68", "gold": "B", "pred": "A", "correct": false}
{"task": "commonsenseqa", "id": "42c46e28baf0fc617a07419286178c0a", "gold": "E", "pred": "E", "correct": true}
{"task": "commonsenseqa", "id": "cf8e30dd6956d03e3f0f0397112a8696", "gold": "A", "pred": "A", "correct": true}
{"task": "commonsenseqa", "id": "549cf641318edfc0510fa7c7dbb359e1", "gold": "C", "pred": "C", "correct": true}
{"task": "commonsenseqa", "id": "5c171b9837af49211891ce40e4a10204", "gold": "D", "pred": "D", "correct": true}
{"task": "commonsenseqa", "id": "303aedda3a5ab8d853cbe4edc4b914c6", "gold": "C", "pred": "C", "correct": true}
{"task": "commonsenseqa", "id": "1d8d9e3504c8c58a3b923ddc155c19b0", "gold": "B", "pred": "B", "correct": true}
{"task": "commonsenseqa", "id": "8b23cd355ffc8b6e7aa5459ffb21b4e0", "gold": "B", "pred": "E", "correct": false}
{"task": "commonsenseqa", "id": "d78baca23e0a636a8961e17119047e63", "gold": "C", "pred": "C", "correct": true}
{"task": "commonsenseqa", "id": "a5dcac512870e79f5aa2b22dbd662404", "gold": "B", "pred": "B", "correct": true}
{"task": "commonsenseqa", "id": "c7526b682e64f355384631b35cd78fc9", "gold": "B", "pred": "B", "correct": true}
{"task": "commonsenseqa", "id": "1ef68db97654f30cd3701b942fadc934", "gold": "B", "pred": "B", "correct": true}
{"task": "arc_challenge", "id": "593", "gold": "A", "pred": "A", "correct": true}
{"task": "arc_challenge", "id": "171", "gold": "D", "pred": "D", "correct": true}
{"task": "arc_challenge", "id": "34", "gold": "A", "pred": "A", "correct": true}
{"task": "arc_challenge", "id": "628", "gold": "C", "pred": "C", "correct": true}
{"task": "arc_challenge", "id": "867", "gold": "C", "pred": "C", "correct": true}
{"task": "arc_challenge", "id": "776", "gold": "A", "pred": "A", "correct": true}
{"task": "arc_challenge", "id": "1085", "gold": "A", "pred": "A", "correct": true}
{"task": "arc_challenge", "id": "733", "gold": "C", "pred": "C", "correct": true}
{"task": "arc_challenge", "id": "266", "gold": "A", "pred": "A", "correct": true}
{"task": "arc_challenge", "id": "393", "gold": "B", "pred": "B", "correct": true}
{"task": "arc_challenge", "id": "547", "gold": "C", "pred": "C", "correct": true}
{"task": "arc_challenge", "id": "910", "gold": "D", "pred": "D", "correct": true}
{"task": "arc_challenge", "id": "28", "gold": "C", "pred": "C", "correct": true}
{"task": "arc_challenge", "id": "452", "gold": "D", "pred": "B", "correct": false}
{"task": "arc_challenge", "id": "931", "gold": "B", "pred": "C", "correct": false}
{"task": "arc_challenge", "id": "50", "gold": "D", "pred": "D", "correct": true}
{"task": "arc_challenge", "id": "216", "gold": "D", "pred": "D", "correct": true}
{"task": "arc_challenge", "id": "175", "gold": "A", "pred": "B", "correct": false}
{"task": "arc_challenge", "id": "1020", "gold": "C", "pred": "C", "correct": true}
{"task": "arc_challenge", "id": "862", "gold": "D", "pred": "D", "correct": true}
{"task": "arc_challenge", "id": "40", "gold": "C", "pred": "C", "correct": true}
{"task": "arc_challenge", "id": "1049", "gold": "A", "pred": "A", "correct": true}
{"task": "arc_challenge", "id": "883", "gold": "C", "pred": "C", "correct": true}
{"task": "arc_challenge", "id": "735", "gold": "D", "pred": "B", "correct": false}
{"task": "arc_challenge", "id": "117", "gold": "C", "pred": "C", "correct": true}
{"task": "arc_challenge", "id": "421", "gold": "C", "pred": "C", "correct": true}
{"task": "arc_challenge", "id": "72", "gold": "B", "pred": "B", "correct": true}
{"task": "arc_challenge", "id": "755", "gold": "D", "pred": "D", "correct": true}
{"task": "arc_challenge", "id": "352", "gold": "D", "pred": "D", "correct": true}
{"task": "arc_challenge", "id": "442", "gold": "A", "pred": "A", "correct": true}
{"task": "arc_challenge", "id": "742", "gold": "B", "pred": "B", "correct": true}
{"task": "arc_challenge", "id": "1158", "gold": "A", "pred": "A", "correct": true}
{"task": "arc_challenge", "id": "1171", "gold": "A", "pred": "A", "correct": true}
{"task": "arc_challenge", "id": "576", "gold": "A", "pred": "A", "correct": true}
{"task": "arc_challenge", "id": "643", "gold": "B", "pred": "B", "correct": true}
{"task": "arc_challenge", "id": "970", "gold": "A", "pred": "A", "correct": true}
{"task": "arc_challenge", "id": "363", "gold": "A", "pred": "A", "correct": true}
{"task": "arc_challenge", "id": "989", "gold": "D", "pred": "D", "correct": true}
{"task": "arc_challenge", "id": "916", "gold": "B", "pred": "B", "correct": true}
{"task": "arc_challenge", "id": "335", "gold": "D", "pred": "D", "correct": true}
{"task": "arc_challenge", "id": "372", "gold": "B", "pred": "B", "correct": true}
{"task": "arc_challenge", "id": "365", "gold": "B", "pred": "B", "correct": true}
{"task": "arc_challenge", "id": "1092", "gold": "B", "pred": "B", "correct": true}
{"task": "arc_challenge", "id": "662", "gold": "C", "pred": "C", "correct": true}
{"task": "arc_challenge", "id": "1065", "gold": "C", "pred": "B", "correct": false}
{"task": "arc_challenge", "id": "400", "gold": "C", "pred": "C", "correct": true}
{"task": "arc_challenge", "id": "234", "gold": "C", "pred": "C", "correct": true}
{"task": "arc_challenge", "id": "168", "gold": "A", "pred": "A", "correct": true}
{"task": "arc_challenge", "id": "201", "gold": "C", "pred": "C", "correct": true}
{"task": "arc_challenge", "id": "872", "gold": "C", "pred": "C", "correct": true}
{"task": "hellaswag", "id": "4749", "gold": "B", "pred": "B", "correct": true}
{"task": "hellaswag", "id": "1368", "gold": "A", "pred": "A", "correct": true}
{"task": "hellaswag", "id": "279", "gold": "A", "pred": "D", "correct": false}
{"task": "hellaswag", "id": "9699", "gold": "C", "pred": "D", "correct": false}
{"task": "hellaswag", "id": "5025", "gold": "C", "pred": "C", "correct": true}
{"task": "hellaswag", "id": "6942", "gold": "C", "pred": "B", "correct": false}
{"task": "hellaswag", "id": "6212", "gold": "B", "pred": "B", "correct": true}
{"task": "hellaswag", "id": "8684", "gold": "B", "pred": "C", "correct": false}
{"task": "hellaswag", "id": "5866", "gold": "B", "pred": "B", "correct": true}
{"task": "hellaswag", "id": "2134", "gold": "B", "pred": "B", "correct": true}
{"task": "hellaswag", "id": "3145", "gold": "D", "pred": "D", "correct": true}
{"task": "hellaswag", "id": "4380", "gold": "A", "pred": "C", "correct": false}
{"task": "hellaswag", "id": "7283", "gold": "B", "pred": "D", "correct": false}
{"task": "hellaswag", "id": "230", "gold": "B", "pred": "D", "correct": false}
{"task": "hellaswag", "id": "3621", "gold": "A", "pred": "B", "correct": false}
{"task": "hellaswag", "id": "7455", "gold": "D", "pred": "D", "correct": true}
{"task": "hellaswag", "id": "405", "gold": "C", "pred": "C", "correct": true}
{"task": "hellaswag", "id": "1735", "gold": "A", "pred": "B", "correct": false}
{"task": "hellaswag", "id": "1405", "gold": "C", "pred": "A", "correct": false}
{"task": "hellaswag", "id": "8163", "gold": "A", "pred": "A", "correct": true}
{"task": "hellaswag", "id": "6901", "gold": "B", "pred": "B", "correct": true}
{"task": "hellaswag", "id": "320", "gold": "D", "pred": "D", "correct": true}
{"task": "hellaswag", "id": "8398", "gold": "B", "pred": "B", "correct": true}
{"task": "hellaswag", "id": "7066", "gold": "A", "pred": "A", "correct": true}
{"task": "hellaswag", "id": "5881", "gold": "A", "pred": "A", "correct": true}
{"task": "hellaswag", "id": "942", "gold": "C", "pred": "C", "correct": true}
{"task": "hellaswag", "id": "3368", "gold": "C", "pred": "C", "correct": true}
{"task": "hellaswag", "id": "578", "gold": "D", "pred": "C", "correct": false}
{"task": "hellaswag", "id": "9652", "gold": "D", "pred": "D", "correct": true}
{"task": "hellaswag", "id": "6047", "gold": "B", "pred": "B", "correct": true}
{"task": "hellaswag", "id": "2816", "gold": "C", "pred": "D", "correct": false}
{"task": "hellaswag", "id": "3539", "gold": "B", "pred": "B", "correct": true}
{"task": "hellaswag", "id": "5943", "gold": "B", "pred": "B", "correct": true}
{"task": "hellaswag", "id": "9265", "gold": "B", "pred": "A", "correct": false}
{"task": "hellaswag", "id": "6040", "gold": "C", "pred": "C", "correct": true}
{"task": "hellaswag", "id": "9372", "gold": "B", "pred": "B", "correct": true}
{"task": "hellaswag", "id": "4608", "gold": "C", "pred": "A", "correct": false}
{"task": "hellaswag", "id": "5150", "gold": "B", "pred": "B", "correct": true}
{"task": "hellaswag", "id": "9387", "gold": "C", "pred": "C", "correct": true}
{"task": "hellaswag", "id": "1404", "gold": "D", "pred": "D", "correct": true}
{"task": "hellaswag", "id": "7767", "gold": "B", "pred": "B", "correct": true}
{"task": "hellaswag", "id": "2910", "gold": "C", "pred": "C", "correct": true}
{"task": "hellaswag", "id": "7914", "gold": "B", "pred": "B", "correct": true}
{"task": "hellaswag", "id": "9676", "gold": "D", "pred": "D", "correct": true}
{"task": "hellaswag", "id": "7331", "gold": "A", "pred": "C", "correct": false}
{"task": "hellaswag", "id": "2680", "gold": "C", "pred": "C", "correct": true}
{"task": "hellaswag", "id": "2982", "gold": "B", "pred": "B", "correct": true}
{"task": "hellaswag", "id": "2925", "gold": "B", "pred": "D", "correct": false}
{"task": "hellaswag", "id": "8742", "gold": "D", "pred": "D", "correct": true}
{"task": "hellaswag", "id": "5298", "gold": "D", "pred": "D", "correct": true}
{"task": "boolq", "id": "3192", "gold": "yes", "pred": "yes", "correct": true}
{"task": "boolq", "id": "1187", "gold": "no", "pred": "no", "correct": true}
{"task": "boolq", "id": "342", "gold": "yes", "pred": "no", "correct": false}
{"task": "boolq", "id": "69", "gold": "yes", "pred": "yes", "correct": true}
{"task": "boolq", "id": "2424", "gold": "yes", "pred": "yes", "correct": true}
{"task": "boolq", "id": "1256", "gold": "no", "pred": "no", "correct": true}
{"task": "boolq", "id": "1735", "gold": "no", "pred": "no", "correct": true}
{"task": "boolq", "id": "1553", "gold": "no", "pred": "no", "correct": true}
{"task": "boolq", "id": "2171", "gold": "no", "pred": "yes", "correct": false}
{"task": "boolq", "id": "1466", "gold": "yes", "pred": "yes", "correct": true}
{"task": "boolq", "id": "533", "gold": "no", "pred": "no", "correct": true}
{"task": "boolq", "id": "2973", "gold": "yes", "pred": "yes", "correct": true}
{"task": "boolq", "id": "786", "gold": "no", "pred": "no", "correct": true}
{"task": "boolq", "id": "1095", "gold": "yes", "pred": "yes", "correct": true}
{"task": "boolq", "id": "1820", "gold": "yes", "pred": "no", "correct": false}
{"task": "boolq", "id": "57", "gold": "yes", "pred": "yes", "correct": true}
{"task": "boolq", "id": "905", "gold": "yes", "pred": "yes", "correct": true}
{"task": "boolq", "id": "2540", "gold": "no", "pred": "no", "correct": true}
{"task": "boolq", "id": "1863", "gold": "yes", "pred": "yes", "correct": true}
{"task": "boolq", "id": "101", "gold": "no", "pred": "no", "correct": true}
{"task": "boolq", "id": "433", "gold": "no", "pred": "no", "correct": true}
{"task": "boolq", "id": "351", "gold": "no", "pred": "no", "correct": true}
{"task": "boolq", "id": "2908", "gold": "no", "pred": "no", "correct": true}
{"task": "boolq", "id": "2040", "gold": "yes", "pred": "yes", "correct": true}
{"task": "boolq", "id": "1725", "gold": "no", "pred": "yes", "correct": false}
{"task": "boolq", "id": "80", "gold": "no", "pred": "no", "correct": true}
{"task": "boolq", "id": "2099", "gold": "yes", "pred": "yes", "correct": true}
{"task": "boolq", "id": "2570", "gold": "no", "pred": "no", "correct": true}
{"task": "boolq", "id": "3007", "gold": "no", "pred": "no", "correct": true}
{"task": "boolq", "id": "1766", "gold": "yes", "pred": "yes", "correct": true}
{"task": "boolq", "id": "1470", "gold": "no", "pred": "no", "correct": true}
{"task": "boolq", "id": "3157", "gold": "yes", "pred": "yes", "correct": true}
{"task": "boolq", "id": "235", "gold": "no", "pred": "no", "correct": true}
{"task": "boolq", "id": "842", "gold": "yes", "pred": "yes", "correct": true}
{"task": "boolq", "id": "3207", "gold": "no", "pred": "no", "correct": true}
{"task": "boolq", "id": "144", "gold": "no", "pred": "no", "correct": true}
{"task": "boolq", "id": "2413", "gold": "yes", "pred": "yes", "correct": true}
{"task": "boolq", "id": "1511", "gold": "yes", "pred": "yes", "correct": true}
{"task": "boolq", "id": "2694", "gold": "no", "pred": "no", "correct": true}
{"task": "boolq", "id": "704", "gold": "yes", "pred": "yes", "correct": true}
{"task": "boolq", "id": "2543", "gold": "yes", "pred": "yes", "correct": true}
{"task": "boolq", "id": "884", "gold": "no", "pred": "no", "correct": true}
{"task": "boolq", "id": "3011", "gold": "yes", "pred": "yes", "correct": true}
{"task": "boolq", "id": "1485", "gold": "yes", "pred": "yes", "correct": true}
{"task": "boolq", "id": "2316", "gold": "no", "pred": "no", "correct": true}
{"task": "boolq", "id": "3112", "gold": "no", "pred": "no", "correct": true}
{"task": "boolq", "id": "1510", "gold": "yes", "pred": "yes", "correct": true}
{"task": "boolq", "id": "2343", "gold": "yes", "pred": "yes", "correct": true}
{"task": "boolq", "id": "1152", "gold": "yes", "pred": "yes", "correct": true}
{"task": "boolq", "id": "2705", "gold": "yes", "pred": "no", "correct": false}
{
  "mmlu_pro": {
    "accuracy": 0.38,
    "n": 50,
    "seconds": 110.35488843917847,
    "peak_mem_gb": 15.518786430358887
  },
  "pubmedqa": {
    "accuracy": 0.74,
    "n": 50,
    "seconds": 113.90046072006226,
    "peak_mem_gb": 15.464925765991211
  },
  "ceval_computer_network": {
    "accuracy": 0.58,
    "n": 50,
    "seconds": 98.1487832069397,
    "peak_mem_gb": 15.136326789855957
  },
  "sciq": {
    "accuracy": 0.88,
    "n": 50,
    "seconds": 96.38832879066467,
    "peak_mem_gb": 15.113064765930176
  },
  "winogrande": {
    "accuracy": 0.76,
    "n": 50,
    "seconds": 95.70680046081543,
    "peak_mem_gb": 15.082751750946045
  },
  "commonsenseqa": {
    "accuracy": 0.84,
    "n": 50,
    "seconds": 95.56984043121338,
    "peak_mem_gb": 15.102753639221191
  },
  "arc_challenge": {
    "accuracy": 0.9,
    "n": 50,
    "seconds": 97.46264696121216,
    "peak_mem_gb": 15.137755393981934
  },
  "hellaswag": {
    "accuracy": 0.68,
    "n": 50,
    "seconds": 98.98835563659668,
    "peak_mem_gb": 15.248215198516846
  },
  "boolq": {
    "accuracy": 0.9,
    "n": 50,
    "seconds": 99.32815074920654,
    "peak_mem_gb": 15.330631256103516
  }
}
{
  "macro_rows": [
    {
      "method": "llada_vanilla_lora_fixed32",
      "tasks": 9,
      "total_correct": 335,
      "total_n": 450,
      "macro_accuracy": 0.7444444444444445,
      "micro_accuracy": 0.7444444444444445,
      "status": "complete"
    },
    {
      "method": "llada_nara_vanilla_fixed32",
      "tasks": 9,
      "total_correct": 335,
      "total_n": 450,
      "macro_accuracy": 0.7444444444444445,
      "micro_accuracy": 0.7444444444444445,
      "status": "complete"
    },
    {
      "method": "llada_loraplus_vanilla_fixed32",
      "tasks": 9,
      "total_correct": 334,
      "total_n": 450,
      "macro_accuracy": 0.7422222222222223,
      "micro_accuracy": 0.7422222222222222,
      "status": "complete"
    },
    {
      "method": "llada_vanilla_lora_controller",
      "tasks": 9,
      "total_correct": 334,
      "total_n": 450,
      "macro_accuracy": 0.7422222222222222,
      "micro_accuracy": 0.7422222222222222,
      "status": "complete"
    },
    {
      "method": "llada_nara_choice_noise_fixed32",
      "tasks": 9,
      "total_correct": 333,
      "total_n": 450,
      "macro_accuracy": 0.74,
      "micro_accuracy": 0.74,
      "status": "complete"
    },
    {
      "method": "llada_choice_noise_lora_fixed32",
      "tasks": 9,
      "total_correct": 332,
      "total_n": 450,
      "macro_accuracy": 0.7377777777777778,
      "micro_accuracy": 0.7377777777777778,
      "status": "complete"
    },
    {
      "method": "llada_rslora_vanilla_fixed32",
      "tasks": 9,
      "total_correct": 331,
      "total_n": 450,
      "macro_accuracy": 0.7355555555555555,
      "micro_accuracy": 0.7355555555555555,
      "status": "complete"
    },
    {
      "method": "llada_dora_vanilla_fixed32",
      "tasks": 9,
      "total_correct": 330,
      "total_n": 450,
      "macro_accuracy": 0.7333333333333333,
      "micro_accuracy": 0.7333333333333333,
      "status": "complete"
    },
    {
      "method": "llada_base_fixed32",
      "tasks": 9,
      "total_correct": 325,
      "total_n": 450,
      "macro_accuracy": 0.7222222222222222,
      "micro_accuracy": 0.7222222222222222,
      "status": "complete"
    },
    {
      "method": "llada_nara_r32_vanilla_fixed32",
      "status": "missing"
    },
    {
      "method": "llada_nara_r32_choice_noise_fixed32",
      "status": "missing"
    },
    {
      "method": "llada_nara_official_targets_vanilla_fixed32",
      "status": "missing"
    },
    {
      "method": "llada_nara_official_targets_choice_noise_fixed32",
      "status": "missing"
    }
  ]
}
[Wed Jun 10 05:46:05 CST 2026] external LoRA baseline queue done
